  0
SECTION
  2
HEADER
  9
$ACADVER
  1
AC1006
  9
$EXTMIN
 10
0.000000
 20
0.000000
 30
0.000000
  9
$EXTMAX
 10
1032.000000
 20
1102.000000
 30
0.000000
  0
ENDSEC
  0
SECTION
  2
ENTITIES
  0
POLYLINE
  8
0
 66
1
 70
1
  0
VERTEX
  8
0
 10
470.600131
 20
1085.977228
 42
0.065264
  0
VERTEX
  8
0
 10
451.216448
 20
1078.265035
 42
0.068090
  0
VERTEX
  8
0
 10
434.783151
 20
1065.901966
 42
0.066741
  0
VERTEX
  8
0
 10
422.019208
 20
1049.338456
 42
0.058913
  0
VERTEX
  8
0
 10
413.413386
 20
1029.296586
 42
0.017323
  0
VERTEX
  8
0
 10
412.028150
 20
1023.944237
 42
0.024635
  0
VERTEX
  8
0
 10
411.200121
 20
1019.101603
 42
0.018128
  0
VERTEX
  8
0
 10
410.705053
 20
1013.210273
 42
0.005114
  0
VERTEX
  8
0
 10
410.360848
 20
1004.000000
 42
-0.003425
  0
VERTEX
  8
0
 10
409.897670
 20
990.372676
 42
-0.031700
  0
VERTEX
  8
0
 10
409.284190
 20
984.506706
 42
-0.072625
  0
VERTEX
  8
0
 10
408.097401
 20
980.834386
 42
-0.065835
  0
VERTEX
  8
0
 10
405.880748
 20
977.516961
 42
-0.058523
  0
VERTEX
  8
0
 10
401.363282
 20
973.446864
 42
-0.072911
  0
VERTEX
  8
0
 10
396.333314
 20
970.886292
 42
-0.034535
  0
VERTEX
  8
0
 10
388.324549
 20
968.787793
 42
-0.004174
  0
VERTEX
  8
0
 10
370.382507
 20
965.543773
 42
0.005113
  0
VERTEX
  8
0
 10
338.876051
 20
959.786108
 42
0.010024
  0
VERTEX
  8
0
 10
313.944613
 20
954.445457
 42
0.011353
  0
VERTEX
  8
0
 10
291.397575
 20
948.597466
 42
0.009213
  0
VERTEX
  8
0
 10
267.500000
 20
941.338219
 42
0.017955
  0
VERTEX
  8
0
 10
234.739029
 20
929.407752
 42
0.014420
  0
VERTEX
  8
0
 10
200.391730
 20
914.316363
 42
0.014474
  0
VERTEX
  8
0
 10
169.766563
 20
898.691664
 42
0.041206
  0
VERTEX
  8
0
 10
149.793591
 20
885.517945
 42
0.022750
  0
VERTEX
  8
0
 10
147.069984
 20
883.172493
 42
0.030825
  0
VERTEX
  8
0
 10
144.850677
 20
880.803280
 42
0.031811
  0
VERTEX
  8
0
 10
142.992795
 20
878.241768
 42
0.026872
  0
VERTEX
  8
0
 10
141.357783
 20
875.319973
 42
0.022585
  0
VERTEX
  8
0
 10
139.711772
 20
871.546095
 42
0.054930
  0
VERTEX
  8
0
 10
138.942795
 20
868.612647
 42
0.035968
  0
VERTEX
  8
0
 10
138.666606
 20
864.923067
 42
0.005413
  0
VERTEX
  8
0
 10
138.726092
 20
857.500000
 42
-0.033399
  0
VERTEX
  8
0
 10
138.183477
 20
846.188899
 42
-0.141481
  0
VERTEX
  8
0
 10
135.595913
 20
839.996430
 42
-0.066917
  0
VERTEX
  8
0
 10
129.250418
 20
833.962189
 42
-0.003798
  0
VERTEX
  8
0
 10
107.173913
 20
818.233881
 42
0.005857
  0
VERTEX
  8
0
 10
88.636484
 20
804.911570
 42
0.041710
  0
VERTEX
  8
0
 10
80.317472
 20
797.641221
 42
0.091376
  0
VERTEX
  8
0
 10
76.378523
 20
791.719281
 42
0.101522
  0
VERTEX
  8
0
 10
75.000000
 20
785.000000
 42
0.108670
  0
VERTEX
  8
0
 10
76.719171
 20
777.183345
 42
0.122882
  0
VERTEX
  8
0
 10
81.525606
 20
771.209392
 42
0.047497
  0
VERTEX
  8
0
 10
92.097360
 20
764.672156
 42
0.004796
  0
VERTEX
  8
0
 10
118.777279
 20
751.807308
 42
-0.115132
  0
VERTEX
  8
0
 10
123.517808
 20
748.059610
 42
-0.146265
  0
VERTEX
  8
0
 10
125.588146
 20
742.907735
 42
-0.053548
  0
VERTEX
  8
0
 10
125.447715
 20
733.763282
 42
-0.005054
  0
VERTEX
  8
0
 10
122.481371
 20
711.500000
 42
0.009584
  0
VERTEX
  8
0
 10
120.111216
 20
692.390597
 42
0.054579
  0
VERTEX
  8
0
 10
120.160464
 20
682.167569
 42
0.114715
  0
VERTEX
  8
0
 10
122.376486
 20
675.948466
 42
0.130497
  0
VERTEX
  8
0
 10
127.034018
 20
671.691105
 42
0.044997
  0
VERTEX
  8
0
 10
129.220092
 20
670.789745
 42
0.050528
  0
VERTEX
  8
0
 10
131.448922
 20
670.337527
 42
0.033873
  0
VERTEX
  8
0
 10
134.365866
 20
670.245656
 42
0.008984
  0
VERTEX
  8
0
 10
139.019555
 20
670.498150
 42
-0.008701
  0
VERTEX
  8
0
 10
142.411921
 20
670.684140
 42
-0.010943
  0
VERTEX
  8
0
 10
145.558435
 20
670.732869
 42
-0.009210
  0
VERTEX
  8
0
 10
148.182413
 20
670.667731
 42
-0.080968
  0
VERTEX
  8
0
 10
149.315945
 20
670.432255
 42
-0.110388
  0
VERTEX
  8
0
 10
150.152467
 20
669.876636
 42
-0.025621
  0
VERTEX
  8
0
 10
151.264191
 20
668.592053
 42
-0.025225
  0
VERTEX
  8
0
 10
152.419017
 20
666.945778
 42
-0.022355
  0
VERTEX
  8
0
 10
153.453143
 20
665.125210
 42
0.043907
  0
VERTEX
  8
0
 10
156.053692
 20
660.973870
 42
0.049745
  0
VERTEX
  8
0
 10
159.244600
 20
657.526597
 42
0.028925
  0
VERTEX
  8
0
 10
164.288583
 20
653.557047
 42
0.005465
  0
VERTEX
  8
0
 10
173.975366
 20
646.958489
 42
-0.010112
  0
VERTEX
  8
0
 10
183.202422
 20
640.546753
 42
-0.021267
  0
VERTEX
  8
0
 10
190.041689
 20
635.127925
 42
-0.026155
  0
VERTEX
  8
0
 10
195.407392
 20
629.978206
 42
-0.028921
  0
VERTEX
  8
0
 10
200.017124
 20
624.458573
 42
-0.092321
  0
VERTEX
  8
0
 10
211.939258
 20
600.019552
 42
-0.058910
  0
VERTEX
  8
0
 10
216.742533
 20
568.675975
 42
-0.054066
  0
VERTEX
  8
0
 10
214.191003
 20
534.093132
 42
-0.050482
  0
VERTEX
  8
0
 10
204.297169
 20
500.013948
 42
-0.019375
  0
VERTEX
  8
0
 10
198.063747
 20
486.136773
 42
-0.012199
  0
VERTEX
  8
0
 10
189.772850
 20
470.416201
 42
-0.010782
  0
VERTEX
  8
0
 10
179.513281
 20
452.957200
 42
-0.007606
  0
VERTEX
  8
0
 10
167.268207
 20
433.771099
 42
-0.010732
  0
VERTEX
  8
0
 10
159.297072
 20
422.237117
 42
-0.096206
  0
VERTEX
  8
0
 10
154.828411
 20
418.050827
 42
-0.232293
  0
VERTEX
  8
0
 10
150.870716
 20
417.635844
 42
-0.095967
  0
VERTEX
  8
0
 10
146.137423
 20
420.494811
 42
0.037071
  0
VERTEX
  8
0
 10
142.344431
 20
423.442246
 42
0.050877
  0
VERTEX
  8
0
 10
138.524168
 20
425.454624
 42
0.052522
  0
VERTEX
  8
0
 10
134.474584
 20
426.611278
 42
0.043344
  0
VERTEX
  8
0
 10
129.998875
 20
427.000000
 42
0.067884
  0
VERTEX
  8
0
 10
124.606066
 20
426.264439
 42
0.064109
  0
VERTEX
  8
0
 10
119.493204
 20
424.107792
 42
0.050054
  0
VERTEX
  8
0
 10
114.114377
 20
420.208771
 42
0.022267
  0
VERTEX
  8
0
 10
107.831699
 20
414.094890
 42
-0.005624
  0
VERTEX
  8
0
 10
103.024157
 20
409.094464
 42
-0.050161
  0
VERTEX
  8
0
 10
100.681252
 20
407.146652
 42
-0.098994
  0
VERTEX
  8
0
 10
98.635535
 20
406.291380
 42
-0.050966
  0
VERTEX
  8
0
 10
95.861200
 20
406.021962
 42
-0.037587
  0
VERTEX
  8
0
 10
93.866506
 20
406.182227
 42
-0.020564
  0
VERTEX
  8
0
 10
91.459227
 20
406.661277
 42
-0.020390
  0
VERTEX
  8
0
 10
89.040928
 20
407.352304
 42
-0.030463
  0
VERTEX
  8
0
 10
87.000000
 20
408.167512
 42
0.105012
  0
VERTEX
  8
0
 10
77.806598
 20
410.336245
 42
0.121365
  0
VERTEX
  8
0
 10
69.040007
 20
408.383780
 42
0.111637
  0
VERTEX
  8
0
 10
61.654736
 20
402.374337
 42
0.079007
  0
VERTEX
  8
0
 10
56.439240
 20
393.000000
 42
0.061680
  0
VERTEX
  8
0
 10
55.031413
 20
386.900026
 42
0.015356
  0
VERTEX
  8
0
 10
54.284091
 20
376.667884
 42
0.016426
  0
VERTEX
  8
0
 10
54.182479
 20
365.798435
 42
0.029107
  0
VERTEX
  8
0
 10
54.913662
 20
356.868608
 42
0.045099
  0
VERTEX
  8
0
 10
64.484373
 20
315.999025
 42
0.041575
  0
VERTEX
  8
0
 10
81.412453
 20
276.322534
 42
0.039562
  0
VERTEX
  8
0
 10
105.598394
 20
238.208900
 42
0.033356
  0
VERTEX
  8
0
 10
136.798278
 20
202.000000
 42
0.004214
  0
VERTEX
  8
0
 10
142.307108
 20
196.501564
 42
0.004323
  0
VERTEX
  8
0
 10
147.861556
 20
191.143750
 42
0.004191
  0
VERTEX
  8
0
 10
152.759254
 20
186.577842
 42
0.018144
  0
VERTEX
  8
0
 10
155.784689
 20
184.000000
 42
-0.013951
  0
VERTEX
  8
0
 10
158.800712
 20
181.473514
 42
-0.003407
  0
VERTEX
  8
0
 10
163.624025
 20
177.139500
 42
-0.003489
  0
VERTEX
  8
0
 10
169.086204
 20
172.093563
 42
-0.003473
  0
VERTEX
  8
0
 10
174.485830
 20
166.964257
 42
0.002514
  0
VERTEX
  8
0
 10
179.835008
 20
161.863332
 42
0.002645
  0
VERTEX
  8
0
 10
185.145837
 20
156.902598
 42
0.002531
  0
VERTEX
  8
0
 10
189.771348
 20
152.670815
 42
0.011877
  0
VERTEX
  8
0
 10
192.500000
 20
150.315186
 42
0.018475
  0
VERTEX
  8
0
 10
223.992028
 20
126.301976
 42
0.019433
  0
VERTEX
  8
0
 10
256.656028
 20
105.103748
 42
0.018878
  0
VERTEX
  8
0
 10
291.739096
 20
85.981355
 42
0.015532
  0
VERTEX
  8
0
 10
330.500000
 20
68.194028
 42
0.021449
  0
VERTEX
  8
0
 10
374.261277
 20
51.907920
 42
0.020233
  0
VERTEX
  8
0
 10
420.111404
 20
39.073956
 42
0.021129
  0
VERTEX
  8
0
 10
462.417852
 20
30.928134
 42
0.049720
  0
VERTEX
  8
0
 10
494.500000
 20
29.367525
 42
0.033599
  0
VERTEX
  8
0
 10
533.852293
 20
34.029801
 42
0.021819
  0
VERTEX
  8
0
 10
578.481202
 20
44.419590
 42
0.021112
  0
VERTEX
  8
0
 10
624.118020
 20
59.269046
 42
0.023610
  0
VERTEX
  8
0
 10
666.628415
 20
77.443260
 42
0.005931
  0
VERTEX
  8
0
 10
690.136797
 20
89.180756
 42
0.010153
  0
VERTEX
  8
0
 10
709.426092
 20
99.599810
 42
0.010596
  0
VERTEX
  8
0
 10
727.696026
 20
110.470653
 42
0.007240
  0
VERTEX
  8
0
 10
748.000000
 20
123.554190
 42
0.041207
  0
VERTEX
  8
0
 10
812.954764
 20
174.937061
 42
0.045396
  0
VERTEX
  8
0
 10
866.326429
 20
234.763798
 42
0.049486
  0
VERTEX
  8
0
 10
903.754821
 20
297.372167
 42
0.079614
  0
VERTEX
  8
0
 10
920.959883
 20
356.973766
 42
0.022268
  0
VERTEX
  8
0
 10
922.027647
 20
370.704926
 42
0.039666
  0
VERTEX
  8
0
 10
921.504309
 20
382.021421
 42
0.047974
  0
VERTEX
  8
0
 10
919.383666
 20
391.443750
 42
0.063044
  0
VERTEX
  8
0
 10
915.607160
 20
399.399935
 42
0.061716
  0
VERTEX
  8
0
 10
910.535171
 20
405.515700
 42
0.112537
  0
VERTEX
  8
0
 10
904.969641
 20
408.784251
 42
0.107654
  0
VERTEX
  8
0
 10
898.360958
 20
409.396669
 42
0.053279
  0
VERTEX
  8
0
 10
890.114386
 20
407.478541
 42
-0.030729
  0
VERTEX
  8
0
 10
882.804499
 20
405.427486
 42
-0.127151
  0
VERTEX
  8
0
 10
878.257960
 20
405.613224
 42
-0.106655
  0
VERTEX
  8
0
 10
873.948699
 20
408.002645
 42
-0.018456
  0
VERTEX
  8
0
 10
867.123553
 20
414.433904
 42
0.015696
  0
VERTEX
  8
0
 10
860.848780
 20
420.412275
 42
0.048259
  0
VERTEX
  8
0
 10
856.125463
 20
423.880632
 42
0.064430
  0
VERTEX
  8
0
 10
851.641488
 20
425.820212
 42
0.048748
  0
VERTEX
  8
0
 10
846.362065
 20
426.792662
 42
0.044464
  0
VERTEX
  8
0
 10
841.630358
 20
426.773100
 42
0.060285
  0
VERTEX
  8
0
 10
837.457469
 20
425.868715
 42
0.057884
  0
VERTEX
  8
0
 10
833.495972
 20
423.957577
 42
0.037089
  0
VERTEX
  8
0
 10
829.392654
 20
420.907093
 42
-0.033537
  0
VERTEX
  8
0
 10
826.039555
 20
418.377197
 42
-0.091896
  0
VERTEX
  8
0
 10
823.313273
 20
417.237231
 42
-0.121553
  0
VERTEX
  8
0
 10
820.831224
 20
417.309606
 42
-0.085191
  0
VERTEX
  8
0
 10
818.291015
 20
418.508719
 42
-0.095286
  0
VERTEX
  8
0
 10
812.590156
 20
424.390418
 42
-0.006349
  0
VERTEX
  8
0
 10
799.907776
 20
444.303924
 42
-0.010057
  0
VERTEX
  8
0
 10
787.157493
 20
465.853081
 42
-0.016121
  0
VERTEX
  8
0
 10
777.254894
 20
484.784898
 42
-0.020813
  0
VERTEX
  8
0
 10
768.326699
 20
505.435835
 42
-0.030429
  0
VERTEX
  8
0
 10
762.368066
 20
524.322503
 42
-0.032081
  0
VERTEX
  8
0
 10
758.956543
 20
543.003200
 42
-0.027333
  0
VERTEX
  8
0
 10
757.718346
 20
563.000000
 42
-0.011814
  0
VERTEX
  8
0
 10
757.906746
 20
574.460081
 42
-0.019720
  0
VERTEX
  8
0
 10
758.672721
 20
584.074825
 42
-0.022761
  0
VERTEX
  8
0
 10
760.069925
 20
592.494437
 42
-0.026815
  0
VERTEX
  8
0
 10
762.174980
 20
600.295007
 42
-0.043005
  0
VERTEX
  8
0
 10
768.125146
 20
614.245554
 42
-0.049306
  0
VERTEX
  8
0
 10
776.156019
 20
626.301157
 42
-0.045955
  0
VERTEX
  8
0
 10
786.896224
 20
637.200938
 42
-0.030418
  0
VERTEX
  8
0
 10
801.000000
 20
647.704246
 42
0.013669
  0
VERTEX
  8
0
 10
808.131712
 20
652.653035
 42
0.030700
  0
VERTEX
  8
0
 10
813.187656
 20
656.871520
 42
0.039208
  0
VERTEX
  8
0
 10
816.853249
 20
660.920889
 42
0.046135
  0
VERTEX
  8
0
 10
819.622799
 20
665.288591
 42
-0.048292
  0
VERTEX
  8
0
 10
821.887264
 20
668.825978
 42
-0.108681
  0
VERTEX
  8
0
 10
824.334137
 20
670.838703
 42
-0.119965
  0
VERTEX
  8
0
 10
827.234270
 20
671.527089
 42
-0.066396
  0
VERTEX
  8
0
 10
830.859330
 20
671.022393
 42
0.040667
  0
VERTEX
  8
0
 10
835.222388
 20
670.184905
 42
0.041834
  0
VERTEX
  8
0
 10
839.621798
 20
670.076065
 42
0.045025
  0
VERTEX
  8
0
 10
843.603160
 20
670.673203
 42
0.077325
  0
VERTEX
  8
0
 10
846.695666
 20
671.955997
 42
0.132563
  0
VERTEX
  8
0
 10
851.703699
 20
677.228719
 42
0.114185
  0
VERTEX
  8
0
 10
853.738019
 20
684.617087
 42
0.047777
  0
VERTEX
  8
0
 10
853.061779
 20
697.085515
 42
0.006415
  0
VERTEX
  8
0
 10
848.806570
 20
723.041581
 42
-0.007807
  0
VERTEX
  8
0
 10
846.814820
 20
735.406409
 42
-0.040083
  0
VERTEX
  8
0
 10
846.371093
 20
742.333015
 42
-0.078442
  0
VERTEX
  8
0
 10
847.146380
 20
746.777165
 42
-0.123496
  0
VERTEX
  8
0
 10
849.242139
 20
750.010960
 42
-0.060008
  0
VERTEX
  8
0
 10
850.811947
 20
751.155894
 42
-0.003866
  0
VERTEX
  8
0
 10
855.781850
 20
753.887422
 42
-0.005602
  0
VERTEX
  8
0
 10
861.781637
 20
757.038562
 42
-0.004142
  0
VERTEX
  8
0
 10
868.485793
 20
760.394620
 42
0.006781
  0
VERTEX
  8
0
 10
880.723569
 20
766.601778
 42
0.032735
  0
VERTEX
  8
0
 10
887.377932
 20
770.667061
 42
0.058318
  0
VERTEX
  8
0
 10
891.410564
 20
774.278559
 42
0.074527
  0
VERTEX
  8
0
 10
894.120336
 20
778.458630
 42
0.042364
  0
VERTEX
  8
0
 10
895.426597
 20
782.131581
 42
0.064074
  0
VERTEX
  8
0
 10
895.862690
 20
785.492241
 42
0.064263
  0
VERTEX
  8
0
 10
895.433433
 20
788.846577
 42
0.042907
  0
VERTEX
  8
0
 10
894.135369
 20
792.500000
 42
0.079100
  0
VERTEX
  8
0
 10
891.502326
 20
796.475182
 42
0.030149
  0
VERTEX
  8
0
 10
886.707304
 20
801.102687
 42
0.018229
  0
VERTEX
  8
0
 10
878.896696
 20
807.301963
 42
0.004389
  0
VERTEX
  8
0
 10
865.500000
 20
816.980835
 42
-0.001246
  0
VERTEX
  8
0
 10
849.359191
 20
828.488575
 42
-0.012319
  0
VERTEX
  8
0
 10
842.706468
 20
833.509366
 42
-0.030065
  0
VERTEX
  8
0
 10
838.942877
 20
836.885944
 42
-0.048738
  0
VERTEX
  8
0
 10
836.235511
 20
840.219983
 42
-0.035597
  0
VERTEX
  8
0
 10
834.686518
 20
842.966766
 42
-0.065040
  0
VERTEX
  8
0
 10
833.897081
 20
845.410917
 42
-0.038017
  0
VERTEX
  8
0
 10
833.540522
 20
848.745650
 42
-0.005606
  0
VERTEX
  8
0
 10
833.409475
 20
855.531494
 42
0.037497
  0
VERTEX
  8
0
 10
832.437055
 20
867.212291
 42
0.118086
  0
VERTEX
  8
0
 10
829.445610
 20
874.426085
 42
0.086669
  0
VERTEX
  8
0
 10
822.959817
 20
880.711465
 42
0.014671
  0
VERTEX
  8
0
 10
808.362266
 20
890.015815
 42
-0.002744
  0
VERTEX
  8
0
 10
795.098510
 20
898.031676
 42
-0.010644
  0
VERTEX
  8
0
 10
787.015577
 20
903.216938
 42
-0.013482
  0
VERTEX
  8
0
 10
781.827864
 20
906.909784
 42
-0.108879
  0
VERTEX
  8
0
 10
779.937667
 20
909.116470
 42
0.159971
  0
VERTEX
  8
0
 10
776.222192
 20
912.663055
 42
0.004375
  0
VERTEX
  8
0
 10
755.648111
 20
922.252155
 42
0.009821
  0
VERTEX
  8
0
 10
733.815277
 20
931.683075
 42
0.013891
  0
VERTEX
  8
0
 10
714.000000
 20
939.149064
 42
0.012566
  0
VERTEX
  8
0
 10
693.578057
 20
945.632698
 42
0.008091
  0
VERTEX
  8
0
 10
669.612510
 20
952.164977
 42
0.008024
  0
VERTEX
  8
0
 10
645.058178
 20
958.014690
 42
0.011026
  0
VERTEX
  8
0
 10
622.797830
 20
962.429299
 42
-0.001135
  0
VERTEX
  8
0
 10
591.668176
 20
967.965236
 42
-0.018954
  0
VERTEX
  8
0
 10
581.420068
 20
970.215711
 42
-0.060547
  0
VERTEX
  8
0
 10
575.823088
 20
972.418935
 42
-0.079239
  0
VERTEX
  8
0
 10
571.466550
 20
975.759131
 42
-0.056143
  0
VERTEX
  8
0
 10
568.468604
 20
979.732582
 42
-0.084820
  0
VERTEX
  8
0
 10
566.925145
 20
983.772148
 42
-0.039473
  0
VERTEX
  8
0
 10
566.195600
 20
989.988286
 42
-0.004235
  0
VERTEX
  8
0
 10
565.768051
 20
1004.500000
 42
0.003094
  0
VERTEX
  8
0
 10
565.443439
 20
1016.443965
 42
0.015732
  0
VERTEX
  8
0
 10
565.012544
 20
1023.082250
 42
0.026887
  0
VERTEX
  8
0
 10
564.291124
 20
1027.854253
 42
0.027242
  0
VERTEX
  8
0
 10
563.063840
 20
1032.500000
 42
0.053896
  0
VERTEX
  8
0
 10
554.970745
 20
1050.601722
 42
0.062110
  0
VERTEX
  8
0
 10
543.498745
 20
1065.624370
 42
0.063202
  0
VERTEX
  8
0
 10
528.877563
 20
1077.168211
 42
0.058988
  0
VERTEX
  8
0
 10
511.500000
 20
1085.017278
 42
0.046779
  0
VERTEX
  8
0
 10
502.629412
 20
1086.935065
 42
0.023995
  0
VERTEX
  8
0
 10
491.270707
 20
1087.748004
 42
0.023981
  0
VERTEX
  8
0
 10
479.811469
 20
1087.467358
 42
0.044000
  0
SEQEND
  0
POLYLINE
  8
0
 66
1
 70
1
  0
VERTEX
  8
0
 10
500.212487
 20
1048.020303
 42
-0.061216
  0
VERTEX
  8
0
 10
507.276882
 20
1044.337720
 42
-0.062134
  0
VERTEX
  8
0
 10
513.199913
 20
1039.069861
 42
-0.060919
  0
VERTEX
  8
0
 10
517.739587
 20
1032.406845
 42
-0.055028
  0
VERTEX
  8
0
 10
520.729191
 20
1024.617013
 42
-0.014656
  0
VERTEX
  8
0
 10
521.600197
 20
1020.849426
 42
-0.041277
  0
VERTEX
  8
0
 10
521.911232
 20
1018.165560
 42
-0.042230
  0
VERTEX
  8
0
 10
521.773797
 20
1015.501340
 42
-0.015926
  0
VERTEX
  8
0
 10
521.150013
 20
1011.818839
 42
-0.106703
  0
VERTEX
  8
0
 10
514.957849
 20
997.659134
 42
-0.117929
  0
VERTEX
  8
0
 10
503.650098
 20
987.916740
 42
-0.118144
  0
VERTEX
  8
0
 10
489.175341
 20
984.356104
 42
-0.107369
  0
VERTEX
  8
0
 10
474.096417
 20
987.537218
 42
-0.098895
  0
VERTEX
  8
0
 10
464.311165
 20
994.507977
 42
-0.096421
  0
VERTEX
  8
0
 10
457.848670
 20
1004.760687
 42
-0.094327
  0
VERTEX
  8
0
 10
455.615998
 20
1016.887563
 42
-0.090022
  0
VERTEX
  8
0
 10
457.928049
 20
1029.202251
 42
-0.064437
  0
VERTEX
  8
0
 10
461.378029
 20
1035.610863
 42
-0.053926
  0
VERTEX
  8
0
 10
466.534087
 20
1041.369028
 42
-0.052862
  0
VERTEX
  8
0
 10
472.919105
 20
1045.996495
 42
-0.056362
  0
VERTEX
  8
0
 10
480.000000
 20
1049.064873
 42
-0.058994
  0
VERTEX
  8
0
 10
484.290828
 20
1049.838807
 42
-0.028066
  0
VERTEX
  8
0
 10
489.911384
 20
1049.864004
 42
-0.028003
  0
VERTEX
  8
0
 10
495.616027
 20
1049.247662
 42
-0.048698
  0
SEQEND
  0
POLYLINE
  8
0
 66
1
 70
1
  0
VERTEX
  8
0
 10
556.500000
 20
947.536530
 42
-0.015166
  0
VERTEX
  8
0
 10
605.173457
 20
941.559511
 42
-0.017871
  0
VERTEX
  8
0
 10
650.776683
 20
932.871613
 42
-0.018931
  0
VERTEX
  8
0
 10
693.119878
 20
921.523475
 42
-0.022607
  0
VERTEX
  8
0
 10
732.000000
 20
907.554826
 42
-0.017918
  0
VERTEX
  8
0
 10
756.375679
 20
896.494834
 42
-0.016705
  0
VERTEX
  8
0
 10
780.485212
 20
883.473855
 42
-0.012411
  0
VERTEX
  8
0
 10
800.973617
 20
870.815695
 42
-0.142204
  0
VERTEX
  8
0
 10
807.091458
 20
863.698617
 42
-0.157291
  0
VERTEX
  8
0
 10
807.330833
 20
861.635340
 42
-0.021575
  0
VERTEX
  8
0
 10
806.289363
 20
857.373419
 42
-0.013722
  0
VERTEX
  8
0
 10
804.103352
 20
850.555130
 42
-0.002458
  0
VERTEX
  8
0
 10
799.615465
 20
837.972768
 42
0.001301
  0
VERTEX
  8
0
 10
792.341928
 20
817.728535
 42
0.001358
  0
VERTEX
  8
0
 10
785.277357
 20
797.732277
 42
0.001011
  0
VERTEX
  8
0
 10
779.221033
 20
780.327722
 42
0.010974
  0
VERTEX
  8
0
 10
776.946827
 20
773.250000
 42
-0.019243
  0
VERTEX
  8
0
 10
776.393765
 20
771.621708
 42
-0.028562
  0
VERTEX
  8
0
 10
775.775516
 20
770.248438
 42
-0.027752
  0
VERTEX
  8
0
 10
775.173948
 20
769.234829
 42
-0.249940
  0
VERTEX
  8
0
 10
774.733523
 20
769.000000
 42
-0.119849
  0
VERTEX
  8
0
 10
774.069467
 20
769.161493
 42
-0.002129
  0
VERTEX
  8
0
 10
770.789748
 20
770.874708
 42
-0.005203
  0
VERTEX
  8
0
 10
766.980509
 20
772.936183
 42
-0.003431
  0
VERTEX
  8
0
 10
762.641811
 20
775.381984
 42
0.023922
  0
VERTEX
  8
0
 10
724.836008
 20
794.697556
 42
0.026406
  0
VERTEX
  8
0
 10
686.565715
 20
809.616398
 42
0.025209
  0
VERTEX
  8
0
 10
645.399565
 20
820.943024
 42
0.018536
  0
VERTEX
  8
0
 10
598.844284
 20
829.464055
 42
0.013260
  0
VERTEX
  8
0
 10
566.316327
 20
833.301846
 42
0.010770
  0
VERTEX
  8
0
 10
531.291127
 20
835.735947
 42
0.010552
  0
VERTEX
  8
0
 10
495.351335
 20
836.697293
 42
0.011155
  0
VERTEX
  8
0
 10
460.064291
 20
836.109031
 42
0.004672
  0
VERTEX
  8
0
 10
437.786347
 20
835.031690
 42
0.004564
  0
VERTEX
  8
0
 10
415.358420
 20
833.531447
 42
0.004768
  0
VERTEX
  8
0
 10
395.131491
 20
831.798698
 42
0.011047
  0
VERTEX
  8
0
 10
380.000000
 20
830.018850
 42
0.014329
  0
VERTEX
  8
0
 10
346.423345
 20
824.329952
 42
0.015002
  0
VERTEX
  8
0
 10
313.742598
 20
816.798761
 42
0.015459
  0
VERTEX
  8
0
 10
282.571871
 20
807.584874
 42
0.017874
  0
VERTEX
  8
0
 10
253.526786
 20
796.848456
 42
0.013741
  0
VERTEX
  8
0
 10
242.713214
 20
792.054478
 42
0.006166
  0
VERTEX
  8
0
 10
228.764412
 20
785.193779
 42
0.006152
  0
VERTEX
  8
0
 10
215.042086
 20
778.019389
 42
0.014358
  0
VERTEX
  8
0
 10
205.000000
 20
772.232822
 42
-0.008422
  0
VERTEX
  8
0
 10
202.460186
 20
770.728864
 42
-0.013014
  0
VERTEX
  8
0
 10
200.211950
 20
769.524600
 42
-0.007311
  0
VERTEX
  8
0
 10
198.314366
 20
768.605363
 42
-0.246394
  0
VERTEX
  8
0
 10
197.827916
 20
768.628085
 42
-0.159892
  0
VERTEX
  8
0
 10
197.483848
 20
769.017339
 42
-0.005688
  0
VERTEX
  8
0
 10
196.704064
 20
770.885715
 42
-0.010000
  0
VERTEX
  8
0
 10
195.841392
 20
773.150042
 42
-0.006781
  0
VERTEX
  8
0
 10
194.945816
 20
775.760862
 42
0.005148
  0
VERTEX
  8
0
 10
191.315368
 20
786.458194
 42
0.000926
  0
VERTEX
  8
0
 10
184.314228
 20
806.292422
 42
0.001071
  0
VERTEX
  8
0
 10
176.922490
 20
826.969691
 42
0.002269
  0
VERTEX
  8
0
 10
171.089346
 20
842.949414
 42
-0.004439
  0
VERTEX
  8
0
 10
168.756695
 20
849.426749
 42
-0.006151
  0
VERTEX
  8
0
 10
166.788746
 20
855.277168
 42
-0.003972
  0
VERTEX
  8
0
 10
165.239807
 20
860.210238
 42
-0.074210
  0
VERTEX
  8
0
 10
165.000000
 20
861.817061
 42
-0.210245
  0
VERTEX
  8
0
 10
167.222916
 20
866.869876
 42
-0.032170
  0
VERTEX
  8
0
 10
175.990378
 20
873.924650
 42
-0.026787
  0
VERTEX
  8
0
 10
189.347266
 20
882.293043
 42
-0.011476
  0
VERTEX
  8
0
 10
208.000000
 20
892.079404
 42
-0.031287
  0
VERTEX
  8
0
 10
260.552169
 20
914.154304
 42
-0.025532
  0
VERTEX
  8
0
 10
319.120667
 20
931.254241
 42
-0.024180
  0
VERTEX
  8
0
 10
382.504496
 20
943.093885
 42
-0.021281
  0
VERTEX
  8
0
 10
449.500000
 20
949.393738
 42
-0.014664
  0
VERTEX
  8
0
 10
468.061939
 20
949.799889
 42
-0.002477
  0
VERTEX
  8
0
 10
503.542481
 20
949.359850
 42
-0.002380
  0
VERTEX
  8
0
 10
539.029117
 20
948.574927
 42
-0.016247
  0
SEQEND
  0
POLYLINE
  8
0
 66
1
 70
1
  0
VERTEX
  8
0
 10
173.698616
 20
810.488566
 42
-0.001151
  0
VERTEX
  8
0
 10
176.836951
 20
801.739628
 42
-0.000830
  0
VERTEX
  8
0
 10
180.299415
 20
791.965391
 42
-0.000838
  0
VERTEX
  8
0
 10
183.560675
 20
782.660601
 42
-0.001819
  0
VERTEX
  8
0
 10
186.027755
 20
775.500000
 42
0.006655
  0
VERTEX
  8
0
 10
188.102364
 20
769.662449
 42
0.009478
  0
VERTEX
  8
0
 10
190.111575
 20
764.539062
 42
0.005975
  0
VERTEX
  8
0
 10
191.918619
 20
760.319667
 42
0.125182
  0
VERTEX
  8
0
 10
192.758529
 20
759.250000
 42
0.149832
  0
VERTEX
  8
0
 10
195.503308
 20
758.221175
 42
0.021394
  0
VERTEX
  8
0
 10
201.581997
 20
758.109383
 42
0.017227
  0
VERTEX
  8
0
 10
210.429027
 20
758.630565
 42
0.005548
  0
VERTEX
  8
0
 10
223.500000
 20
760.000000
 42
-0.004731
  0
VERTEX
  8
0
 10
235.692999
 20
761.297591
 42
-0.013824
  0
VERTEX
  8
0
 10
244.130866
 20
761.880001
 42
-0.010730
  0
VERTEX
  8
0
 10
250.137928
 20
761.999014
 42
-0.413731
  0
VERTEX
  8
0
 10
251.000000
 20
761.135520
 42
-0.280009
  0
VERTEX
  8
0
 10
250.702539
 20
760.646003
 42
-0.001463
  0
VERTEX
  8
0
 10
245.492188
 20
757.961182
 42
-0.005757
  0
VERTEX
  8
0
 10
239.438417
 20
754.951574
 42
-0.003548
  0
VERTEX
  8
0
 10
232.250000
 20
751.543213
 42
0.011267
  0
VERTEX
  8
0
 10
211.246140
 20
741.184199
 42
0.016423
  0
VERTEX
  8
0
 10
193.268511
 20
731.043914
 42
0.015817
  0
VERTEX
  8
0
 10
175.504790
 20
719.455353
 42
0.009448
  0
VERTEX
  8
0
 10
155.098803
 20
704.621725
 42
-0.003347
  0
VERTEX
  8
0
 10
150.667550
 20
701.317144
 42
-0.005199
  0
VERTEX
  8
0
 10
146.797372
 20
698.532632
 42
-0.001773
  0
VERTEX
  8
0
 10
143.433430
 20
696.182831
 42
-0.152719
  0
VERTEX
  8
0
 10
142.848803
 20
696.000000
 42
-0.196101
  0
VERTEX
  8
0
 10
142.524864
 20
696.132130
 42
-0.086809
  0
VERTEX
  8
0
 10
142.250443
 20
696.514063
 42
-0.066591
  0
VERTEX
  8
0
 10
142.064799
 20
697.080193
 42
-0.046543
  0
VERTEX
  8
0
 10
142.003770
 20
697.750000
 42
-0.044904
  0
VERTEX
  8
0
 10
142.230653
 20
700.211778
 42
-0.000605
  0
VERTEX
  8
0
 10
145.000324
 20
715.188952
 42
-0.001819
  0
VERTEX
  8
0
 10
148.145761
 20
731.748726
 42
-0.001529
  0
VERTEX
  8
0
 10
151.596342
 20
749.273943
 42
0.006027
  0
VERTEX
  8
0
 10
152.671978
 20
755.008693
 42
0.012268
  0
VERTEX
  8
0
 10
153.351674
 20
759.542119
 42
0.007864
  0
VERTEX
  8
0
 10
153.738643
 20
763.092716
 42
0.231058
  0
VERTEX
  8
0
 10
153.426057
 20
763.919873
 42
0.088487
  0
VERTEX
  8
0
 10
152.624776
 20
764.443499
 42
0.000841
  0
VERTEX
  8
0
 10
146.162654
 20
767.180407
 42
0.002784
  0
VERTEX
  8
0
 10
138.690810
 20
770.281268
 42
0.001795
  0
VERTEX
  8
0
 10
130.000000
 20
773.795073
 42
-0.000673
  0
VERTEX
  8
0
 10
111.666036
 20
781.159942
 42
-0.011288
  0
VERTEX
  8
0
 10
105.651815
 20
783.744636
 42
-0.031001
  0
VERTEX
  8
0
 10
102.708041
 20
785.316532
 42
-0.260237
  0
VERTEX
  8
0
 10
102.000000
 20
786.584781
 42
-0.216578
  0
VERTEX
  8
0
 10
102.350331
 20
787.355629
 42
-0.003835
  0
VERTEX
  8
0
 10
105.892188
 20
790.399895
 42
-0.008863
  0
VERTEX
  8
0
 10
110.171504
 20
793.893067
 42
-0.005701
  0
VERTEX
  8
0
 10
115.250000
 20
797.797777
 42
-0.005214
  0
VERTEX
  8
0
 10
123.704711
 20
804.009503
 42
-0.005167
  0
VERTEX
  8
0
 10
132.312516
 20
810.062637
 42
-0.003537
  0
VERTEX
  8
0
 10
143.480194
 20
817.628871
 42
-0.000997
  0
VERTEX
  8
0
 10
161.000000
 20
829.268382
 42
-0.030142
  0
VERTEX
  8
0
 10
162.066452
 20
829.884877
 42
-0.029842
  0
VERTEX
  8
0
 10
163.202802
 20
830.370974
 42
-0.031252
  0
VERTEX
  8
0
 10
164.245646
 20
830.673182
 42
-0.092255
  0
VERTEX
  8
0
 10
164.988261
 20
830.699623
 42
-0.252310
  0
VERTEX
  8
0
 10
165.877964
 20
830.033457
 42
-0.006719
  0
VERTEX
  8
0
 10
167.949715
 20
825.398636
 42
-0.010755
  0
VERTEX
  8
0
 10
170.484660
 20
819.150252
 42
-0.004296
  0
SEQEND
  0
POLYLINE
  8
0
 66
1
 70
1
  0
VERTEX
  8
0
 10
821.575072
 20
822.323742
 42
-0.005650
  0
VERTEX
  8
0
 10
833.133001
 20
814.374211
 42
-0.003226
  0
VERTEX
  8
0
 10
846.922462
 20
804.524765
 42
-0.002662
  0
VERTEX
  8
0
 10
859.766252
 20
795.120446
 42
-0.017530
  0
VERTEX
  8
0
 10
866.000000
 20
790.157373
 42
-0.019883
  0
VERTEX
  8
0
 10
867.499616
 20
788.768121
 42
-0.056670
  0
VERTEX
  8
0
 10
868.382712
 20
787.654833
 42
-0.100902
  0
VERTEX
  8
0
 10
868.705654
 20
786.787031
 42
-0.237211
  0
VERTEX
  8
0
 10
868.500000
 20
786.146515
 42
-0.092707
  0
VERTEX
  8
0
 10
867.623757
 20
785.534847
 42
-0.000953
  0
VERTEX
  8
0
 10
860.743750
 20
782.440696
 42
-0.003034
  0
VERTEX
  8
0
 10
852.770962
 20
778.931249
 42
-0.001961
  0
VERTEX
  8
0
 10
843.500000
 20
774.960462
 42
0.001480
  0
VERTEX
  8
0
 10
834.237815
 20
771.003971
 42
0.002316
  0
VERTEX
  8
0
 10
826.294046
 20
767.539111
 42
0.000619
  0
VERTEX
  8
0
 10
819.386344
 20
764.477766
 42
0.083983
  0
VERTEX
  8
0
 10
818.628668
 20
763.974862
 42
0.248123
  0
VERTEX
  8
0
 10
818.355332
 20
763.178997
 42
0.001115
  0
VERTEX
  8
0
 10
819.800272
 20
754.100094
 42
0.004778
  0
VERTEX
  8
0
 10
821.599527
 20
743.594177
 42
0.002795
  0
VERTEX
  8
0
 10
823.945185
 20
731.043320
 42
-0.001660
  0
VERTEX
  8
0
 10
826.294182
 20
718.630682
 42
-0.002605
  0
VERTEX
  8
0
 10
828.222376
 20
707.943513
 42
-0.000682
  0
VERTEX
  8
0
 10
829.842942
 20
698.610735
 42
-0.097504
  0
VERTEX
  8
0
 10
829.816517
 20
697.501958
 42
-0.433586
  0
VERTEX
  8
0
 10
829.254125
 20
697.169160
 42
-0.052800
  0
VERTEX
  8
0
 10
827.769823
 20
697.778263
 42
-0.029343
  0
VERTEX
  8
0
 10
825.446832
 20
699.213965
 42
-0.008261
  0
VERTEX
  8
0
 10
822.000000
 20
701.720614
 42
0.006775
  0
VERTEX
  8
0
 10
796.541606
 20
720.350692
 42
0.019991
  0
VERTEX
  8
0
 10
778.386700
 20
732.198962
 42
0.019753
  0
VERTEX
  8
0
 10
759.226308
 20
742.634963
 42
0.006487
  0
VERTEX
  8
0
 10
730.250000
 20
756.498854
 42
-0.009146
  0
VERTEX
  8
0
 10
727.088052
 20
758.032422
 42
-0.014175
  0
VERTEX
  8
0
 10
724.423437
 20
759.481955
 42
-0.008386
  0
VERTEX
  8
0
 10
722.290031
 20
760.770482
 42
-0.258190
  0
VERTEX
  8
0
 10
722.000000
 20
761.294702
 42
-0.426777
  0
VERTEX
  8
0
 10
722.756198
 20
762.019278
 42
-0.004430
  0
VERTEX
  8
0
 10
730.851971
 20
761.601461
 42
-0.010234
  0
VERTEX
  8
0
 10
740.771289
 20
760.797334
 42
-0.005510
  0
VERTEX
  8
0
 10
752.961993
 20
759.421592
 42
0.010518
  0
VERTEX
  8
0
 10
763.252248
 20
758.364579
 42
0.020225
  0
VERTEX
  8
0
 10
771.534997
 20
758.025790
 42
0.019959
  0
VERTEX
  8
0
 10
777.804844
 20
758.273434
 42
0.178358
  0
VERTEX
  8
0
 10
780.266844
 20
759.409701
 42
0.079148
  0
VERTEX
  8
0
 10
780.956696
 20
760.360973
 42
0.011038
  0
VERTEX
  8
0
 10
782.012610
 20
762.561515
 42
0.012395
  0
VERTEX
  8
0
 10
783.149234
 20
765.245927
 42
0.010233
  0
VERTEX
  8
0
 10
784.230297
 20
768.159701
 42
-0.000955
  0
VERTEX
  8
0
 10
785.741025
 20
772.475445
 42
-0.000149
  0
VERTEX
  8
0
 10
788.739604
 20
780.981287
 42
-0.000166
  0
VERTEX
  8
0
 10
792.281264
 20
791.007458
 42
-0.000145
  0
VERTEX
  8
0
 10
795.995011
 20
801.500000
 42
0.000339
  0
VERTEX
  8
0
 10
799.562149
 20
811.590771
 42
0.000513
  0
VERTEX
  8
0
 10
802.651137
 20
820.376562
 42
0.000189
  0
VERTEX
  8
0
 10
805.301473
 20
827.948669
 42
0.012705
  0
VERTEX
  8
0
 10
805.719619
 20
829.250000
 42
-0.059577
  0
VERTEX
  8
0
 10
806.006090
 20
829.919146
 42
-0.063545
  0
VERTEX
  8
0
 10
806.437359
 20
830.485937
 42
-0.071308
  0
VERTEX
  8
0
 10
806.941354
 20
830.869922
 42
-0.127862
  0
VERTEX
  8
0
 10
807.441703
 20
831.000000
 42
-0.135851
  0
VERTEX
  8
0
 10
808.268068
 20
830.771253
 42
-0.002617
  0
VERTEX
  8
0
 10
812.091862
 20
828.451349
 42
-0.006119
  0
VERTEX
  8
0
 10
816.534326
 20
825.648769
 42
-0.004038
  0
SEQEND
  0
POLYLINE
  8
0
 66
1
 70
1
  0
VERTEX
  8
0
 10
550.000000
 20
816.010073
 42
-0.007008
  0
VERTEX
  8
0
 10
584.016350
 20
813.193109
 42
-0.011257
  0
VERTEX
  8
0
 10
612.916480
 20
809.733200
 42
-0.006295
  0
VERTEX
  8
0
 10
636.150364
 20
806.120560
 42
-0.614109
  0
VERTEX
  8
0
 10
636.933333
 20
803.611602
 42
-0.060102
  0
VERTEX
  8
0
 10
636.561905
 20
803.328202
 42
-0.000350
  0
VERTEX
  8
0
 10
632.808542
 20
801.123942
 42
-0.001475
  0
VERTEX
  8
0
 10
628.514380
 20
798.623129
 42
-0.000937
  0
VERTEX
  8
0
 10
623.500000
 20
795.735191
 42
0.000472
  0
VERTEX
  8
0
 10
617.865516
 20
792.497104
 42
0.000356
  0
VERTEX
  8
0
 10
611.679836
 20
788.928625
 42
0.000359
  0
VERTEX
  8
0
 10
605.871318
 20
785.566647
 42
0.000832
  0
VERTEX
  8
0
 10
601.516464
 20
783.032179
 42
-0.025953
  0
VERTEX
  8
0
 10
571.979182
 20
767.773205
 42
-0.036089
  0
VERTEX
  8
0
 10
544.050059
 20
757.489577
 42
-0.037774
  0
VERTEX
  8
0
 10
515.967629
 20
751.646541
 42
-0.032945
  0
VERTEX
  8
0
 10
486.000000
 20
749.733186
 42
-0.036539
  0
VERTEX
  8
0
 10
454.716856
 20
752.088562
 42
-0.041642
  0
VERTEX
  8
0
 10
425.491027
 20
758.975721
 42
-0.036735
  0
VERTEX
  8
0
 10
394.970985
 20
771.453519
 42
-0.020127
  0
VERTEX
  8
0
 10
359.533122
 20
790.895727
 42
0.017929
  0
VERTEX
  8
0
 10
350.491978
 20
795.907784
 42
0.030972
  0
VERTEX
  8
0
 10
342.603505
 20
799.321436
 42
0.027401
  0
VERTEX
  8
0
 10
333.714478
 20
801.990446
 42
0.010939
  0
VERTEX
  8
0
 10
321.285452
 20
804.704998
 42
-0.003780
  0
VERTEX
  8
0
 10
314.407841
 20
806.104249
 42
-0.024233
  0
VERTEX
  8
0
 10
310.971801
 20
807.006286
 42
-0.089259
  0
VERTEX
  8
0
 10
309.624273
 20
807.713368
 42
-0.535714
  0
VERTEX
  8
0
 10
309.672528
 20
808.363397
 42
-0.119243
  0
VERTEX
  8
0
 10
311.803914
 20
808.966408
 42
-0.007373
  0
VERTEX
  8
0
 10
318.426593
 20
809.122755
 42
-0.006413
  0
VERTEX
  8
0
 10
328.915634
 20
809.081135
 42
-0.001146
  0
VERTEX
  8
0
 10
348.500000
 20
808.707327
 42
0.021744
  0
VERTEX
  8
0
 10
352.227892
 20
808.789746
 42
0.005816
  0
VERTEX
  8
0
 10
358.143750
 20
809.247463
 42
0.005883
  0
VERTEX
  8
0
 10
364.860934
 20
809.925598
 42
0.006044
  0
VERTEX
  8
0
 10
371.500000
 20
810.756241
 42
-0.007362
  0
VERTEX
  8
0
 10
385.960699
 20
812.526768
 42
-0.004392
  0
VERTEX
  8
0
 10
403.212569
 20
814.228497
 42
-0.004167
  0
VERTEX
  8
0
 10
421.828413
 20
815.743498
 42
-0.004145
  0
VERTEX
  8
0
 10
440.500000
 20
816.950947
 42
-0.013346
  0
VERTEX
  8
0
 10
460.321686
 20
817.537786
 42
-0.002875
  0
VERTEX
  8
0
 10
494.661193
 20
817.440179
 42
-0.002952
  0
VERTEX
  8
0
 10
529.098167
 20
816.940913
 42
-0.012052
  0
SEQEND
  0
POLYLINE
  8
0
 66
1
 70
1
  0
VERTEX
  8
0
 10
319.140524
 20
787.557748
 42
-0.023439
  0
VERTEX
  8
0
 10
328.965883
 20
784.495608
 42
-0.018528
  0
VERTEX
  8
0
 10
339.280046
 20
780.303617
 42
-0.018768
  0
VERTEX
  8
0
 10
349.060944
 20
775.450119
 42
-0.027263
  0
VERTEX
  8
0
 10
357.259755
 20
770.393286
 42
0.002942
  0
VERTEX
  8
0
 10
368.112506
 20
762.947918
 42
0.010660
  0
VERTEX
  8
0
 10
375.142839
 20
758.401038
 42
0.013335
  0
VERTEX
  8
0
 10
381.528320
 20
754.693042
 42
0.006838
  0
VERTEX
  8
0
 10
389.715899
 20
750.370398
 42
0.024801
  0
VERTEX
  8
0
 10
405.095477
 20
743.456327
 42
0.021954
  0
VERTEX
  8
0
 10
421.717109
 20
737.781629
 42
0.021791
  0
VERTEX
  8
0
 10
438.909668
 20
733.546580
 42
0.023411
  0
VERTEX
  8
0
 10
456.000000
 20
730.943816
 42
-0.000483
  0
VERTEX
  8
0
 10
460.449240
 20
730.473640
 42
-0.000413
  0
VERTEX
  8
0
 10
465.135418
 20
729.969935
 42
-0.000416
  0
VERTEX
  8
0
 10
469.393969
 20
729.505052
 42
-0.001189
  0
VERTEX
  8
0
 10
472.354614
 20
729.172236
 42
0.000000
  0
VERTEX
  8
0
 10
478.209227
 20
728.500000
 42
0.000000
  0
VERTEX
  8
0
 10
478.354614
 20
652.113457
 42
0.000000
  0
VERTEX
  8
0
 10
478.500000
 20
575.726915
 42
0.000000
  0
VERTEX
  8
0
 10
468.500000
 20
576.312321
 42
-0.015188
  0
VERTEX
  8
0
 10
463.789755
 20
576.731923
 42
-0.010555
  0
VERTEX
  8
0
 10
458.500000
 20
577.479157
 42
-0.010513
  0
VERTEX
  8
0
 10
453.211026
 20
578.455078
 42
-0.014397
  0
VERTEX
  8
0
 10
448.500000
 20
579.569502
 42
0.009192
  0
VERTEX
  8
0
 10
436.981686
 20
582.421147
 42
0.076989
  0
VERTEX
  8
0
 10
431.648370
 20
582.798501
 42
0.102648
  0
VERTEX
  8
0
 10
427.076469
 20
581.446041
 42
0.021888
  0
VERTEX
  8
0
 10
419.911033
 20
577.190064
 42
0.033289
  0
VERTEX
  8
0
 10
414.027839
 20
572.752000
 42
0.011187
  0
VERTEX
  8
0
 10
406.046655
 20
565.534203
 42
0.011418
  0
VERTEX
  8
0
 10
398.272129
 20
557.836659
 42
0.026764
  0
VERTEX
  8
0
 10
392.918926
 20
551.659034
 42
0.000000
  0
VERTEX
  8
0
 10
390.711733
 20
548.818069
 42
0.000000
  0
VERTEX
  8
0
 10
394.738220
 20
541.159034
 42
-0.018180
  0
VERTEX
  8
0
 10
397.504025
 20
535.398919
 42
-0.014783
  0
VERTEX
  8
0
 10
400.054732
 20
529.044806
 42
-0.015142
  0
VERTEX
  8
0
 10
402.129185
 20
522.824348
 42
-0.025760
  0
VERTEX
  8
0
 10
403.432710
 20
517.500000
 42
-0.020025
  0
VERTEX
  8
0
 10
404.370155
 20
511.235695
 42
-0.008862
  0
VERTEX
  8
0
 10
405.128577
 20
502.903921
 42
-0.007234
  0
VERTEX
  8
0
 10
405.600133
 20
494.864347
 42
-0.050714
  0
VERTEX
  8
0
 10
405.375838
 20
490.948902
 42
-0.024287
  0
VERTEX
  8
0
 10
404.916356
 20
488.762381
 42
-0.113406
  0
VERTEX
  8
0
 10
404.324057
 20
487.628950
 42
-0.136828
  0
VERTEX
  8
0
 10
403.356752
 20
486.979264
 42
-0.041703
  0
VERTEX
  8
0
 10
401.625709
 20
486.562770
 42
-0.028953
  0
VERTEX
  8
0
 10
399.306260
 20
486.342069
 42
-0.000568
  0
VERTEX
  8
0
 10
387.374427
 20
485.914241
 42
-0.001359
  0
VERTEX
  8
0
 10
373.437892
 20
485.468307
 42
-0.000911
  0
VERTEX
  8
0
 10
357.500000
 20
485.030773
 42
0.000858
  0
VERTEX
  8
0
 10
338.575975
 20
484.513295
 42
0.000469
  0
VERTEX
  8
0
 10
315.382976
 20
483.817479
 42
0.000468
  0
VERTEX
  8
0
 10
291.829130
 20
483.066646
 42
0.000746
  0
VERTEX
  8
0
 10
271.697365
 20
482.375967
 42
-0.001234
  0
VERTEX
  8
0
 10
254.478698
 20
481.802064
 42
-0.002021
  0
VERTEX
  8
0
 10
239.887788
 20
481.410837
 42
-0.000225
  0
VERTEX
  8
0
 10
226.877771
 20
481.120480
 42
-0.204601
  0
VERTEX
  8
0
 10
226.323779
 20
481.342888
 42
-0.264737
  0
VERTEX
  8
0
 10
226.194564
 20
481.813806
 42
-0.008930
  0
VERTEX
  8
0
 10
226.723243
 20
483.741590
 42
-0.014744
  0
VERTEX
  8
0
 10
227.479381
 20
486.062052
 42
-0.009491
  0
VERTEX
  8
0
 10
228.485419
 20
488.706920
 42
0.021973
  0
VERTEX
  8
0
 10
234.650589
 20
506.218276
 42
0.026489
  0
VERTEX
  8
0
 10
238.823442
 20
523.151837
 42
0.026264
  0
VERTEX
  8
0
 10
241.207049
 20
540.553315
 42
0.020973
  0
VERTEX
  8
0
 10
241.995979
 20
559.473766
 42
0.027259
  0
VERTEX
  8
0
 10
240.877062
 20
579.881955
 42
0.037645
  0
VERTEX
  8
0
 10
237.512079
 20
597.909918
 42
0.040763
  0
VERTEX
  8
0
 10
231.778419
 20
614.053800
 42
0.042567
  0
VERTEX
  8
0
 10
223.567662
 20
628.807835
 42
0.024414
  0
VERTEX
  8
0
 10
218.207827
 20
635.980758
 42
0.025402
  0
VERTEX
  8
0
 10
212.240850
 20
642.498167
 42
0.018264
  0
VERTEX
  8
0
 10
204.128737
 20
649.937204
 42
0.005780
  0
VERTEX
  8
0
 10
191.500000
 20
660.446663
 42
-0.002106
  0
VERTEX
  8
0
 10
183.854729
 20
666.714460
 42
-0.008884
  0
VERTEX
  8
0
 10
179.352784
 20
670.573808
 42
-0.010781
  0
VERTEX
  8
0
 10
176.501287
 20
673.219750
 42
-0.109131
  0
VERTEX
  8
0
 10
175.614611
 20
674.561924
 42
-0.249369
  0
VERTEX
  8
0
 10
175.833991
 20
676.345847
 42
-0.012585
  0
VERTEX
  8
0
 10
179.434288
 20
681.218966
 42
-0.012931
  0
VERTEX
  8
0
 10
185.147208
 20
688.178691
 42
-0.003416
  0
VERTEX
  8
0
 10
194.638645
 20
699.000000
 42
-0.002454
  0
VERTEX
  8
0
 10
207.086910
 20
712.860723
 42
-0.025025
  0
VERTEX
  8
0
 10
212.555906
 20
718.315380
 42
-0.049626
  0
VERTEX
  8
0
 10
217.147120
 20
721.697305
 42
-0.024626
  0
VERTEX
  8
0
 10
223.546793
 20
725.081790
 42
0.001429
  0
VERTEX
  8
0
 10
239.728984
 20
732.701619
 42
0.004889
  0
VERTEX
  8
0
 10
250.189175
 20
737.789538
 42
0.007315
  0
VERTEX
  8
0
 10
257.437283
 20
741.536507
 42
0.019076
  0
VERTEX
  8
0
 10
262.500000
 20
744.502153
 42
0.039925
  0
VERTEX
  8
0
 10
268.292737
 20
748.886237
 42
0.010257
  0
VERTEX
  8
0
 10
276.903168
 20
756.878393
 42
0.010215
  0
VERTEX
  8
0
 10
286.527536
 20
766.574646
 42
0.009355
  0
VERTEX
  8
0
 10
296.040281
 20
776.939875
 42
-0.002256
  0
VERTEX
  8
0
 10
302.084415
 20
783.716301
 42
-0.011553
  0
VERTEX
  8
0
 10
305.542741
 20
787.384490
 42
-0.014607
  0
VERTEX
  8
0
 10
307.840258
 20
789.579221
 42
-0.185409
  0
VERTEX
  8
0
 10
308.935978
 20
790.000000
 42
-0.057388
  0
VERTEX
  8
0
 10
309.542437
 20
789.930163
 42
-0.001403
  0
VERTEX
  8
0
 10
312.282155
 20
789.282589
 42
-0.003029
  0
VERTEX
  8
0
 10
315.492856
 20
788.493574
 42
-0.002055
  0
SEQEND
  0
POLYLINE
  8
0
 66
1
 70
1
  0
VERTEX
  8
0
 10
673.610945
 20
782.173935
 42
-0.000620
  0
VERTEX
  8
0
 10
676.842183
 20
778.494007
 42
-0.000311
  0
VERTEX
  8
0
 10
680.914874
 20
773.838311
 42
-0.000309
  0
VERTEX
  8
0
 10
685.120911
 20
769.018120
 42
-0.000458
  0
VERTEX
  8
0
 10
688.801394
 20
764.787136
 42
0.011246
  0
VERTEX
  8
0
 10
695.380192
 20
757.545914
 42
0.020240
  0
VERTEX
  8
0
 10
701.137673
 20
751.959396
 42
0.023151
  0
VERTEX
  8
0
 10
706.739444
 20
747.396369
 42
0.022323
  0
VERTEX
  8
0
 10
712.805714
 20
743.311526
 42
0.018226
  0
VERTEX
  8
0
 10
719.407893
 20
739.605159
 42
0.005141
  0
VERTEX
  8
0
 10
729.959920
 20
734.313755
 42
0.005415
  0
VERTEX
  8
0
 10
741.106255
 20
729.015773
 42
0.010245
  0
VERTEX
  8
0
 10
750.219484
 20
725.029021
 42
-0.018589
  0
VERTEX
  8
0
 10
754.470553
 20
723.084178
 42
-0.035786
  0
VERTEX
  8
0
 10
757.685559
 20
721.166672
 42
-0.033960
  0
VERTEX
  8
0
 10
760.700150
 20
718.742712
 42
-0.015074
  0
VERTEX
  8
0
 10
764.346670
 20
715.169386
 42
-0.006239
  0
VERTEX
  8
0
 10
774.438326
 20
704.399781
 42
-0.006598
  0
VERTEX
  8
0
 10
784.069000
 20
693.578255
 42
-0.006137
  0
VERTEX
  8
0
 10
792.111207
 20
684.064400
 42
-0.032846
  0
VERTEX
  8
0
 10
796.077778
 20
678.552973
 42
-0.085689
  0
VERTEX
  8
0
 10
797.060714
 20
676.142521
 42
-0.211594
  0
VERTEX
  8
0
 10
796.688023
 20
674.311514
 42
-0.074677
  0
VERTEX
  8
0
 10
794.637375
 20
672.183620
 42
-0.005274
  0
VERTEX
  8
0
 10
788.017563
 20
667.210926
 42
0.025076
  0
VERTEX
  8
0
 10
771.227998
 20
653.526550
 42
0.037906
  0
VERTEX
  8
0
 10
758.228952
 20
639.877965
 42
0.041761
  0
VERTEX
  8
0
 10
748.372781
 20
625.526110
 42
0.041911
  0
VERTEX
  8
0
 10
741.052054
 20
609.752755
 42
0.020330
  0
VERTEX
  8
0
 10
738.928166
 20
603.124804
 42
0.028400
  0
VERTEX
  8
0
 10
737.614935
 20
597.043096
 42
0.017391
  0
VERTEX
  8
0
 10
736.630840
 20
588.956802
 42
0.003214
  0
VERTEX
  8
0
 10
735.433278
 20
574.000000
 42
0.013439
  0
VERTEX
  8
0
 10
734.196731
 20
547.479980
 42
0.031487
  0
VERTEX
  8
0
 10
735.054139
 20
527.661599
 42
0.036972
  0
VERTEX
  8
0
 10
738.245815
 20
510.131928
 42
0.026651
  0
VERTEX
  8
0
 10
744.261566
 20
491.175918
 42
-0.006262
  0
VERTEX
  8
0
 10
745.961888
 20
486.489750
 42
-0.029116
  0
VERTEX
  8
0
 10
746.749297
 20
483.723633
 42
-0.054798
  0
VERTEX
  8
0
 10
746.934017
 20
482.045377
 42
-0.310577
  0
VERTEX
  8
0
 10
746.451244
 20
481.342917
 42
-0.098305
  0
VERTEX
  8
0
 10
745.356685
 20
481.154546
 42
-0.000206
  0
VERTEX
  8
0
 10
728.091550
 20
481.602906
 42
-0.001414
  0
VERTEX
  8
0
 10
708.646808
 20
482.170915
 42
-0.000876
  0
VERTEX
  8
0
 10
685.812512
 20
482.942638
 42
0.000302
  0
VERTEX
  8
0
 10
661.071069
 20
483.807250
 42
0.000283
  0
VERTEX
  8
0
 10
635.779164
 20
484.661449
 42
0.000282
  0
VERTEX
  8
0
 10
613.329919
 20
485.394262
 42
0.000971
  0
VERTEX
  8
0
 10
598.776131
 20
485.832841
 42
-0.002555
  0
VERTEX
  8
0
 10
588.092306
 20
486.188680
 42
-0.004081
  0
VERTEX
  8
0
 10
578.968160
 20
486.613858
 42
-0.000968
  0
VERTEX
  8
0
 10
571.005770
 20
487.065513
 42
-0.184320
  0
VERTEX
  8
0
 10
570.276131
 20
487.394108
 42
-0.201779
  0
VERTEX
  8
0
 10
569.415590
 20
489.518405
 42
-0.006567
  0
VERTEX
  8
0
 10
569.664060
 20
498.908259
 42
-0.013455
  0
VERTEX
  8
0
 10
570.298244
 20
508.431230
 42
-0.026979
  0
VERTEX
  8
0
 10
571.404682
 20
515.885686
 42
-0.010112
  0
VERTEX
  8
0
 10
573.026112
 20
523.085117
 42
-0.018792
  0
VERTEX
  8
0
 10
574.676130
 20
528.837877
 42
-0.018826
  0
VERTEX
  8
0
 10
576.751295
 20
534.443484
 42
-0.010193
  0
VERTEX
  8
0
 10
579.700600
 20
541.181571
 42
0.012009
  0
VERTEX
  8
0
 10
581.219965
 20
544.687383
 42
0.024605
  0
VERTEX
  8
0
 10
582.206529
 20
547.514667
 42
0.030522
  0
VERTEX
  8
0
 10
582.713032
 20
549.722528
 42
0.105236
  0
VERTEX
  8
0
 10
582.647011
 20
551.181571
 42
0.097082
  0
VERTEX
  8
0
 10
581.986253
 20
552.554785
 42
0.007635
  0
VERTEX
  8
0
 10
579.496845
 20
555.780279
 42
0.010158
  0
VERTEX
  8
0
 10
576.366559
 20
559.550794
 42
0.007596
  0
VERTEX
  8
0
 10
572.771428
 20
563.581080
 42
-0.001900
  0
VERTEX
  8
0
 10
568.867139
 20
567.858837
 42
-0.001645
  0
VERTEX
  8
0
 10
564.802653
 20
572.376036
 42
-0.001656
  0
VERTEX
  8
0
 10
561.147283
 20
576.492889
 42
-0.004839
  0
VERTEX
  8
0
 10
558.663135
 20
579.364943
 42
0.017830
  0
VERTEX
  8
0
 10
553.272024
 20
585.280120
 42
0.152107
  0
VERTEX
  8
0
 10
550.150865
 20
586.961628
 42
0.123687
  0
VERTEX
  8
0
 10
546.345574
 20
586.756461
 42
0.010227
  0
VERTEX
  8
0
 10
536.861636
 20
583.608934
 42
-0.017895
  0
VERTEX
  8
0
 10
527.582712
 20
580.686615
 42
-0.016249
  0
VERTEX
  8
0
 10
517.816397
 20
578.329455
 42
-0.016431
  0
VERTEX
  8
0
 10
508.044369
 20
576.637202
 42
-0.019661
  0
VERTEX
  8
0
 10
498.750000
 20
575.711269
 42
0.000000
  0
VERTEX
  8
0
 10
493.000000
 20
575.365980
 42
0.000000
  0
VERTEX
  8
0
 10
493.000000
 20
652.182990
 42
0.000000
  0
VERTEX
  8
0
 10
493.000000
 20
729.000000
 42
0.000000
  0
VERTEX
  8
0
 10
495.250000
 20
729.019758
 42
0.023752
  0
VERTEX
  8
0
 10
501.094282
 20
729.349003
 42
0.002991
  0
VERTEX
  8
0
 10
513.680176
 20
730.735931
 42
0.003568
  0
VERTEX
  8
0
 10
526.299300
 20
732.294318
 42
0.014212
  0
VERTEX
  8
0
 10
534.000000
 20
733.524651
 42
0.025292
  0
VERTEX
  8
0
 10
554.064455
 20
738.380037
 42
0.027888
  0
VERTEX
  8
0
 10
572.875884
 20
745.113999
 42
0.023886
  0
VERTEX
  8
0
 10
593.083658
 20
754.807828
 42
0.012014
  0
VERTEX
  8
0
 10
617.654154
 20
768.845702
 42
-0.010524
  0
VERTEX
  8
0
 10
633.351683
 20
777.876309
 42
-0.019726
  0
VERTEX
  8
0
 10
646.461837
 20
784.397143
 42
-0.023765
  0
VERTEX
  8
0
 10
657.075189
 20
788.569789
 42
-0.074110
  0
VERTEX
  8
0
 10
664.610945
 20
789.934189
 42
-0.156419
  0
VERTEX
  8
0
 10
665.921660
 20
789.558482
 42
-0.030530
  0
VERTEX
  8
0
 10
667.901391
 20
788.051849
 42
-0.024393
  0
VERTEX
  8
0
 10
670.419785
 20
785.656615
 42
-0.009969
  0
SEQEND
  0
POLYLINE
  8
0
 66
1
 70
1
  0
VERTEX
  8
0
 10
254.417878
 20
778.246591
 42
-0.004462
  0
VERTEX
  8
0
 10
255.406932
 20
775.185883
 42
-0.006058
  0
VERTEX
  8
0
 10
256.241502
 20
772.404559
 42
-0.004157
  0
VERTEX
  8
0
 10
256.891968
 20
770.064116
 42
-0.065787
  0
VERTEX
  8
0
 10
257.000000
 20
769.246591
 42
-0.333689
  0
VERTEX
  8
0
 10
256.548761
 20
768.645741
 42
-0.038613
  0
VERTEX
  8
0
 10
254.792736
 20
768.280032
 42
-0.025262
  0
VERTEX
  8
0
 10
251.910610
 20
768.055858
 42
-0.006531
  0
VERTEX
  8
0
 10
247.250000
 20
767.990374
 42
0.011046
  0
VERTEX
  8
0
 10
242.568540
 20
767.882316
 42
0.004959
  0
VERTEX
  8
0
 10
236.425141
 20
767.543554
 42
0.004906
  0
VERTEX
  8
0
 10
229.937684
 20
767.057272
 42
0.006655
  0
VERTEX
  8
0
 10
224.090907
 20
766.482801
 42
-0.003336
  0
VERTEX
  8
0
 10
218.919187
 20
765.939968
 42
-0.005327
  0
VERTEX
  8
0
 10
214.492840
 20
765.552770
 42
-0.001450
  0
VERTEX
  8
0
 10
210.651204
 20
765.269127
 42
-0.217380
  0
VERTEX
  8
0
 10
210.246427
 20
765.420240
 42
-0.496180
  0
VERTEX
  8
0
 10
210.392250
 20
766.487633
 42
-0.004146
  0
VERTEX
  8
0
 10
218.852123
 20
771.170496
 42
-0.009235
  0
VERTEX
  8
0
 10
229.714936
 20
776.809163
 42
-0.004298
  0
VERTEX
  8
0
 10
244.000000
 20
783.740154
 42
-0.023998
  0
VERTEX
  8
0
 10
248.638813
 20
785.674941
 42
-0.211164
  0
VERTEX
  8
0
 10
250.805096
 20
785.525119
 42
-0.176784
  0
VERTEX
  8
0
 10
252.369708
 20
783.796295
 42
-0.016038
  0
SEQEND
  0
POLYLINE
  8
0
 66
1
 70
1
  0
VERTEX
  8
0
 10
741.213689
 20
777.927805
 42
-0.005217
  0
VERTEX
  8
0
 10
750.351689
 20
773.227608
 42
-0.011139
  0
VERTEX
  8
0
 10
757.289068
 20
769.367326
 42
-0.005917
  0
VERTEX
  8
0
 10
762.584530
 20
766.179444
 42
-0.483817
  0
VERTEX
  8
0
 10
762.681281
 20
765.347947
 42
-0.218833
  0
VERTEX
  8
0
 10
762.341863
 20
765.222307
 42
-0.000875
  0
VERTEX
  8
0
 10
758.194255
 20
765.546892
 42
-0.004120
  0
VERTEX
  8
0
 10
753.461569
 20
765.964873
 42
-0.002554
  0
VERTEX
  8
0
 10
747.910953
 20
766.529859
 42
0.006456
  0
VERTEX
  8
0
 10
741.770545
 20
767.106510
 42
0.005390
  0
VERTEX
  8
0
 10
735.236342
 20
767.564290
 42
0.005444
  0
VERTEX
  8
0
 10
729.249232
 20
767.853557
 42
0.014765
  0
VERTEX
  8
0
 10
725.000000
 20
767.886967
 42
-0.009914
  0
VERTEX
  8
0
 10
721.741877
 20
767.880978
 42
-0.016502
  0
VERTEX
  8
0
 10
719.000921
 20
768.020856
 42
-0.010458
  0
VERTEX
  8
0
 10
716.818180
 20
768.250677
 42
-0.382209
  0
VERTEX
  8
0
 10
716.513774
 20
768.601394
 42
-0.069158
  0
VERTEX
  8
0
 10
716.610670
 20
769.227997
 42
-0.002221
  0
VERTEX
  8
0
 10
717.359317
 20
771.683273
 42
-0.004247
  0
VERTEX
  8
0
 10
718.281695
 20
774.573762
 42
-0.002932
  0
VERTEX
  8
0
 10
719.372879
 20
777.831024
 42
-0.029993
  0
VERTEX
  8
0
 10
721.873920
 20
783.931407
 42
-0.286828
  0
VERTEX
  8
0
 10
724.147932
 20
785.366905
 42
-0.114074
  0
VERTEX
  8
0
 10
727.755728
 20
784.549768
 42
-0.003683
  0
SEQEND
  0
POLYLINE
  8
0
 66
1
 70
1
  0
VERTEX
  8
0
 10
557.934564
 20
561.282278
 42
-0.005286
  0
VERTEX
  8
0
 10
562.919955
 20
555.440130
 42
-0.020548
  0
VERTEX
  8
0
 10
565.815383
 20
551.668883
 42
-0.029595
  0
VERTEX
  8
0
 10
567.436883
 20
549.050725
 42
-0.189800
  0
VERTEX
  8
0
 10
567.620283
 20
547.532278
 42
-0.014744
  0
VERTEX
  8
0
 10
567.258915
 20
546.296205
 42
-0.001777
  0
VERTEX
  8
0
 10
566.373030
 20
543.600107
 42
-0.002113
  0
VERTEX
  8
0
 10
565.295051
 20
540.403479
 42
-0.001737
  0
VERTEX
  8
0
 10
564.118050
 20
537.000000
 42
0.017025
  0
VERTEX
  8
0
 10
561.186307
 20
527.601651
 42
0.023593
  0
VERTEX
  8
0
 10
559.250406
 20
518.991155
 42
0.021983
  0
VERTEX
  8
0
 10
558.046563
 20
509.784213
 42
0.012273
  0
VERTEX
  8
0
 10
557.351569
 20
498.500000
 42
0.027673
  0
VERTEX
  8
0
 10
557.680402
 20
480.594995
 42
0.039328
  0
VERTEX
  8
0
 10
560.094721
 20
464.866466
 42
0.043465
  0
VERTEX
  8
0
 10
564.655020
 20
451.003366
 42
0.048769
  0
VERTEX
  8
0
 10
571.412678
 20
438.696185
 42
-0.058898
  0
VERTEX
  8
0
 10
572.994190
 20
435.672705
 42
-0.180038
  0
VERTEX
  8
0
 10
573.012450
 20
433.395466
 42
-0.067190
  0
VERTEX
  8
0
 10
571.458989
 20
430.429090
 42
-0.003693
  0
VERTEX
  8
0
 10
565.311464
 20
421.890134
 42
-0.012749
  0
VERTEX
  8
0
 10
560.399757
 20
415.520324
 42
-0.133791
  0
VERTEX
  8
0
 10
557.748414
 20
413.617747
 42
-0.120776
  0
VERTEX
  8
0
 10
554.397492
 20
413.227142
 42
-0.009626
  0
VERTEX
  8
0
 10
545.500000
 20
414.513653
 42
0.017381
  0
VERTEX
  8
0
 10
537.723764
 20
415.515193
 42
0.019594
  0
VERTEX
  8
0
 10
530.201849
 20
415.922885
 42
0.020374
  0
VERTEX
  8
0
 10
522.954167
 20
415.736008
 42
0.022653
  0
VERTEX
  8
0
 10
516.000000
 20
414.955135
 42
0.041639
  0
VERTEX
  8
0
 10
510.256260
 20
413.547429
 42
0.019865
  0
VERTEX
  8
0
 10
503.142821
 20
410.843054
 42
0.019858
  0
VERTEX
  8
0
 10
496.277135
 20
407.587823
 42
0.042314
  0
VERTEX
  8
0
 10
491.325621
 20
404.434792
 42
-0.007523
  0
VERTEX
  8
0
 10
490.063727
 20
403.501993
 42
-0.010730
  0
VERTEX
  8
0
 10
488.913831
 20
402.715220
 42
-0.006953
  0
VERTEX
  8
0
 10
487.935349
 20
402.095352
 42
-0.138573
  0
VERTEX
  8
0
 10
487.597904
 20
402.000000
 42
-0.134571
  0
VERTEX
  8
0
 10
487.222848
 20
402.102805
 42
-0.001732
  0
VERTEX
  8
0
 10
485.102751
 20
403.369434
 42
-0.004883
  0
VERTEX
  8
0
 10
482.656586
 20
404.875133
 42
-0.003165
  0
VERTEX
  8
0
 10
479.855800
 20
406.661903
 42
0.031081
  0
VERTEX
  8
0
 10
471.636373
 20
411.281635
 42
0.045574
  0
VERTEX
  8
0
 10
463.875618
 20
414.192366
 42
0.043202
  0
VERTEX
  8
0
 10
455.410144
 20
415.744960
 42
0.024547
  0
VERTEX
  8
0
 10
445.000000
 20
416.223670
 42
0.010129
  0
VERTEX
  8
0
 10
439.628286
 20
416.098005
 42
0.007989
  0
VERTEX
  8
0
 10
433.821875
 20
415.751395
 42
0.008089
  0
VERTEX
  8
0
 10
428.437686
 20
415.255854
 42
0.019762
  0
VERTEX
  8
0
 10
424.500000
 20
414.670903
 42
-0.015765
  0
VERTEX
  8
0
 10
418.499432
 20
413.730439
 42
-0.158153
  0
VERTEX
  8
0
 10
416.040114
 20
414.202829
 42
-0.106744
  0
VERTEX
  8
0
 10
413.912031
 20
416.054895
 42
-0.005430
  0
VERTEX
  8
0
 10
408.471223
 20
423.500000
 42
-0.006613
  0
VERTEX
  8
0
 10
403.021316
 20
431.347554
 42
-0.099780
  0
VERTEX
  8
0
 10
401.749765
 20
434.398532
 42
-0.167081
  0
VERTEX
  8
0
 10
402.120728
 20
437.127065
 42
-0.026897
  0
VERTEX
  8
0
 10
404.827460
 20
441.854342
 42
0.034013
  0
VERTEX
  8
0
 10
408.313664
 20
448.148874
 42
0.019301
  0
VERTEX
  8
0
 10
411.700599
 20
456.177768
 42
0.018883
  0
VERTEX
  8
0
 10
414.585773
 20
464.802079
 42
0.024006
  0
VERTEX
  8
0
 10
416.556769
 20
472.959633
 42
0.034119
  0
VERTEX
  8
0
 10
417.638303
 20
481.864877
 42
0.013452
  0
VERTEX
  8
0
 10
417.956310
 20
494.215411
 42
0.013552
  0
VERTEX
  8
0
 10
417.603591
 20
506.692908
 42
0.030249
  0
VERTEX
  8
0
 10
416.506736
 20
516.119010
 42
0.013268
  0
VERTEX
  8
0
 10
415.130485
 20
522.810022
 42
0.014181
  0
VERTEX
  8
0
 10
413.427403
 20
529.270486
 42
0.014555
  0
VERTEX
  8
0
 10
411.409509
 20
535.458603
 42
0.015928
  0
VERTEX
  8
0
 10
409.089227
 20
541.332905
 42
-0.011953
  0
VERTEX
  8
0
 10
408.289431
 20
543.311600
 42
-0.013238
  0
VERTEX
  8
0
 10
407.613711
 20
545.260524
 42
-0.012671
  0
VERTEX
  8
0
 10
407.125026
 20
546.947715
 42
-0.064235
  0
VERTEX
  8
0
 10
407.000000
 20
547.916889
 42
-0.167665
  0
VERTEX
  8
0
 10
407.377547
 20
549.011133
 42
-0.006175
  0
VERTEX
  8
0
 10
410.160489
 20
552.474948
 42
-0.010642
  0
VERTEX
  8
0
 10
413.636486
 20
556.515233
 42
-0.007209
  0
VERTEX
  8
0
 10
417.759110
 20
560.974726
 42
0.000000
  0
VERTEX
  8
0
 10
428.518220
 20
572.281486
 42
0.000000
  0
VERTEX
  8
0
 10
437.605269
 20
569.667215
 42
0.014361
  0
VERTEX
  8
0
 10
449.627615
 20
566.579377
 42
0.024145
  0
VERTEX
  8
0
 10
459.888418
 20
564.771453
 42
0.022017
  0
VERTEX
  8
0
 10
470.911081
 20
563.864450
 42
0.009776
  0
VERTEX
  8
0
 10
485.500000
 20
563.594185
 42
0.012568
  0
VERTEX
  8
0
 10
500.757863
 20
563.993446
 42
0.020989
  0
VERTEX
  8
0
 10
513.543621
 20
565.189418
 42
0.024014
  0
VERTEX
  8
0
 10
524.831834
 20
567.281570
 42
0.026463
  0
VERTEX
  8
0
 10
535.500000
 20
570.397738
 42
-0.023896
  0
VERTEX
  8
0
 10
542.852631
 20
572.586445
 42
-0.158169
  0
VERTEX
  8
0
 10
546.625200
 20
572.313600
 42
-0.108767
  0
VERTEX
  8
0
 10
550.193510
 20
569.858645
 42
-0.008622
  0
SEQEND
  0
POLYLINE
  8
0
 66
1
 70
1
  0
VERTEX
  8
0
 10
403.000000
 20
473.246818
 42
-0.060820
  0
VERTEX
  8
0
 10
402.935976
 20
472.722428
 42
-0.002160
  0
VERTEX
  8
0
 10
402.437295
 20
470.747206
 42
-0.003966
  0
VERTEX
  8
0
 10
401.818333
 20
468.416277
 42
-0.002764
  0
VERTEX
  8
0
 10
401.084409
 20
465.795162
 42
-0.026911
  0
VERTEX
  8
0
 10
398.962322
 20
459.646869
 42
-0.023780
  0
VERTEX
  8
0
 10
396.113645
 20
453.495747
 42
-0.023935
  0
VERTEX
  8
0
 10
392.717562
 20
447.687833
 42
-0.028414
  0
VERTEX
  8
0
 10
388.955361
 20
442.568766
 42
0.016629
  0
VERTEX
  8
0
 10
387.440983
 20
440.606795
 42
0.020233
  0
VERTEX
  8
0
 10
386.161887
 20
438.669865
 42
0.019213
  0
VERTEX
  8
0
 10
385.228851
 20
436.981072
 42
0.117114
  0
VERTEX
  8
0
 10
385.000000
 20
436.017426
 42
0.139105
  0
VERTEX
  8
0
 10
385.623254
 20
433.820546
 42
0.006027
  0
VERTEX
  8
0
 10
389.949183
 20
426.995516
 42
0.009341
  0
VERTEX
  8
0
 10
395.604277
 20
418.652029
 42
0.005291
  0
VERTEX
  8
0
 10
402.747281
 20
408.750000
 42
0.008698
  0
VERTEX
  8
0
 10
405.891849
 20
404.638329
 42
0.026763
  0
VERTEX
  8
0
 10
408.210856
 20
402.014512
 42
0.038516
  0
VERTEX
  8
0
 10
410.009088
 20
400.448502
 42
0.162040
  0
VERTEX
  8
0
 10
411.350550
 20
400.006631
 42
0.032712
  0
VERTEX
  8
0
 10
412.729280
 20
400.101203
 42
0.002782
  0
VERTEX
  8
0
 10
416.246724
 20
400.594919
 42
0.003676
  0
VERTEX
  8
0
 10
420.438793
 20
401.238642
 42
0.002838
  0
VERTEX
  8
0
 10
425.000000
 20
402.000000
 42
-0.029286
  0
VERTEX
  8
0
 10
441.124278
 20
403.821934
 42
-0.054508
  0
VERTEX
  8
0
 10
454.243005
 20
403.100362
 42
-0.064567
  0
VERTEX
  8
0
 10
465.323720
 20
399.759777
 42
-0.063881
  0
VERTEX
  8
0
 10
475.229834
 20
393.695059
 42
0.000000
  0
VERTEX
  8
0
 10
479.000000
 20
390.665271
 42
0.000000
  0
VERTEX
  8
0
 10
478.975608
 20
274.582635
 42
0.000000
  0
VERTEX
  8
0
 10
478.951217
 20
158.500000
 42
0.000000
  0
VERTEX
  8
0
 10
474.268513
 20
164.000000
 42
0.041017
  0
VERTEX
  8
0
 10
455.185073
 20
183.011193
 42
0.047633
  0
VERTEX
  8
0
 10
434.133620
 20
197.609433
 42
0.046343
  0
VERTEX
  8
0
 10
410.199744
 20
208.254792
 42
0.035595
  0
VERTEX
  8
0
 10
382.500000
 20
215.467309
 42
0.007103
  0
VERTEX
  8
0
 10
376.411959
 20
216.508351
 42
0.003661
  0
VERTEX
  8
0
 10
368.765625
 20
217.647037
 42
0.003637
  0
VERTEX
  8
0
 10
360.881380
 20
218.703770
 42
0.005494
  0
VERTEX
  8
0
 10
354.000000
 20
219.498456
 42
-0.008136
  0
VERTEX
  8
0
 10
340.369582
 20
221.145574
 42
-0.013628
  0
VERTEX
  8
0
 10
328.983170
 20
223.027348
 42
-0.015737
  0
VERTEX
  8
0
 10
319.034669
 20
225.278255
 42
-0.018712
  0
VERTEX
  8
0
 10
309.813818
 20
228.043938
 42
-0.025894
  0
VERTEX
  8
0
 10
296.210471
 20
233.486686
 42
-0.020312
  0
VERTEX
  8
0
 10
282.063230
 20
240.726288
 42
-0.020671
  0
VERTEX
  8
0
 10
268.944692
 20
248.858831
 42
-0.032626
  0
VERTEX
  8
0
 10
258.500000
 20
256.990275
 42
-0.017209
  0
VERTEX
  8
0
 10
247.179186
 20
267.774971
 42
-0.006747
  0
VERTEX
  8
0
 10
232.293454
 20
283.382324
 42
-0.005877
  0
VERTEX
  8
0
 10
218.213218
 20
298.911886
 42
-0.033295
  0
VERTEX
  8
0
 10
211.384890
 20
307.743389
 42
0.007109
  0
VERTEX
  8
0
 10
209.140687
 20
310.983082
 42
0.001357
  0
VERTEX
  8
0
 10
204.961718
 20
316.802746
 42
0.001447
  0
VERTEX
  8
0
 10
200.045010
 20
323.569389
 42
0.001330
  0
VERTEX
  8
0
 10
194.950111
 20
330.500000
 42
-0.002764
  0
VERTEX
  8
0
 10
180.311058
 20
350.533727
 42
-0.006652
  0
VERTEX
  8
0
 10
169.753387
 20
365.568387
 42
-0.003759
  0
VERTEX
  8
0
 10
161.891074
 20
377.275639
 42
-0.147014
  0
VERTEX
  8
0
 10
161.000000
 20
380.240705
 42
-0.121000
  0
VERTEX
  8
0
 10
161.269046
 20
381.336187
 42
-0.012448
  0
VERTEX
  8
0
 10
162.570974
 20
383.682663
 42
-0.014933
  0
VERTEX
  8
0
 10
164.299866
 20
386.432255
 42
-0.011398
  0
VERTEX
  8
0
 10
166.347998
 20
389.338022
 42
0.006025
  0
VERTEX
  8
0
 10
177.216081
 20
404.410445
 42
0.003601
  0
VERTEX
  8
0
 10
189.792245
 20
422.579071
 42
0.003448
  0
VERTEX
  8
0
 10
202.940523
 20
442.158440
 42
0.003625
  0
VERTEX
  8
0
 10
215.597224
 20
461.594346
 42
0.000000
  0
VERTEX
  8
0
 10
218.862315
 20
466.688691
 42
0.000000
  0
VERTEX
  8
0
 10
235.681158
 20
467.350971
 42
-0.000702
  0
VERTEX
  8
0
 10
244.147347
 20
467.672446
 42
-0.000251
  0
VERTEX
  8
0
 10
256.225090
 20
468.108017
 42
-0.000249
  0
VERTEX
  8
0
 10
269.472738
 20
468.572521
 42
-0.000294
  0
VERTEX
  8
0
 10
282.000000
 20
468.998139
 42
0.001065
  0
VERTEX
  8
0
 10
314.183925
 20
470.141257
 42
0.000746
  0
VERTEX
  8
0
 10
350.429669
 20
471.560125
 42
0.000137
  0
VERTEX
  8
0
 10
386.992861
 20
473.056148
 42
0.029375
  0
VERTEX
  8
0
 10
390.500000
 20
473.407682
 42
-0.027594
  0
VERTEX
  8
0
 10
394.009046
 20
473.772024
 42
-0.015289
  0
VERTEX
  8
0
 10
398.315524
 20
473.848292
 42
-0.006497
  0
VERTEX
  8
0
 10
402.526224
 20
473.739370
 42
-0.402878
  0
SEQEND
  0
POLYLINE
  8
0
 66
1
 70
1
  0
VERTEX
  8
0
 10
595.500000
 20
473.014015
 42
0.004154
  0
VERTEX
  8
0
 10
617.550669
 20
471.851780
 42
0.000714
  0
VERTEX
  8
0
 10
659.401306
 20
470.054387
 42
0.000811
  0
VERTEX
  8
0
 10
701.944288
 20
468.357230
 42
0.002504
  0
VERTEX
  8
0
 10
730.699744
 20
467.400969
 42
0.000000
  0
VERTEX
  8
0
 10
754.899488
 20
466.717507
 42
0.000000
  0
VERTEX
  8
0
 10
761.601315
 20
455.108754
 42
0.010405
  0
VERTEX
  8
0
 10
770.129461
 20
441.021856
 42
0.007238
  0
VERTEX
  8
0
 10
780.315680
 20
425.462951
 42
0.006769
  0
VERTEX
  8
0
 10
791.777943
 20
408.981513
 42
0.005960
  0
VERTEX
  8
0
 10
804.171181
 20
392.095205
 42
-0.006376
  0
VERTEX
  8
0
 10
807.170822
 20
388.000932
 42
-0.009293
  0
VERTEX
  8
0
 10
809.700284
 20
384.311260
 42
-0.005387
  0
VERTEX
  8
0
 10
811.724450
 20
381.164411
 42
-0.141134
  0
VERTEX
  8
0
 10
812.000000
 20
380.207655
 42
-0.153084
  0
VERTEX
  8
0
 10
811.384011
 20
378.242876
 42
-0.001335
  0
VERTEX
  8
0
 10
802.282138
 20
365.228110
 42
-0.004516
  0
VERTEX
  8
0
 10
791.653533
 20
350.402716
 42
-0.002958
  0
VERTEX
  8
0
 10
779.148990
 20
333.500000
 42
-0.013499
  0
VERTEX
  8
0
 10
750.745335
 20
297.637232
 42
-0.024520
  0
VERTEX
  8
0
 10
725.371326
 20
270.173907
 42
-0.029960
  0
VERTEX
  8
0
 10
701.904767
 20
249.758088
 42
-0.047836
  0
VERTEX
  8
0
 10
679.409664
 20
235.639493
 42
-0.023653
  0
VERTEX
  8
0
 10
664.926806
 20
229.213641
 42
-0.030722
  0
VERTEX
  8
0
 10
651.098170
 20
224.801168
 42
-0.025881
  0
VERTEX
  8
0
 10
635.093610
 20
221.628560
 42
-0.011159
  0
VERTEX
  8
0
 10
613.500000
 20
218.989187
 42
0.020350
  0
VERTEX
  8
0
 10
595.394261
 20
216.437644
 42
0.019392
  0
VERTEX
  8
0
 10
577.258798
 20
212.392191
 42
0.020253
  0
VERTEX
  8
0
 10
560.518284
 20
207.236581
 42
0.031826
  0
VERTEX
  8
0
 10
546.678326
 20
201.338008
 42
0.020913
  0
VERTEX
  8
0
 10
533.343726
 20
193.908286
 42
0.027350
  0
VERTEX
  8
0
 10
521.866316
 20
185.974307
 42
0.026162
  0
VERTEX
  8
0
 10
510.939808
 20
176.547638
 42
0.016822
  0
VERTEX
  8
0
 10
499.250000
 20
164.564406
 42
0.000000
  0
VERTEX
  8
0
 10
493.000000
 20
157.710751
 42
0.000000
  0
VERTEX
  8
0
 10
493.000000
 20
272.814907
 42
0.000000
  0
VERTEX
  8
0
 10
493.000000
 20
387.919062
 42
0.000000
  0
VERTEX
  8
0
 10
495.750000
 20
390.566554
 42
-0.033749
  0
VERTEX
  8
0
 10
499.656985
 20
393.850260
 42
-0.028405
  0
VERTEX
  8
0
 10
504.195375
 20
396.789205
 42
-0.027691
  0
VERTEX
  8
0
 10
509.167121
 20
399.267987
 42
-0.027884
  0
VERTEX
  8
0
 10
514.370969
 20
401.175706
 42
-0.019699
  0
VERTEX
  8
0
 10
518.475636
 20
402.251109
 42
-0.032611
  0
VERTEX
  8
0
 10
522.014581
 20
402.791916
 42
-0.025730
  0
VERTEX
  8
0
 10
526.133735
 20
402.936119
 42
-0.007844
  0
VERTEX
  8
0
 10
532.370969
 20
402.735562
 42
-0.012298
  0
VERTEX
  8
0
 10
537.345680
 20
402.374627
 42
-0.007828
  0
VERTEX
  8
0
 10
543.113987
 20
401.721898
 42
-0.007863
  0
VERTEX
  8
0
 10
548.756020
 20
400.903437
 42
-0.014451
  0
VERTEX
  8
0
 10
553.314946
 20
400.032873
 42
0.005799
  0
VERTEX
  8
0
 10
558.549063
 20
398.939189
 42
0.028832
  0
VERTEX
  8
0
 10
561.524266
 20
398.529799
 42
0.054336
  0
VERTEX
  8
0
 10
563.418562
 20
398.585643
 42
0.139568
  0
VERTEX
  8
0
 10
564.660984
 20
399.133605
 42
0.063268
  0
VERTEX
  8
0
 10
568.279549
 20
403.004616
 42
0.003041
  0
VERTEX
  8
0
 10
578.564174
 20
417.433390
 42
0.001515
  0
VERTEX
  8
0
 10
589.231764
 20
432.691660
 42
0.152955
  0
VERTEX
  8
0
 10
590.000000
 20
435.144214
 42
0.154992
  0
VERTEX
  8
0
 10
589.853536
 20
435.605354
 42
0.006520
  0
VERTEX
  8
0
 10
588.830924
 20
437.013468
 42
0.010710
  0
VERTEX
  8
0
 10
587.545035
 20
438.661549
 42
0.007358
  0
VERTEX
  8
0
 10
586.020166
 20
440.476700
 42
-0.012554
  0
VERTEX
  8
0
 10
584.319376
 20
442.544520
 42
-0.008707
  0
VERTEX
  8
0
 10
582.497831
 20
444.961694
 42
-0.008787
  0
VERTEX
  8
0
 10
580.828729
 20
447.345735
 42
-0.017841
  0
VERTEX
  8
0
 10
579.617944
 20
449.287520
 42
-0.031113
  0
VERTEX
  8
0
 10
577.142386
 20
454.288325
 42
-0.015220
  0
VERTEX
  8
0
 10
574.589145
 20
460.929800
 42
-0.013435
  0
VERTEX
  8
0
 10
572.522974
 20
467.386345
 42
-0.070830
  0
VERTEX
  8
0
 10
572.000000
 20
471.059597
 42
-0.191429
  0
VERTEX
  8
0
 10
572.766953
 20
472.989420
 42
-0.184879
  0
VERTEX
  8
0
 10
574.662835
 20
473.901975
 42
-0.034598
  0
VERTEX
  8
0
 10
579.179869
 20
473.964345
 42
-0.001401
  0
SEQEND
  0
POLYLINE
  8
0
 66
1
 70
1
  0
VERTEX
  8
0
 10
131.883266
 20
401.750000
 42
-0.043109
  0
VERTEX
  8
0
 10
132.246725
 20
400.430104
 42
-0.007811
  0
VERTEX
  8
0
 10
132.669464
 20
397.921159
 42
-0.008363
  0
VERTEX
  8
0
 10
133.070482
 20
394.959363
 42
-0.007492
  0
VERTEX
  8
0
 10
133.388869
 20
391.875221
 42
0.032352
  0
VERTEX
  8
0
 10
136.544077
 20
371.355202
 42
0.031418
  0
VERTEX
  8
0
 10
142.339371
 20
351.206350
 42
0.030789
  0
VERTEX
  8
0
 10
150.748821
 20
331.559723
 42
0.028413
  0
VERTEX
  8
0
 10
161.710053
 20
312.539659
 42
0.011961
  0
VERTEX
  8
0
 10
171.716040
 20
298.024534
 42
0.017004
  0
VERTEX
  8
0
 10
181.341390
 20
285.659922
 42
0.013063
  0
VERTEX
  8
0
 10
193.527869
 20
271.810058
 42
0.004094
  0
VERTEX
  8
0
 10
212.484933
 20
251.700706
 42
-0.002632
  0
VERTEX
  8
0
 10
219.412346
 20
244.395147
 42
-0.004094
  0
VERTEX
  8
0
 10
225.299267
 20
238.017207
 42
-0.001287
  0
VERTEX
  8
0
 10
230.331062
 20
232.446620
 42
-0.128543
  0
VERTEX
  8
0
 10
230.810444
 20
231.517589
 42
0.163533
  0
VERTEX
  8
0
 10
232.803866
 20
228.228560
 42
0.002878
  0
VERTEX
  8
0
 10
248.959833
 20
214.731644
 42
0.007969
  0
VERTEX
  8
0
 10
265.687440
 20
201.362429
 42
0.012567
  0
VERTEX
  8
0
 10
280.500000
 20
190.489571
 42
0.020227
  0
VERTEX
  8
0
 10
305.681807
 20
174.433232
 42
0.016177
  0
VERTEX
  8
0
 10
334.003276
 20
159.151007
 42
0.016251
  0
VERTEX
  8
0
 10
363.072356
 20
145.820284
 42
0.021214
  0
VERTEX
  8
0
 10
390.500000
 20
135.651090
 42
0.011612
  0
VERTEX
  8
0
 10
407.629042
 20
130.550580
 42
0.010683
  0
VERTEX
  8
0
 10
425.457307
 20
126.096471
 42
0.010827
  0
VERTEX
  8
0
 10
443.182899
 20
122.470000
 42
0.013004
  0
VERTEX
  8
0
 10
460.000000
 20
119.857013
 42
0.023582
  0
VERTEX
  8
0
 10
473.817213
 20
118.735625
 42
0.012435
  0
VERTEX
  8
0
 10
491.032928
 20
118.581433
 42
0.012429
  0
VERTEX
  8
0
 10
508.344945
 20
119.287637
 42
0.022214
  0
VERTEX
  8
0
 10
522.500000
 20
120.851674
 42
0.025369
  0
VERTEX
  8
0
 10
557.419546
 20
128.119241
 42
0.023373
  0
VERTEX
  8
0
 10
592.411116
 20
139.045430
 42
0.022739
  0
VERTEX
  8
0
 10
627.175988
 20
153.533910
 42
0.021042
  0
VERTEX
  8
0
 10
661.416666
 20
171.465246
 42
0.018010
  0
VERTEX
  8
0
 10
675.582649
 20
180.356651
 42
0.006792
  0
VERTEX
  8
0
 10
694.761275
 20
193.764038
 42
0.006879
  0
VERTEX
  8
0
 10
713.869040
 20
207.914991
 42
0.014887
  0
VERTEX
  8
0
 10
728.073015
 20
219.424221
 42
-0.002745
  0
VERTEX
  8
0
 10
729.821741
 20
220.912952
 42
-0.001152
  0
VERTEX
  8
0
 10
732.190634
 20
222.898010
 42
-0.001140
  0
VERTEX
  8
0
 10
734.733685
 20
225.009240
 42
-0.001482
  0
VERTEX
  8
0
 10
737.073015
 20
226.930707
 42
0.023740
  0
VERTEX
  8
0
 10
746.651800
 20
235.540001
 42
0.005268
  0
VERTEX
  8
0
 10
762.166416
 20
251.202798
 42
0.005572
  0
VERTEX
  8
0
 10
777.497470
 20
267.366537
 42
0.018332
  0
VERTEX
  8
0
 10
787.092520
 20
278.503490
 42
0.019225
  0
VERTEX
  8
0
 10
809.793887
 20
309.246083
 42
0.036052
  0
VERTEX
  8
0
 10
825.286828
 20
335.960832
 42
0.041442
  0
VERTEX
  8
0
 10
835.367942
 20
361.903863
 42
0.037320
  0
VERTEX
  8
0
 10
841.467175
 20
390.078877
 42
-0.008549
  0
VERTEX
  8
0
 10
842.596668
 20
397.275454
 42
-0.043331
  0
VERTEX
  8
0
 10
843.637366
 20
401.197281
 42
-0.094596
  0
VERTEX
  8
0
 10
844.863740
 20
403.268369
 42
-0.215115
  0
VERTEX
  8
0
 10
846.485603
 20
404.000000
 42
-0.201155
  0
VERTEX
  8
0
 10
848.342319
 20
403.221525
 42
-0.011884
  0
VERTEX
  8
0
 10
852.605825
 20
398.672460
 42
-0.016770
  0
VERTEX
  8
0
 10
857.421352
 20
392.905138
 42
-0.012532
  0
VERTEX
  8
0
 10
862.348483
 20
386.247306
 42
0.008350
  0
VERTEX
  8
0
 10
864.697548
 20
383.016957
 42
0.010805
  0
VERTEX
  8
0
 10
866.964622
 20
380.137985
 42
0.008702
  0
VERTEX
  8
0
 10
868.942863
 20
377.818009
 42
0.089220
  0
VERTEX
  8
0
 10
869.928052
 20
377.038505
 42
0.147291
  0
VERTEX
  8
0
 10
872.223318
 20
376.575819
 42
0.047205
  0
VERTEX
  8
0
 10
875.677313
 20
377.232584
 42
0.031551
  0
VERTEX
  8
0
 10
880.468204
 20
378.956054
 42
0.010507
  0
VERTEX
  8
0
 10
887.250270
 20
382.061684
 42
-0.012333
  0
VERTEX
  8
0
 10
894.010329
 20
385.127425
 42
-0.093027
  0
VERTEX
  8
0
 10
897.422719
 20
385.874686
 42
-0.216278
  0
VERTEX
  8
0
 10
899.516150
 20
384.999615
 42
-0.107940
  0
VERTEX
  8
0
 10
901.008123
 20
382.475386
 42
-0.100149
  0
VERTEX
  8
0
 10
901.877600
 20
375.212182
 42
-0.018857
  0
VERTEX
  8
0
 10
900.292696
 20
361.865757
 42
-0.019933
  0
VERTEX
  8
0
 10
897.245489
 20
346.499674
 42
-0.019310
  0
VERTEX
  8
0
 10
892.957836
 20
331.259151
 42
-0.041766
  0
VERTEX
  8
0
 10
878.486106
 20
296.678157
 42
-0.028172
  0
VERTEX
  8
0
 10
856.623015
 20
259.884852
 42
-0.027244
  0
VERTEX
  8
0
 10
829.668966
 20
224.203846
 42
-0.030104
  0
VERTEX
  8
0
 10
799.822390
 20
192.903312
 42
-0.012503
  0
VERTEX
  8
0
 10
778.718099
 20
174.244362
 42
-0.015169
  0
VERTEX
  8
0
 10
757.996204
 20
157.873216
 42
-0.014169
  0
VERTEX
  8
0
 10
735.178316
 20
141.926455
 42
-0.008855
  0
VERTEX
  8
0
 10
707.623440
 20
124.500000
 42
0.004030
  0
VERTEX
  8
0
 10
701.622422
 20
120.785374
 42
0.004350
  0
VERTEX
  8
0
 10
695.833603
 20
117.066492
 42
0.004111
  0
VERTEX
  8
0
 10
690.922701
 20
113.792910
 42
0.020802
  0
VERTEX
  8
0
 10
688.277717
 20
111.832740
 42
-0.050721
  0
VERTEX
  8
0
 10
677.696504
 20
104.930197
 42
-0.008364
  0
VERTEX
  8
0
 10
655.818384
 20
94.092446
 42
-0.009797
  0
VERTEX
  8
0
 10
631.620113
 20
83.181032
 42
-0.014574
  0
VERTEX
  8
0
 10
610.000000
 20
74.673811
 42
-0.023119
  0
VERTEX
  8
0
 10
574.648327
 20
63.757513
 42
-0.021686
  0
VERTEX
  8
0
 10
537.679725
 20
55.881499
 42
-0.022729
  0
VERTEX
  8
0
 10
502.836678
 20
51.641520
 42
-0.041318
  0
VERTEX
  8
0
 10
474.169699
 20
51.840686
 42
-0.020727
  0
VERTEX
  8
0
 10
441.327808
 20
56.167265
 42
-0.018465
  0
VERTEX
  8
0
 10
407.650798
 20
63.322752
 42
-0.017921
  0
VERTEX
  8
0
 10
373.565644
 20
73.202575
 42
-0.016769
  0
VERTEX
  8
0
 10
339.500000
 20
85.695385
 42
0.001862
  0
VERTEX
  8
0
 10
332.781141
 20
88.389179
 42
0.001692
  0
VERTEX
  8
0
 10
325.824203
 20
91.121187
 42
0.001692
  0
VERTEX
  8
0
 10
319.584337
 20
93.522979
 42
0.005455
  0
VERTEX
  8
0
 10
315.412181
 20
95.060781
 42
-0.020902
  0
VERTEX
  8
0
 10
307.559178
 20
98.234070
 42
-0.011546
  0
VERTEX
  8
0
 10
298.234172
 20
102.726053
 42
-0.010341
  0
VERTEX
  8
0
 10
287.825901
 20
108.313634
 42
-0.007831
  0
VERTEX
  8
0
 10
276.634146
 20
114.856470
 42
0.002039
  0
VERTEX
  8
0
 10
271.679173
 20
117.830756
 42
0.001360
  0
VERTEX
  8
0
 10
265.980030
 20
121.199252
 42
0.001369
  0
VERTEX
  8
0
 10
260.434634
 20
124.436174
 42
0.002685
  0
VERTEX
  8
0
 10
256.000000
 20
126.976750
 42
-0.004996
  0
VERTEX
  8
0
 10
251.780585
 20
129.419999
 42
-0.003225
  0
VERTEX
  8
0
 10
246.940625
 20
132.329860
 42
-0.003241
  0
VERTEX
  8
0
 10
242.245130
 20
135.236193
 42
-0.006109
  0
VERTEX
  8
0
 10
238.500000
 20
137.652302
 42
-0.011019
  0
VERTEX
  8
0
 10
232.978555
 20
141.488399
 42
-0.018250
  0
VERTEX
  8
0
 10
228.516885
 20
144.992314
 42
-0.011662
  0
VERTEX
  8
0
 10
223.138691
 20
149.762468
 42
-0.002127
  0
VERTEX
  8
0
 10
213.426862
 20
158.866946
 42
0.001598
  0
VERTEX
  8
0
 10
209.633143
 20
162.430964
 42
0.000813
  0
VERTEX
  8
0
 10
204.840728
 20
166.889905
 42
0.000807
  0
VERTEX
  8
0
 10
199.882076
 20
171.473639
 42
0.001208
  0
VERTEX
  8
0
 10
195.534217
 20
175.460390
 42
-0.006076
  0
VERTEX
  8
0
 10
191.654892
 20
179.087673
 42
-0.007428
  0
VERTEX
  8
0
 10
188.120187
 20
182.576324
 42
-0.006328
  0
VERTEX
  8
0
 10
185.236022
 20
185.583959
 42
-0.051398
  0
VERTEX
  8
0
 10
184.084060
 20
187.102172
 42
0.047458
  0
VERTEX
  8
0
 10
183.104875
 20
188.413962
 42
0.013688
  0
VERTEX
  8
0
 10
181.353547
 20
190.243926
 42
0.013637
  0
VERTEX
  8
0
 10
179.255836
 20
192.208774
 42
0.014136
  0
VERTEX
  8
0
 10
177.078547
 20
194.032146
 42
-0.025837
  0
VERTEX
  8
0
 10
168.977701
 20
201.145116
 42
-0.005755
  0
VERTEX
  8
0
 10
155.925924
 20
214.153373
 42
-0.006185
  0
VERTEX
  8
0
 10
142.963686
 20
227.704531
 42
-0.017817
  0
VERTEX
  8
0
 10
134.437432
 20
237.520713
 42
-0.021701
  0
VERTEX
  8
0
 10
116.315210
 20
262.056768
 42
-0.024217
  0
VERTEX
  8
0
 10
101.087318
 20
287.212348
 42
-0.025276
  0
VERTEX
  8
0
 10
88.947953
 20
312.642229
 42
-0.029156
  0
VERTEX
  8
0
 10
80.076587
 20
338.000000
 42
-0.021658
  0
VERTEX
  8
0
 10
76.697352
 20
352.118157
 42
-0.021232
  0
VERTEX
  8
0
 10
74.525593
 20
366.569394
 42
-0.018665
  0
VERTEX
  8
0
 10
73.651501
 20
379.147383
 42
-0.131616
  0
VERTEX
  8
0
 10
75.035184
 20
385.065741
 42
-0.187346
  0
VERTEX
  8
0
 10
76.694140
 20
386.488784
 42
-0.134009
  0
VERTEX
  8
0
 10
79.157881
 20
386.666908
 42
-0.052342
  0
VERTEX
  8
0
 10
83.256574
 20
385.404212
 42
-0.007894
  0
VERTEX
  8
0
 10
91.114856
 20
381.902241
 42
0.007878
  0
VERTEX
  8
0
 10
96.103093
 20
379.679091
 42
0.018560
  0
VERTEX
  8
0
 10
99.906483
 20
378.219702
 42
0.021638
  0
VERTEX
  8
0
 10
102.749899
 20
377.383570
 42
0.127168
  0
VERTEX
  8
0
 10
104.292431
 20
377.399382
 42
0.129798
  0
VERTEX
  8
0
 10
105.521143
 20
378.105152
 42
0.015296
  0
VERTEX
  8
0
 10
107.714029
 20
380.409250
 42
0.016811
  0
VERTEX
  8
0
 10
110.265683
 20
383.460503
 42
0.011084
  0
VERTEX
  8
0
 10
113.000000
 20
387.127764
 42
-0.013749
  0
VERTEX
  8
0
 10
120.574761
 20
397.174831
 42
-0.059667
  0
VERTEX
  8
0
 10
125.880863
 20
402.404005
 42
-0.178267
  0
VERTEX
  8
0
 10
129.447364
 20
403.531043
 42
-0.300912
  0
SEQEND
  0
POLYLINE
  8
0
 66
1
 70
1
  0
VERTEX
  8
0
 10
206.771973
 20
284.500000
 42
0.005100
  0
VERTEX
  8
0
 10
226.971655
 20
262.230404
 42
0.014369
  0
VERTEX
  8
0
 10
241.688527
 20
247.223303
 42
0.016735
  0
VERTEX
  8
0
 10
255.932911
 20
234.399653
 42
0.009332
  0
VERTEX
  8
0
 10
274.072569
 20
219.705909
 42
-0.002585
  0
VERTEX
  8
0
 10
280.980162
 20
214.263227
 42
-0.003443
  0
VERTEX
  8
0
 10
287.196253
 20
209.242770
 42
-0.002434
  0
VERTEX
  8
0
 10
292.354404
 20
204.975622
 42
-0.034836
  0
VERTEX
  8
0
 10
294.072569
 20
203.323990
 42
0.000000
  0
VERTEX
  8
0
 10
296.500000
 20
200.641344
 42
0.000000
  0
VERTEX
  8
0
 10
291.500000
 20
203.501371
 42
-0.008397
  0
VERTEX
  8
0
 10
285.041856
 20
207.340811
 42
-0.011260
  0
VERTEX
  8
0
 10
279.328766
 20
211.048724
 42
-0.010335
  0
VERTEX
  8
0
 10
273.426625
 20
215.252293
 42
-0.005615
  0
VERTEX
  8
0
 10
266.342181
 20
220.646574
 42
-0.007646
  0
VERTEX
  8
0
 10
257.028622
 20
228.136519
 42
-0.011589
  0
VERTEX
  8
0
 10
249.184811
 20
234.957495
 42
-0.006194
  0
VERTEX
  8
0
 10
238.811290
 20
244.647216
 42
-0.000799
  0
VERTEX
  8
0
 10
216.897856
 20
265.697698
 42
0.005545
  0
VERTEX
  8
0
 10
211.581420
 20
270.708619
 42
0.022228
  0
VERTEX
  8
0
 10
208.164297
 20
273.588488
 42
0.033555
  0
VERTEX
  8
0
 10
205.782840
 20
275.178702
 42
0.196846
  0
VERTEX
  8
0
 10
204.322278
 20
275.374027
 42
-0.190715
  0
VERTEX
  8
0
 10
202.025708
 20
275.653569
 42
-0.052746
  0
VERTEX
  8
0
 10
198.977009
 20
277.754657
 42
-0.034243
  0
VERTEX
  8
0
 10
195.044087
 20
281.624220
 42
-0.011065
  0
VERTEX
  8
0
 10
189.759181
 20
287.861522
 42
0.001220
  0
VERTEX
  8
0
 10
187.346932
 20
290.824860
 42
0.001821
  0
VERTEX
  8
0
 10
185.221990
 20
293.403072
 42
0.000762
  0
VERTEX
  8
0
 10
183.391534
 20
295.600758
 42
0.038818
  0
VERTEX
  8
0
 10
183.001599
 20
296.000000
 42
-0.036776
  0
VERTEX
  8
0
 10
182.669015
 20
296.337757
 42
-0.003828
  0
VERTEX
  8
0
 10
181.954306
 20
297.192332
 42
-0.004737
  0
VERTEX
  8
0
 10
181.119240
 20
298.226305
 42
-0.003776
  0
VERTEX
  8
0
 10
180.237539
 20
299.356873
 42
-0.026472
  0
VERTEX
  8
0
 10
179.222052
 20
300.835279
 42
-0.073895
  0
VERTEX
  8
0
 10
178.731696
 20
301.990525
 42
-0.101613
  0
VERTEX
  8
0
 10
178.679229
 20
303.011175
 42
-0.085262
  0
VERTEX
  8
0
 10
179.022013
 20
304.041132
 42
0.058619
  0
VERTEX
  8
0
 10
179.398627
 20
304.999901
 42
0.020995
  0
VERTEX
  8
0
 10
179.712716
 20
306.436783
 42
0.020493
  0
VERTEX
  8
0
 10
179.928113
 20
308.056101
 42
0.022819
  0
VERTEX
  8
0
 10
180.000000
 20
309.630425
 42
0.000000
  0
VERTEX
  8
0
 10
180.000000
 20
313.392334
 42
0.000000
  0
VERTEX
  8
0
 10
183.611060
 20
309.946167
 42
-0.016362
  0
VERTEX
  8
0
 10
185.900519
 20
307.613439
 42
-0.001224
  0
VERTEX
  8
0
 10
191.904140
 20
301.049811
 42
-0.001694
  0
VERTEX
  8
0
 10
199.020878
 20
293.177465
 42
-0.001286
  0
SEQEND
  0
POLYLINE
  8
0
 66
1
 70
1
  0
VERTEX
  8
0
 10
791.236702
 20
308.676608
 42
0.019724
  0
VERTEX
  8
0
 10
790.331051
 20
306.993316
 42
0.007575
  0
VERTEX
  8
0
 10
789.201829
 20
304.588521
 42
0.007487
  0
VERTEX
  8
0
 10
788.053874
 20
301.939241
 42
0.009142
  0
VERTEX
  8
0
 10
787.063008
 20
299.426608
 42
-0.038874
  0
VERTEX
  8
0
 10
784.340159
 20
293.567883
 42
-0.036367
  0
VERTEX
  8
0
 10
780.689546
 20
288.061708
 42
-0.038514
  0
VERTEX
  8
0
 10
776.689383
 20
283.637928
 42
-0.087991
  0
VERTEX
  8
0
 10
772.947143
 20
281.169388
 42
0.071582
  0
VERTEX
  8
0
 10
770.430903
 20
279.624886
 42
0.005154
  0
VERTEX
  8
0
 10
764.180874
 20
274.320456
 42
0.006732
  0
VERTEX
  8
0
 10
756.516931
 20
267.496102
 42
0.004000
  0
VERTEX
  8
0
 10
747.561858
 20
259.170657
 42
-0.002332
  0
VERTEX
  8
0
 10
738.545200
 20
250.731685
 42
-0.002181
  0
VERTEX
  8
0
 10
729.248161
 20
242.186404
 42
-0.002171
  0
VERTEX
  8
0
 10
720.928656
 20
234.672148
 42
-0.007461
  0
VERTEX
  8
0
 10
715.435451
 20
229.899512
 42
-0.007967
  0
VERTEX
  8
0
 10
707.745103
 20
223.623608
 42
-0.009590
  0
VERTEX
  8
0
 10
700.313726
 20
217.981826
 42
-0.003140
  0
VERTEX
  8
0
 10
693.509329
 20
213.084006
 42
-0.365882
  0
VERTEX
  8
0
 10
692.497582
 20
213.169085
 42
-0.419297
  0
VERTEX
  8
0
 10
692.499844
 20
213.430161
 42
-0.003058
  0
VERTEX
  8
0
 10
694.232899
 20
215.083817
 42
-0.008747
  0
VERTEX
  8
0
 10
696.332788
 20
216.994850
 42
-0.005218
  0
VERTEX
  8
0
 10
698.894116
 20
219.198250
 42
0.008041
  0
VERTEX
  8
0
 10
707.427012
 20
226.622990
 42
0.002355
  0
VERTEX
  8
0
 10
720.299730
 20
238.303000
 42
0.002217
  0
VERTEX
  8
0
 10
732.944730
 20
249.989005
 42
0.010422
  0
VERTEX
  8
0
 10
740.039095
 20
256.885863
 42
0.006907
  0
VERTEX
  8
0
 10
743.287697
 20
260.270754
 42
0.001011
  0
VERTEX
  8
0
 10
749.768291
 20
267.240888
 42
0.001142
  0
VERTEX
  8
0
 10
757.393389
 20
275.513140
 42
0.000980
  0
VERTEX
  8
0
 10
765.381458
 20
284.253330
 42
-0.002719
  0
VERTEX
  8
0
 10
776.780237
 20
296.638587
 42
-0.007638
  0
VERTEX
  8
0
 10
784.936330
 20
305.140187
 42
-0.004429
  0
VERTEX
  8
0
 10
791.159775
 20
311.321506
 42
-0.195729
  0
VERTEX
  8
0
 10
792.826620
 20
312.000000
 42
-0.540298
  0
VERTEX
  8
0
 10
792.904318
 20
311.881425
 42
-0.008891
  0
VERTEX
  8
0
 10
792.512591
 20
311.023753
 42
-0.013929
  0
VERTEX
  8
0
 10
791.962432
 20
309.951536
 42
-0.007778
  0
SEQEND
  0
POLYLINE
  8
0
 66
1
 70
1
  0
VERTEX
  8
0
 10
362.144045
 20
186.976699
 42
-0.032903
  0
VERTEX
  8
0
 10
389.411429
 20
182.456627
 42
-0.040144
  0
VERTEX
  8
0
 10
414.032605
 20
174.561588
 42
-0.043306
  0
VERTEX
  8
0
 10
435.409342
 20
163.511144
 42
-0.053284
  0
VERTEX
  8
0
 10
452.998400
 20
149.572378
 42
-0.019572
  0
VERTEX
  8
0
 10
457.395710
 20
144.899811
 42
-0.071434
  0
VERTEX
  8
0
 10
459.597984
 20
141.488744
 42
-0.168942
  0
VERTEX
  8
0
 10
459.822711
 20
139.153683
 42
-0.246204
  0
VERTEX
  8
0
 10
458.484045
 20
137.632251
 42
-0.139611
  0
VERTEX
  8
0
 10
454.039738
 20
137.235752
 42
-0.005162
  0
VERTEX
  8
0
 10
437.356240
 20
140.596344
 42
-0.009973
  0
VERTEX
  8
0
 10
419.227556
 20
144.822713
 42
-0.011247
  0
VERTEX
  8
0
 10
402.000000
 20
149.618026
 42
-0.018239
  0
VERTEX
  8
0
 10
376.654734
 20
158.312076
 42
-0.014754
  0
VERTEX
  8
0
 10
350.122532
 20
169.418113
 42
-0.006828
  0
VERTEX
  8
0
 10
325.911715
 20
180.803890
 42
-0.286892
  0
VERTEX
  8
0
 10
323.000000
 20
185.460796
 42
-0.390261
  0
VERTEX
  8
0
 10
324.595316
 20
187.193410
 42
-0.010940
  0
VERTEX
  8
0
 10
335.618972
 20
187.862114
 42
-0.018454
  0
VERTEX
  8
0
 10
348.559485
 20
187.885452
 42
-0.015850
  0
SEQEND
  0
POLYLINE
  8
0
 66
1
 70
1
  0
VERTEX
  8
0
 10
650.431411
 20
186.673812
 42
-0.073975
  0
VERTEX
  8
0
 10
651.308544
 20
185.807739
 42
-0.274371
  0
VERTEX
  8
0
 10
651.389348
 20
185.065916
 42
-0.105434
  0
VERTEX
  8
0
 10
650.706249
 20
184.142973
 42
-0.008313
  0
VERTEX
  8
0
 10
648.372540
 20
182.149532
 42
-0.042692
  0
VERTEX
  8
0
 10
644.461956
 20
179.445547
 42
-0.009345
  0
VERTEX
  8
0
 10
637.280384
 20
175.513423
 42
-0.008845
  0
VERTEX
  8
0
 10
628.143969
 20
170.934723
 42
-0.005659
  0
VERTEX
  8
0
 10
617.379611
 20
165.925351
 42
-0.015850
  0
VERTEX
  8
0
 10
602.958269
 20
159.954461
 42
-0.008429
  0
VERTEX
  8
0
 10
584.765156
 20
153.437134
 42
-0.008405
  0
VERTEX
  8
0
 10
566.067909
 20
147.441288
 42
-0.013714
  0
VERTEX
  8
0
 10
550.000000
 20
143.062013
 42
-0.007822
  0
VERTEX
  8
0
 10
538.871263
 20
140.538147
 42
-0.009377
  0
VERTEX
  8
0
 10
528.320641
 20
138.524168
 42
-0.005348
  0
VERTEX
  8
0
 10
519.139711
 20
137.050388
 42
-0.129436
  0
VERTEX
  8
0
 10
516.581838
 20
137.330222
 42
-0.240193
  0
VERTEX
  8
0
 10
515.149780
 20
138.921020
 42
-0.174992
  0
VERTEX
  8
0
 10
515.355275
 20
141.332798
 42
-0.073487
  0
VERTEX
  8
0
 10
517.644472
 20
144.840722
 42
-0.019882
  0
VERTEX
  8
0
 10
522.250000
 20
149.641392
 42
-0.049130
  0
VERTEX
  8
0
 10
540.055903
 20
163.696146
 42
-0.043628
  0
VERTEX
  8
0
 10
560.965168
 20
174.656807
 42
-0.040765
  0
VERTEX
  8
0
 10
584.842909
 20
182.414521
 42
-0.032696
  0
VERTEX
  8
0
 10
611.500000
 20
186.915826
 42
-0.016169
  0
VERTEX
  8
0
 10
622.621950
 20
187.690934
 42
-0.010866
  0
VERTEX
  8
0
 10
635.359477
 20
187.888563
 42
-0.005406
  0
VERTEX
  8
0
 10
647.484019
 20
187.682072
 42
-0.152038
  0
SEQEND
  0
POLYLINE
  8
0
 66
1
 70
1
  0
VERTEX
  8
0
 10
446.250000
 20
930.275952
 42
0.004791
  0
VERTEX
  8
0
 10
441.022294
 20
929.999628
 42
0.064904
  0
VERTEX
  8
0
 10
439.149480
 20
929.635531
 42
0.203901
  0
VERTEX
  8
0
 10
438.308563
 20
928.892121
 42
0.111604
  0
VERTEX
  8
0
 10
438.000000
 20
927.526945
 42
0.063049
  0
VERTEX
  8
0
 10
438.131091
 20
926.491492
 42
0.080091
  0
VERTEX
  8
0
 10
438.516149
 20
925.609666
 42
0.086064
  0
VERTEX
  8
0
 10
439.131407
 20
924.940230
 42
0.087349
  0
VERTEX
  8
0
 10
439.933143
 20
924.521219
 42
-0.199785
  0
VERTEX
  8
0
 10
442.357209
 20
922.472363
 42
-0.030784
  0
VERTEX
  8
0
 10
444.941399
 20
916.577692
 42
-0.017738
  0
VERTEX
  8
0
 10
448.291815
 20
906.335235
 42
-0.002992
  0
VERTEX
  8
0
 10
453.881492
 20
886.500000
 42
0.000589
  0
VERTEX
  8
0
 10
456.991878
 20
875.255900
 42
0.000894
  0
VERTEX
  8
0
 10
459.724398
 20
865.490613
 42
0.000320
  0
VERTEX
  8
0
 10
462.101332
 20
857.074907
 42
0.022875
  0
VERTEX
  8
0
 10
462.558788
 20
855.702088
 42
0.118089
  0
VERTEX
  8
0
 10
463.167484
 20
854.817087
 42
0.120463
  0
VERTEX
  8
0
 10
464.106905
 20
854.311837
 42
0.064389
  0
VERTEX
  8
0
 10
465.644824
 20
854.118460
 42
0.013727
  0
VERTEX
  8
0
 10
468.344299
 20
854.202088
 42
0.000000
  0
VERTEX
  8
0
 10
473.437851
 20
854.500000
 42
0.000000
  0
VERTEX
  8
0
 10
478.818591
 20
873.000000
 42
-0.001302
  0
VERTEX
  8
0
 10
480.910191
 20
880.122123
 42
-0.002086
  0
VERTEX
  8
0
 10
482.736337
 20
886.188021
 42
-0.000377
  0
VERTEX
  8
0
 10
484.374484
 20
891.533886
 42
-0.117361
  0
VERTEX
  8
0
 10
484.599666
 20
891.916667
 42
-0.514843
  0
VERTEX
  8
0
 10
485.285496
 20
891.816157
 42
-0.033626
  0
VERTEX
  8
0
 10
486.221435
 20
889.645857
 42
-0.012842
  0
VERTEX
  8
0
 10
487.697868
 20
885.103149
 42
-0.001124
  0
VERTEX
  8
0
 10
491.119093
 20
873.482140
 42
0.004073
  0
VERTEX
  8
0
 10
493.208299
 20
866.537090
 42
0.006268
  0
VERTEX
  8
0
 10
495.139905
 20
860.566439
 42
0.002444
  0
VERTEX
  8
0
 10
496.878977
 20
855.494407
 42
0.159304
  0
VERTEX
  8
0
 10
497.434566
 20
854.765313
 42
0.097365
  0
VERTEX
  8
0
 10
498.094114
 20
854.478989
 42
0.018057
  0
VERTEX
  8
0
 10
499.401654
 20
854.241942
 42
0.018751
  0
VERTEX
  8
0
 10
500.973734
 20
854.075093
 42
0.016135
  0
VERTEX
  8
0
 10
502.634896
 20
854.015313
 42
0.025537
  0
VERTEX
  8
0
 10
505.249936
 20
854.139252
 42
0.159084
  0
VERTEX
  8
0
 10
506.461825
 20
854.671671
 42
0.119809
  0
VERTEX
  8
0
 10
507.299319
 20
855.888384
 42
0.011912
  0
VERTEX
  8
0
 10
508.490505
 20
859.250000
 42
0.005598
  0
VERTEX
  8
0
 10
509.418717
 20
862.192949
 42
0.001175
  0
VERTEX
  8
0
 10
510.973015
 20
867.364063
 42
0.001231
  0
VERTEX
  8
0
 10
512.747439
 20
873.372251
 42
0.001166
  0
VERTEX
  8
0
 10
514.525282
 20
879.500000
 42
-0.001716
  0
VERTEX
  8
0
 10
521.819620
 20
904.538534
 42
-0.016979
  0
VERTEX
  8
0
 10
525.276311
 20
914.939286
 42
-0.042508
  0
VERTEX
  8
0
 10
527.979008
 20
920.683398
 42
-0.095791
  0
VERTEX
  8
0
 10
531.123511
 20
924.299559
 42
0.063133
  0
VERTEX
  8
0
 10
533.757642
 20
926.958847
 42
0.392779
  0
VERTEX
  8
0
 10
533.593177
 20
928.703590
 42
0.160707
  0
VERTEX
  8
0
 10
531.034101
 20
929.814597
 42
0.017495
  0
VERTEX
  8
0
 10
524.531385
 20
930.178571
 42
-0.000263
  0
VERTEX
  8
0
 10
521.101046
 20
930.252176
 42
-0.000308
  0
VERTEX
  8
0
 10
517.849180
 20
930.325670
 42
-0.000271
  0
VERTEX
  8
0
 10
515.100983
 20
930.390966
 42
-0.001908
  0
VERTEX
  8
0
 10
513.763695
 20
930.428571
 42
0.150993
  0
VERTEX
  8
0
 10
511.984556
 20
929.940407
 42
0.250978
  0
VERTEX
  8
0
 10
511.242186
 20
928.617840
 42
0.155449
  0
VERTEX
  8
0
 10
511.819249
 20
926.675148
 42
0.065910
  0
VERTEX
  8
0
 10
513.649426
 20
924.625128
 42
0.000000
  0
VERTEX
  8
0
 10
516.440508
 20
922.224340
 42
0.000000
  0
VERTEX
  8
0
 10
514.728341
 20
915.362170
 42
-0.007583
  0
VERTEX
  8
0
 10
512.611772
 20
907.395593
 42
-0.003604
  0
VERTEX
  8
0
 10
509.657464
 20
897.200671
 42
-0.000775
  0
VERTEX
  8
0
 10
506.473893
 20
886.563991
 42
-0.123886
  0
VERTEX
  8
0
 10
505.844244
 20
885.510911
 42
-0.561319
  0
VERTEX
  8
0
 10
505.560830
 20
885.579542
 42
-0.001479
  0
VERTEX
  8
0
 10
504.089199
 20
890.217258
 42
-0.005659
  0
VERTEX
  8
0
 10
502.444005
 20
895.670826
 42
-0.003293
  0
VERTEX
  8
0
 10
500.587094
 20
902.249992
 42
0.001038
  0
VERTEX
  8
0
 10
495.076753
 20
922.115787
 42
0.026250
  0
VERTEX
  8
0
 10
493.276762
 20
927.455350
 42
0.119020
  0
VERTEX
  8
0
 10
491.630933
 20
929.787480
 42
0.157060
  0
VERTEX
  8
0
 10
489.257185
 20
930.812823
 42
0.121357
  0
VERTEX
  8
0
 10
486.810614
 20
930.454653
 42
0.177636
  0
VERTEX
  8
0
 10
485.217191
 20
929.004091
 42
0.052770
  0
VERTEX
  8
0
 10
483.832692
 20
925.489377
 42
0.003509
  0
VERTEX
  8
0
 10
481.010938
 20
915.000000
 42
-0.002668
  0
VERTEX
  8
0
 10
479.649456
 20
909.904758
 42
-0.001784
  0
VERTEX
  8
0
 10
478.039422
 20
904.087500
 42
-0.001796
  0
VERTEX
  8
0
 10
476.438539
 20
898.460332
 42
-0.003534
  0
VERTEX
  8
0
 10
475.118061
 20
894.000000
 42
0.000000
  0
VERTEX
  8
0
 10
472.232416
 20
884.500000
 42
0.000000
  0
VERTEX
  8
0
 10
470.676270
 20
890.000000
 42
-0.002151
  0
VERTEX
  8
0
 10
467.327197
 20
902.034284
 42
-0.005009
  0
VERTEX
  8
0
 10
464.947473
 20
911.085232
 42
-0.004290
  0
VERTEX
  8
0
 10
463.294034
 20
917.885707
 42
-0.057545
  0
VERTEX
  8
0
 10
463.000000
 20
920.432051
 42
-0.077915
  0
VERTEX
  8
0
 10
463.178575
 20
921.571052
 42
-0.035477
  0
VERTEX
  8
0
 10
463.741863
 20
922.973374
 42
-0.034030
  0
VERTEX
  8
0
 10
464.558964
 20
924.397456
 42
-0.039637
  0
VERTEX
  8
0
 10
465.525491
 20
925.622006
 42
0.024829
  0
VERTEX
  8
0
 10
466.466453
 20
926.744247
 42
0.032352
  0
VERTEX
  8
0
 10
467.204782
 20
927.862786
 42
0.033880
  0
VERTEX
  8
0
 10
467.676867
 20
928.837546
 42
0.177322
  0
VERTEX
  8
0
 10
467.695794
 20
929.423528
 42
0.299734
  0
VERTEX
  8
0
 10
466.717940
 20
930.197701
 42
0.011878
  0
VERTEX
  8
0
 10
461.945317
 20
930.501087
 42
0.014978
  0
VERTEX
  8
0
 10
455.373808
 20
930.565310
 42
0.005761
  0
SEQEND
  0
POLYLINE
  8
0
 66
1
 70
1
  0
VERTEX
  8
0
 10
422.213717
 20
927.417407
 42
-0.128459
  0
VERTEX
  8
0
 10
421.463533
 20
926.637109
 42
-0.125199
  0
VERTEX
  8
0
 10
420.420197
 20
926.313853
 42
-0.053859
  0
VERTEX
  8
0
 10
418.677686
 20
926.411998
 42
-0.007595
  0
VERTEX
  8
0
 10
415.133466
 20
927.053525
 42
0.078839
  0
VERTEX
  8
0
 10
402.559128
 20
927.517778
 42
0.087770
  0
VERTEX
  8
0
 10
390.954663
 20
923.984725
 42
0.087616
  0
VERTEX
  8
0
 10
381.251058
 20
916.677937
 42
0.078234
  0
VERTEX
  8
0
 10
374.180056
 20
906.218065
 42
0.024984
  0
VERTEX
  8
0
 10
372.691514
 20
902.579612
 42
0.047099
  0
VERTEX
  8
0
 10
371.924961
 20
899.503910
 42
0.031542
  0
VERTEX
  8
0
 10
371.585351
 20
895.612915
 42
0.005999
  0
VERTEX
  8
0
 10
371.500000
 20
888.500000
 42
0.005993
  0
VERTEX
  8
0
 10
371.585704
 20
881.350310
 42
0.032043
  0
VERTEX
  8
0
 10
371.928539
 20
877.466190
 42
0.047497
  0
VERTEX
  8
0
 10
372.707381
 20
874.377688
 42
0.024047
  0
VERTEX
  8
0
 10
374.234000
 20
870.664106
 42
0.044986
  0
VERTEX
  8
0
 10
378.872364
 20
862.711757
 42
0.063261
  0
VERTEX
  8
0
 10
384.430336
 20
856.676986
 42
0.066684
  0
VERTEX
  8
0
 10
391.074789
 20
852.446367
 42
0.057595
  0
VERTEX
  8
0
 10
398.934742
 20
849.852606
 42
0.049717
  0
VERTEX
  8
0
 10
405.157184
 20
849.201056
 42
0.044684
  0
VERTEX
  8
0
 10
411.619029
 20
849.747292
 42
0.039840
  0
VERTEX
  8
0
 10
418.535868
 20
851.537623
 42
0.026468
  0
VERTEX
  8
0
 10
426.132114
 20
854.623217
 42
0.000000
  0
VERTEX
  8
0
 10
434.218825
 20
858.418077
 42
0.000000
  0
VERTEX
  8
0
 10
433.519622
 20
871.472792
 42
-0.003102
  0
VERTEX
  8
0
 10
433.133334
 20
879.632694
 42
-0.033481
  0
VERTEX
  8
0
 10
433.218637
 20
882.933562
 42
-0.088542
  0
VERTEX
  8
0
 10
433.751957
 20
884.865119
 42
-0.097611
  0
VERTEX
  8
0
 10
434.910209
 20
886.418741
 42
0.073292
  0
VERTEX
  8
0
 10
436.177132
 20
887.957195
 42
0.080210
  0
VERTEX
  8
0
 10
436.898536
 20
889.750286
 42
0.100787
  0
VERTEX
  8
0
 10
436.932857
 20
891.343808
 42
0.213345
  0
VERTEX
  8
0
 10
436.250000
 20
892.342478
 42
0.158989
  0
VERTEX
  8
0
 10
435.410858
 20
892.543676
 42
0.000580
  0
VERTEX
  8
0
 10
425.184452
 20
891.711724
 42
0.003457
  0
VERTEX
  8
0
 10
415.564858
 20
890.850905
 42
0.007671
  0
VERTEX
  8
0
 10
408.250000
 20
890.031882
 42
0.340077
  0
VERTEX
  8
0
 10
408.150332
 20
889.932798
 42
0.008814
  0
VERTEX
  8
0
 10
408.073438
 20
889.267647
 42
0.015086
  0
VERTEX
  8
0
 10
408.018014
 20
888.445309
 42
0.009282
  0
VERTEX
  8
0
 10
408.000000
 20
887.475000
 42
0.057078
  0
VERTEX
  8
0
 10
408.147599
 20
886.186254
 42
0.134273
  0
VERTEX
  8
0
 10
408.603771
 20
885.341247
 42
0.116216
  0
VERTEX
  8
0
 10
409.476359
 20
884.772742
 42
0.037180
  0
VERTEX
  8
0
 10
410.977574
 20
884.354485
 42
-0.086595
  0
VERTEX
  8
0
 10
413.781556
 20
883.266425
 42
-0.160535
  0
VERTEX
  8
0
 10
415.355503
 20
881.433502
 42
-0.082462
  0
VERTEX
  8
0
 10
416.119546
 20
878.119976
 42
-0.012333
  0
VERTEX
  8
0
 10
416.376077
 20
871.264939
 42
0.000000
  0
VERTEX
  8
0
 10
416.500000
 20
861.538632
 42
0.000000
  0
VERTEX
  8
0
 10
412.642179
 20
860.259805
 42
-0.130208
  0
VERTEX
  8
0
 10
406.255040
 20
859.868861
 42
-0.112431
  0
VERTEX
  8
0
 10
400.108322
 20
862.626712
 42
-0.094269
  0
VERTEX
  8
0
 10
394.947335
 20
868.311451
 42
-0.066111
  0
VERTEX
  8
0
 10
391.435285
 20
876.236914
 42
-0.044003
  0
VERTEX
  8
0
 10
390.138997
 20
882.726589
 42
-0.022610
  0
VERTEX
  8
0
 10
389.608352
 20
891.007727
 42
-0.022203
  0
VERTEX
  8
0
 10
389.814093
 20
899.036334
 42
-0.063565
  0
VERTEX
  8
0
 10
390.904463
 20
904.500000
 42
-0.041081
  0
VERTEX
  8
0
 10
392.525171
 20
908.269534
 42
-0.040139
  0
VERTEX
  8
0
 10
394.751106
 20
911.754511
 42
-0.042544
  0
VERTEX
  8
0
 10
397.329806
 20
914.614762
 42
-0.068816
  0
VERTEX
  8
0
 10
400.002033
 20
916.501051
 42
-0.077622
  0
VERTEX
  8
0
 10
403.247724
 20
917.584993
 42
-0.041286
  0
VERTEX
  8
0
 10
407.478747
 20
917.944903
 42
-0.041306
  0
VERTEX
  8
0
 10
411.704233
 20
917.605163
 42
-0.078776
  0
VERTEX
  8
0
 10
414.930544
 20
916.535917
 42
-0.058592
  0
VERTEX
  8
0
 10
417.424426
 20
914.850546
 42
-0.031809
  0
VERTEX
  8
0
 10
420.071318
 20
912.258401
 42
-0.031782
  0
VERTEX
  8
0
 10
422.311819
 20
909.422881
 42
-0.074597
  0
VERTEX
  8
0
 10
423.498288
 20
907.005396
 42
0.082518
  0
VERTEX
  8
0
 10
423.940667
 20
906.138797
 42
0.094072
  0
VERTEX
  8
0
 10
424.623535
 20
905.507031
 42
0.085071
  0
VERTEX
  8
0
 10
425.549504
 20
905.127252
 42
0.054926
  0
VERTEX
  8
0
 10
426.704396
 20
905.000000
 42
0.000000
  0
VERTEX
  8
0
 10
429.274016
 20
905.000000
 42
0.000000
  0
VERTEX
  8
0
 10
428.575330
 20
914.750000
 42
0.003600
  0
VERTEX
  8
0
 10
428.267773
 20
918.648036
 42
0.004369
  0
VERTEX
  8
0
 10
427.921281
 20
922.296875
 42
0.003706
  0
VERTEX
  8
0
 10
427.580386
 20
925.360182
 42
0.030042
  0
VERTEX
  8
0
 10
427.329914
 20
926.750000
 42
0.139627
  0
VERTEX
  8
0
 10
426.484557
 20
928.240827
 42
0.163378
  0
VERTEX
  8
0
 10
425.028934
 20
928.950468
 42
0.162249
  0
VERTEX
  8
0
 10
423.432181
 20
928.640104
 42
0.137588
  0
SEQEND
  0
POLYLINE
  8
0
 66
1
 70
1
  0
VERTEX
  8
0
 10
546.367958
 20
927.516500
 42
0.102075
  0
VERTEX
  8
0
 10
546.225071
 20
926.647463
 42
0.043264
  0
VERTEX
  8
0
 10
546.375329
 20
925.470286
 42
0.040123
  0
VERTEX
  8
0
 10
546.762739
 20
924.189055
 42
0.039953
  0
VERTEX
  8
0
 10
547.350237
 20
922.984241
 42
-0.024352
  0
VERTEX
  8
0
 10
547.981716
 20
921.785569
 42
-0.022190
  0
VERTEX
  8
0
 10
548.515382
 20
920.493904
 42
-0.022802
  0
VERTEX
  8
0
 10
548.888142
 20
919.296642
 42
-0.064147
  0
VERTEX
  8
0
 10
549.000000
 20
918.428337
 42
-0.095642
  0
VERTEX
  8
0
 10
548.221465
 20
914.395512
 42
-0.001158
  0
VERTEX
  8
0
 10
538.205257
 20
889.586743
 42
-0.001218
  0
VERTEX
  8
0
 10
528.102402
 20
864.901860
 42
-0.090262
  0
VERTEX
  8
0
 10
525.767840
 20
861.267187
 42
-0.026884
  0
VERTEX
  8
0
 10
524.834750
 20
860.369503
 42
-0.022467
  0
VERTEX
  8
0
 10
523.754853
 20
859.518544
 42
-0.023056
  0
VERTEX
  8
0
 10
522.694434
 20
858.829309
 42
-0.055786
  0
VERTEX
  8
0
 10
521.841833
 20
858.449800
 42
0.154161
  0
VERTEX
  8
0
 10
520.479107
 20
857.490769
 42
0.186294
  0
VERTEX
  8
0
 10
520.044754
 20
855.998674
 42
0.175255
  0
VERTEX
  8
0
 10
520.720925
 20
854.532364
 42
0.138637
  0
VERTEX
  8
0
 10
522.250000
 20
853.664543
 42
0.038014
  0
VERTEX
  8
0
 10
523.616157
 20
853.437473
 42
0.005275
  0
VERTEX
  8
0
 10
526.482812
 20
853.212943
 42
0.006016
  0
VERTEX
  8
0
 10
529.889216
 20
853.023412
 42
0.005067
  0
VERTEX
  8
0
 10
533.500000
 20
852.902714
 42
0.004472
  0
VERTEX
  8
0
 10
539.038961
 20
852.823297
 42
0.051105
  0
VERTEX
  8
0
 10
541.209897
 20
853.033942
 42
0.160745
  0
VERTEX
  8
0
 10
542.272404
 20
853.638928
 42
0.147699
  0
VERTEX
  8
0
 10
542.810684
 20
854.778917
 42
0.080179
  0
VERTEX
  8
0
 10
542.799226
 20
855.722098
 42
0.082632
  0
VERTEX
  8
0
 10
542.490474
 20
856.603176
 42
0.079096
  0
VERTEX
  8
0
 10
541.897971
 20
857.366913
 42
0.065526
  0
VERTEX
  8
0
 10
541.060684
 20
857.967523
 42
-0.133551
  0
VERTEX
  8
0
 10
539.661127
 20
859.289576
 42
-0.129778
  0
VERTEX
  8
0
 10
539.104575
 20
861.153101
 42
-0.073766
  0
VERTEX
  8
0
 10
539.422431
 20
863.901104
 42
-0.019715
  0
VERTEX
  8
0
 10
540.734719
 20
868.115786
 42
-0.014047
  0
VERTEX
  8
0
 10
541.942882
 20
871.236586
 42
-0.128414
  0
VERTEX
  8
0
 10
542.819881
 20
872.383333
 42
-0.146938
  0
VERTEX
  8
0
 10
544.098190
 20
872.880156
 42
-0.020209
  0
VERTEX
  8
0
 10
546.984719
 20
872.991308
 42
-0.010318
  0
VERTEX
  8
0
 10
549.084256
 20
872.943933
 42
-0.005427
  0
VERTEX
  8
0
 10
551.690499
 20
872.802930
 42
-0.005396
  0
VERTEX
  8
0
 10
554.358084
 20
872.600622
 42
-0.008271
  0
VERTEX
  8
0
 10
556.663788
 20
872.362228
 42
-0.014453
  0
VERTEX
  8
0
 10
559.951477
 20
871.870477
 42
-0.123346
  0
VERTEX
  8
0
 10
561.299783
 20
871.263780
 42
-0.143196
  0
VERTEX
  8
0
 10
562.107997
 20
870.127017
 42
-0.021734
  0
VERTEX
  8
0
 10
562.913788
 20
867.428100
 42
-0.021678
  0
VERTEX
  8
0
 10
563.797521
 20
863.141759
 42
-0.070884
  0
VERTEX
  8
0
 10
563.850783
 20
860.254466
 42
-0.099961
  0
VERTEX
  8
0
 10
563.109651
 20
858.035472
 42
-0.073885
  0
VERTEX
  8
0
 10
561.500000
 20
856.000000
 42
0.044541
  0
VERTEX
  8
0
 10
559.972745
 20
854.285097
 42
0.082129
  0
VERTEX
  8
0
 10
559.121443
 20
852.628412
 42
0.173287
  0
VERTEX
  8
0
 10
559.157964
 20
851.501017
 42
0.308035
  0
VERTEX
  8
0
 10
559.894045
 20
851.000000
 42
-0.025378
  0
VERTEX
  8
0
 10
562.680654
 20
850.858469
 42
-0.001208
  0
VERTEX
  8
0
 10
571.986218
 20
849.888049
 42
-0.001324
  0
VERTEX
  8
0
 10
581.217952
 20
848.878045
 42
-0.022285
  0
VERTEX
  8
0
 10
584.250825
 20
848.400476
 42
0.105736
  0
VERTEX
  8
0
 10
586.601715
 20
848.423857
 42
0.310361
  0
VERTEX
  8
0
 10
587.647394
 20
849.550167
 42
0.174134
  0
VERTEX
  8
0
 10
587.226274
 20
851.644958
 42
0.044363
  0
VERTEX
  8
0
 10
585.148035
 20
854.484178
 42
-0.031463
  0
VERTEX
  8
0
 10
583.903992
 20
856.094984
 42
-0.021876
  0
VERTEX
  8
0
 10
582.700208
 20
858.054101
 42
-0.022139
  0
VERTEX
  8
0
 10
581.706851
 20
860.044217
 42
-0.041836
  0
VERTEX
  8
0
 10
581.117470
 20
861.736870
 42
-0.002218
  0
VERTEX
  8
0
 10
580.456823
 20
864.356814
 42
-0.000095
  0
VERTEX
  8
0
 10
578.177851
 20
873.574268
 42
-0.000163
  0
VERTEX
  8
0
 10
575.481387
 20
884.504556
 42
-0.000116
  0
VERTEX
  8
0
 10
572.467735
 20
896.750000
 42
0.000000
  0
VERTEX
  8
0
 10
564.784690
 20
928.000000
 42
0.000000
  0
VERTEX
  8
0
 10
559.642345
 20
928.011006
 42
-0.009895
  0
VERTEX
  8
0
 10
557.400656
 20
928.060173
 42
-0.007231
  0
VERTEX
  8
0
 10
554.914207
 20
928.200011
 42
-0.007310
  0
VERTEX
  8
0
 10
552.561106
 20
928.401130
 42
-0.015986
  0
VERTEX
  8
0
 10
550.767721
 20
928.638972
 42
0.019902
  0
VERTEX
  8
0
 10
548.819219
 20
928.881881
 42
0.083699
  0
VERTEX
  8
0
 10
547.648306
 20
928.784728
 42
0.139853
  0
VERTEX
  8
0
 10
546.894269
 20
928.345255
 42
0.100029
  0
SEQEND
  0
POLYLINE
  8
0
 66
1
 70
1
  0
VERTEX
  8
0
 10
556.819273
 20
892.750000
 42
-0.002026
  0
VERTEX
  8
0
 10
557.666063
 20
889.145941
 42
-0.002992
  0
VERTEX
  8
0
 10
558.377423
 20
885.975738
 42
-0.001374
  0
VERTEX
  8
0
 10
558.959788
 20
883.270046
 42
-0.057272
  0
VERTEX
  8
0
 10
559.016099
 20
882.678044
 42
-0.425331
  0
VERTEX
  8
0
 10
558.508653
 20
882.208228
 42
-0.004832
  0
VERTEX
  8
0
 10
553.403368
 20
882.551080
 42
-0.007288
  0
VERTEX
  8
0
 10
548.442655
 20
883.005235
 42
-0.156761
  0
VERTEX
  8
0
 10
547.115702
 20
883.592830
 42
-0.306706
  0
VERTEX
  8
0
 10
546.892134
 20
884.476696
 42
-0.001726
  0
VERTEX
  8
0
 10
550.009189
 20
892.992079
 42
-0.001714
  0
VERTEX
  8
0
 10
553.185764
 20
901.488491
 42
-0.311964
  0
VERTEX
  8
0
 10
553.925799
 20
902.000000
 42
-0.322969
  0
VERTEX
  8
0
 10
554.256484
 20
901.761523
 42
-0.004514
  0
VERTEX
  8
0
 10
555.056483
 20
899.282812
 42
-0.010568
  0
VERTEX
  8
0
 10
555.921862
 20
896.296210
 42
-0.006518
  0
SEQEND
  0
POLYLINE
  8
0
 66
1
 70
1
  0
VERTEX
  8
0
 10
601.017277
 20
921.250000
 42
0.099619
  0
VERTEX
  8
0
 10
601.193821
 20
920.415384
 42
0.035011
  0
VERTEX
  8
0
 10
601.758778
 20
919.322293
 42
0.033104
  0
VERTEX
  8
0
 10
602.565909
 20
918.175321
 42
0.033115
  0
VERTEX
  8
0
 10
603.517277
 20
917.145040
 42
-0.045397
  0
VERTEX
  8
0
 10
604.642889
 20
915.864426
 42
-0.058517
  0
VERTEX
  8
0
 10
605.411643
 20
914.501098
 42
-0.057482
  0
VERTEX
  8
0
 10
605.852708
 20
912.977010
 42
-0.041740
  0
VERTEX
  8
0
 10
606.000000
 20
911.215684
 42
-0.038821
  0
VERTEX
  8
0
 10
605.516291
 20
904.995056
 42
-0.001556
  0
VERTEX
  8
0
 10
601.937855
 20
882.581179
 42
-0.000829
  0
VERTEX
  8
0
 10
598.087721
 20
859.182765
 42
-0.081845
  0
VERTEX
  8
0
 10
597.012099
 20
856.022608
 42
-0.054287
  0
VERTEX
  8
0
 10
596.473915
 20
855.235719
 42
-0.022442
  0
VERTEX
  8
0
 10
595.590391
 20
854.293405
 42
-0.021887
  0
VERTEX
  8
0
 10
594.543798
 20
853.358784
 42
-0.026290
  0
VERTEX
  8
0
 10
593.479441
 20
852.578486
 42
0.116690
  0
VERTEX
  8
0
 10
591.406440
 20
850.390534
 42
0.400425
  0
VERTEX
  8
0
 10
591.821778
 20
848.660747
 42
0.092043
  0
VERTEX
  8
0
 10
595.401943
 20
847.189798
 42
0.009277
  0
VERTEX
  8
0
 10
604.500000
 20
845.461647
 42
0.003955
  0
VERTEX
  8
0
 10
609.536788
 20
844.642369
 42
0.006115
  0
VERTEX
  8
0
 10
613.901562
 20
844.022349
 42
0.002290
  0
VERTEX
  8
0
 10
617.646374
 20
843.554467
 42
0.163588
  0
VERTEX
  8
0
 10
618.250000
 20
843.679713
 42
0.216268
  0
VERTEX
  8
0
 10
618.916826
 20
844.621846
 42
0.105579
  0
VERTEX
  8
0
 10
618.886118
 20
846.125127
 42
0.076985
  0
VERTEX
  8
0
 10
618.159069
 20
847.922064
 42
0.054065
  0
VERTEX
  8
0
 10
616.843025
 20
849.667093
 42
-0.065001
  0
VERTEX
  8
0
 10
615.635517
 20
851.342966
 42
-0.105312
  0
VERTEX
  8
0
 10
615.144133
 20
853.022063
 42
-0.044836
  0
VERTEX
  8
0
 10
615.182507
 20
855.620869
 42
-0.004058
  0
VERTEX
  8
0
 10
615.912205
 20
862.080037
 42
-0.003827
  0
VERTEX
  8
0
 10
616.866046
 20
869.475792
 42
-0.031669
  0
VERTEX
  8
0
 10
617.536201
 20
872.794843
 42
-0.086796
  0
VERTEX
  8
0
 10
618.299129
 20
874.433621
 42
-0.245228
  0
VERTEX
  8
0
 10
619.384483
 20
875.000000
 42
-0.169429
  0
VERTEX
  8
0
 10
621.810054
 20
874.153787
 42
-0.095821
  0
VERTEX
  8
0
 10
623.858697
 20
871.762601
 42
-0.047675
  0
VERTEX
  8
0
 10
625.901798
 20
867.212748
 42
-0.010242
  0
VERTEX
  8
0
 10
628.511710
 20
858.960153
 42
0.007621
  0
VERTEX
  8
0
 10
630.133471
 20
853.737051
 42
0.009530
  0
VERTEX
  8
0
 10
631.803931
 20
848.944118
 42
0.007987
  0
VERTEX
  8
0
 10
633.339370
 20
844.990025
 42
0.070152
  0
VERTEX
  8
0
 10
634.280635
 20
843.370360
 42
0.067426
  0
VERTEX
  8
0
 10
636.776206
 20
840.952263
 42
0.061232
  0
VERTEX
  8
0
 10
639.904649
 20
839.191343
 42
0.050339
  0
VERTEX
  8
0
 10
643.903189
 20
837.999129
 42
0.026390
  0
VERTEX
  8
0
 10
649.051499
 20
837.292463
 42
0.007688
  0
VERTEX
  8
0
 10
652.912300
 20
837.028493
 42
0.050682
  0
VERTEX
  8
0
 10
654.843972
 20
837.122036
 42
0.118031
  0
VERTEX
  8
0
 10
655.942010
 20
837.566525
 42
0.147244
  0
VERTEX
  8
0
 10
656.612516
 20
838.432615
 42
0.142174
  0
VERTEX
  8
0
 10
656.693429
 20
839.394155
 42
0.090712
  0
VERTEX
  8
0
 10
656.274943
 20
840.443639
 42
0.058715
  0
VERTEX
  8
0
 10
655.302324
 20
841.652170
 42
0.021621
  0
VERTEX
  8
0
 10
653.672266
 20
843.118616
 42
-0.047360
  0
VERTEX
  8
0
 10
651.651562
 20
845.133772
 42
-0.054253
  0
VERTEX
  8
0
 10
650.149021
 20
847.408610
 42
-0.034935
  0
VERTEX
  8
0
 10
648.744522
 20
850.680432
 42
-0.008388
  0
VERTEX
  8
0
 10
646.891661
 20
856.292936
 42
0.005782
  0
VERTEX
  8
0
 10
645.532621
 20
860.482832
 42
0.005817
  0
VERTEX
  8
0
 10
644.079691
 20
864.631703
 42
0.005692
  0
VERTEX
  8
0
 10
642.730318
 20
868.218035
 42
0.023193
  0
VERTEX
  8
0
 10
641.785665
 20
870.346905
 42
-0.008956
  0
VERTEX
  8
0
 10
641.070751
 20
871.841761
 42
-0.014300
  0
VERTEX
  8
0
 10
640.519931
 20
873.146084
 42
-0.008106
  0
VERTEX
  8
0
 10
640.117159
 20
874.233342
 42
-0.306558
  0
VERTEX
  8
0
 10
640.180239
 20
874.473986
 42
-0.056455
  0
VERTEX
  8
0
 10
640.431176
 20
874.648148
 42
-0.001496
  0
VERTEX
  8
0
 10
641.626094
 20
875.286942
 42
-0.003118
  0
VERTEX
  8
0
 10
643.038660
 20
876.025410
 42
-0.002127
  0
VERTEX
  8
0
 10
644.653273
 20
876.848058
 42
0.109786
  0
VERTEX
  8
0
 10
651.982258
 20
882.843687
 42
0.111700
  0
VERTEX
  8
0
 10
656.025010
 20
891.343535
 42
0.114945
  0
VERTEX
  8
0
 10
655.956780
 20
900.557904
 42
0.121655
  0
VERTEX
  8
0
 10
651.797941
 20
908.577352
 42
0.064411
  0
VERTEX
  8
0
 10
647.324091
 20
912.514049
 42
0.055731
  0
VERTEX
  8
0
 10
641.778199
 20
915.412779
 42
0.037894
  0
VERTEX
  8
0
 10
633.978318
 20
917.778881
 42
0.011898
  0
VERTEX
  8
0
 10
622.000000
 20
920.144492
 42
0.002228
  0
VERTEX
  8
0
 10
609.120711
 20
922.311991
 42
0.027416
  0
VERTEX
  8
0
 10
604.169343
 20
922.846103
 42
0.103599
  0
VERTEX
  8
0
 10
601.865424
 20
922.488884
 42
0.314928
  0
SEQEND
  0
POLYLINE
  8
0
 66
1
 70
1
  0
VERTEX
  8
0
 10
631.961364
 20
908.519980
 42
-0.089612
  0
VERTEX
  8
0
 10
636.150120
 20
905.295856
 42
-0.117276
  0
VERTEX
  8
0
 10
638.469668
 20
901.075753
 42
-0.107619
  0
VERTEX
  8
0
 10
638.748676
 20
895.977413
 42
-0.066678
  0
VERTEX
  8
0
 10
637.010078
 20
890.212361
 42
-0.075109
  0
VERTEX
  8
0
 10
634.825328
 20
886.848424
 42
-0.094152
  0
VERTEX
  8
0
 10
631.885691
 20
884.580531
 42
-0.091198
  0
VERTEX
  8
0
 10
628.241862
 20
883.503207
 42
-0.066131
  0
VERTEX
  8
0
 10
624.002774
 20
883.615547
 42
-0.081199
  0
VERTEX
  8
0
 10
621.251854
 20
884.529024
 42
-0.244371
  0
VERTEX
  8
0
 10
620.155245
 20
886.102045
 42
-0.075495
  0
VERTEX
  8
0
 10
620.221835
 20
889.235064
 42
-0.004084
  0
VERTEX
  8
0
 10
622.000000
 20
899.000000
 42
0.000413
  0
VERTEX
  8
0
 10
622.766736
 20
903.042004
 42
0.000665
  0
VERTEX
  8
0
 10
623.412500
 20
906.486847
 42
0.000095
  0
VERTEX
  8
0
 10
623.981655
 20
909.548734
 42
0.045931
  0
VERTEX
  8
0
 10
624.000000
 20
909.748019
 42
-0.435706
  0
VERTEX
  8
0
 10
624.501623
 20
910.214383
 42
-0.020059
  0
VERTEX
  8
0
 10
627.086042
 20
909.921274
 42
-0.027496
  0
VERTEX
  8
0
 10
629.857535
 20
909.336280
 42
-0.053614
  0
SEQEND
  0
POLYLINE
  8
0
 66
1
 70
1
  0
VERTEX
  8
0
 10
317.993526
 20
914.123538
 42
0.057842
  0
VERTEX
  8
0
 10
309.735801
 20
910.317897
 42
0.065245
  0
VERTEX
  8
0
 10
302.935015
 20
904.844083
 42
0.063759
  0
VERTEX
  8
0
 10
297.656544
 20
897.686560
 42
0.051635
  0
VERTEX
  8
0
 10
293.894560
 20
888.909044
 42
0.070119
  0
VERTEX
  8
0
 10
292.089231
 20
877.843478
 42
0.061769
  0
VERTEX
  8
0
 10
293.277028
 20
866.200514
 42
0.062340
  0
VERTEX
  8
0
 10
297.249123
 20
855.304282
 42
0.074401
  0
VERTEX
  8
0
 10
303.618878
 20
846.431076
 42
0.096534
  0
VERTEX
  8
0
 10
314.162783
 20
839.105894
 42
0.101123
  0
VERTEX
  8
0
 10
326.511767
 20
836.433135
 42
0.099435
  0
VERTEX
  8
0
 10
339.087272
 20
838.807751
 42
0.090209
  0
VERTEX
  8
0
 10
350.265471
 20
845.890583
 42
0.032191
  0
VERTEX
  8
0
 10
352.193032
 20
847.911637
 42
0.016607
  0
VERTEX
  8
0
 10
354.347830
 20
850.664366
 42
0.016438
  0
VERTEX
  8
0
 10
356.384378
 20
853.653528
 42
0.023882
  0
VERTEX
  8
0
 10
357.962828
 20
856.426765
 42
0.072880
  0
VERTEX
  8
0
 10
361.178195
 20
865.995174
 42
0.054880
  0
VERTEX
  8
0
 10
361.944717
 20
877.081429
 42
0.054406
  0
VERTEX
  8
0
 10
360.275277
 20
888.178260
 42
0.068121
  0
VERTEX
  8
0
 10
356.282181
 20
897.781467
 42
0.053498
  0
VERTEX
  8
0
 10
350.942669
 20
904.998326
 42
0.070311
  0
VERTEX
  8
0
 10
344.612657
 20
910.185873
 42
0.071230
  0
VERTEX
  8
0
 10
337.161289
 20
913.370735
 42
0.056750
  0
VERTEX
  8
0
 10
328.505867
 20
914.664005
 42
0.010252
  0
VERTEX
  8
0
 10
325.257033
 20
914.710917
 42
0.011326
  0
VERTEX
  8
0
 10
322.115447
 20
914.620680
 42
0.010766
  0
VERTEX
  8
0
 10
319.443406
 20
914.425545
 42
0.055522
  0
SEQEND
  0
POLYLINE
  8
0
 66
1
 70
1
  0
VERTEX
  8
0
 10
330.714578
 20
903.032502
 42
-0.107327
  0
VERTEX
  8
0
 10
335.550274
 20
898.423700
 42
-0.052944
  0
VERTEX
  8
0
 10
339.563827
 20
890.895309
 42
-0.046257
  0
VERTEX
  8
0
 10
342.418378
 20
881.383556
 42
-0.036810
  0
VERTEX
  8
0
 10
343.760797
 20
870.744975
 42
-0.023528
  0
VERTEX
  8
0
 10
343.797449
 20
863.244643
 42
-0.054948
  0
VERTEX
  8
0
 10
342.948963
 20
857.703596
 42
-0.070098
  0
VERTEX
  8
0
 10
341.100414
 20
853.351991
 42
-0.066384
  0
VERTEX
  8
0
 10
338.093828
 20
849.589893
 42
-0.238015
  0
VERTEX
  8
0
 10
329.019526
 20
846.816166
 42
-0.179547
  0
VERTEX
  8
0
 10
319.862660
 20
852.132145
 42
-0.105941
  0
VERTEX
  8
0
 10
312.950285
 20
865.461553
 42
-0.065671
  0
VERTEX
  8
0
 10
310.547504
 20
883.000000
 42
-0.009146
  0
VERTEX
  8
0
 10
310.616259
 20
888.173095
 42
-0.030577
  0
VERTEX
  8
0
 10
310.930302
 20
891.550553
 42
-0.042211
  0
VERTEX
  8
0
 10
311.583925
 20
894.242199
 42
-0.033875
  0
VERTEX
  8
0
 10
312.718562
 20
897.000000
 42
-0.084417
  0
VERTEX
  8
0
 10
316.123737
 20
901.705004
 42
-0.113595
  0
VERTEX
  8
0
 10
320.593398
 20
904.443300
 42
-0.119180
  0
VERTEX
  8
0
 10
325.643094
 20
904.879667
 42
-0.099451
  0
SEQEND
  0
POLYLINE
  8
0
 66
1
 70
1
  0
VERTEX
  8
0
 10
671.169275
 20
907.250000
 42
0.026862
  0
VERTEX
  8
0
 10
670.694844
 20
906.192713
 42
0.004137
  0
VERTEX
  8
0
 10
669.884354
 20
904.038205
 42
0.004609
  0
VERTEX
  8
0
 10
668.971765
 20
901.477232
 42
0.003988
  0
VERTEX
  8
0
 10
668.060440
 20
898.773678
 42
0.020868
  0
VERTEX
  8
0
 10
666.351656
 20
892.726946
 42
0.230352
  0
VERTEX
  8
0
 10
666.883335
 20
890.339484
 42
0.385145
  0
VERTEX
  8
0
 10
668.722055
 20
890.035955
 42
0.037233
  0
VERTEX
  8
0
 10
672.652781
 20
893.000000
 42
-0.063373
  0
VERTEX
  8
0
 10
675.513087
 20
894.931566
 42
-0.080269
  0
VERTEX
  8
0
 10
678.549067
 20
895.894657
 42
-0.074475
  0
VERTEX
  8
0
 10
681.910785
 20
895.888989
 42
-0.046300
  0
VERTEX
  8
0
 10
685.746302
 20
894.938595
 42
0.000000
  0
VERTEX
  8
0
 10
688.791051
 20
893.877190
 42
0.000000
  0
VERTEX
  8
0
 10
687.514329
 20
888.688595
 42
-0.003542
  0
VERTEX
  8
0
 10
686.799291
 20
885.868922
 42
-0.000852
  0
VERTEX
  8
0
 10
685.572953
 20
881.205400
 42
-0.000875
  0
VERTEX
  8
0
 10
684.146909
 20
875.857600
 42
-0.000868
  0
VERTEX
  8
0
 10
682.698232
 20
870.500000
 42
-0.001771
  0
VERTEX
  8
0
 10
676.951478
 20
849.683581
 42
-0.026737
  0
VERTEX
  8
0
 10
674.545393
 20
842.574803
 42
-0.090003
  0
VERTEX
  8
0
 10
672.401213
 20
839.149828
 42
-0.147562
  0
VERTEX
  8
0
 10
669.487350
 20
837.407469
 42
0.030347
  0
VERTEX
  8
0
 10
667.995812
 20
836.935306
 42
0.129262
  0
VERTEX
  8
0
 10
667.243855
 20
836.393517
 42
0.123534
  0
VERTEX
  8
0
 10
666.837510
 20
835.538213
 42
0.026675
  0
VERTEX
  8
0
 10
666.600000
 20
833.904388
 42
0.342113
  0
VERTEX
  8
0
 10
667.158809
 20
833.029184
 42
0.002497
  0
VERTEX
  8
0
 10
675.836562
 20
829.976144
 42
0.009256
  0
VERTEX
  8
0
 10
684.366782
 20
827.198519
 42
0.018404
  0
VERTEX
  8
0
 10
691.234600
 20
825.375358
 42
0.105661
  0
VERTEX
  8
0
 10
693.445881
 20
825.348521
 42
0.279550
  0
VERTEX
  8
0
 10
694.564263
 20
826.377085
 42
0.179710
  0
VERTEX
  8
0
 10
694.420304
 20
828.329593
 42
0.051901
  0
VERTEX
  8
0
 10
692.858012
 20
830.978178
 42
0.000000
  0
VERTEX
  8
0
 10
690.554702
 20
834.093572
 42
0.000000
  0
VERTEX
  8
0
 10
692.839951
 20
843.014827
 42
-0.004775
  0
VERTEX
  8
0
 10
695.612726
 20
853.424740
 42
-0.001400
  0
VERTEX
  8
0
 10
700.069168
 20
869.361760
 42
-0.000133
  0
VERTEX
  8
0
 10
705.080378
 20
887.073151
 42
-0.120713
  0
VERTEX
  8
0
 10
705.503903
 20
887.819310
 42
-0.252680
  0
VERTEX
  8
0
 10
705.763244
 20
887.905044
 42
-0.007315
  0
VERTEX
  8
0
 10
706.940312
 20
887.678237
 42
-0.013090
  0
VERTEX
  8
0
 10
708.352357
 20
887.345883
 42
-0.008439
  0
VERTEX
  8
0
 10
709.970584
 20
886.890667
 42
-0.062061
  0
VERTEX
  8
0
 10
713.300596
 20
885.423268
 42
-0.080059
  0
VERTEX
  8
0
 10
715.855733
 20
883.276352
 42
-0.079248
  0
VERTEX
  8
0
 10
717.625007
 20
880.416689
 42
-0.059401
  0
VERTEX
  8
0
 10
718.640043
 20
876.849588
 42
0.022701
  0
VERTEX
  8
0
 10
719.047903
 20
874.877662
 42
0.092867
  0
VERTEX
  8
0
 10
719.560273
 20
873.773765
 42
0.147281
  0
VERTEX
  8
0
 10
720.300211
 20
873.201180
 42
0.091786
  0
VERTEX
  8
0
 10
721.386897
 20
873.000000
 42
0.150612
  0
VERTEX
  8
0
 10
722.579544
 20
873.367592
 42
0.128052
  0
VERTEX
  8
0
 10
723.449591
 20
874.363345
 42
0.052986
  0
VERTEX
  8
0
 10
724.214488
 20
876.410755
 42
0.007660
  0
VERTEX
  8
0
 10
725.259579
 20
880.750000
 42
0.003966
  0
VERTEX
  8
0
 10
725.926429
 20
883.831853
 42
0.005071
  0
VERTEX
  8
0
 10
726.489300
 20
886.681378
 42
0.003969
  0
VERTEX
  8
0
 10
726.917300
 20
889.074965
 42
0.042355
  0
VERTEX
  8
0
 10
727.000491
 20
890.058946
 42
0.301383
  0
VERTEX
  8
0
 10
726.317550
 20
891.088338
 42
0.008207
  0
VERTEX
  8
0
 10
721.061810
 20
893.206859
 42
0.010363
  0
VERTEX
  8
0
 10
713.214283
 20
896.036140
 42
0.002574
  0
VERTEX
  8
0
 10
700.250000
 20
900.334593
 42
0.000818
  0
VERTEX
  8
0
 10
689.943459
 20
903.674427
 42
0.001316
  0
VERTEX
  8
0
 10
681.147835
 20
906.483230
 42
0.000203
  0
VERTEX
  8
0
 10
673.340751
 20
908.950244
 42
0.085590
  0
VERTEX
  8
0
 10
672.785184
 20
909.025648
 42
0.161114
  0
VERTEX
  8
0
 10
672.450318
 20
908.901379
 42
0.039428
  0
VERTEX
  8
0
 10
672.015649
 20
908.493471
 42
0.036346
  0
VERTEX
  8
0
 10
671.566733
 20
907.921777
 42
0.029386
  0
SEQEND
  0
POLYLINE
  8
0
 66
1
 70
1
  0
VERTEX
  8
0
 10
258.702753
 20
895.684291
 42
0.003704
  0
VERTEX
  8
0
 10
250.819305
 20
892.746962
 42
0.030101
  0
VERTEX
  8
0
 10
247.310438
 20
891.162075
 42
0.078922
  0
VERTEX
  8
0
 10
245.635780
 20
889.910134
 42
0.232374
  0
VERTEX
  8
0
 10
245.202753
 20
888.579794
 42
0.083939
  0
VERTEX
  8
0
 10
245.501668
 20
887.644853
 42
0.103523
  0
VERTEX
  8
0
 10
246.078229
 20
886.936578
 42
0.090678
  0
VERTEX
  8
0
 10
246.956422
 20
886.456384
 42
0.051104
  0
VERTEX
  8
0
 10
248.146046
 20
886.193609
 42
-0.109469
  0
VERTEX
  8
0
 10
250.736247
 20
885.296700
 42
-0.103068
  0
VERTEX
  8
0
 10
252.771092
 20
883.374931
 42
-0.057643
  0
VERTEX
  8
0
 10
254.665020
 20
879.853081
 42
-0.013071
  0
VERTEX
  8
0
 10
257.008810
 20
873.473937
 42
-0.004748
  0
VERTEX
  8
0
 10
259.113311
 20
867.047466
 42
-0.039167
  0
VERTEX
  8
0
 10
259.810153
 20
864.053503
 42
-0.136056
  0
VERTEX
  8
0
 10
259.634044
 20
862.593817
 42
-0.303942
  0
VERTEX
  8
0
 10
258.747427
 20
862.000000
 42
0.079024
  0
VERTEX
  8
0
 10
257.890869
 20
861.863773
 42
0.003044
  0
VERTEX
  8
0
 10
254.833436
 20
860.845392
 42
0.005375
  0
VERTEX
  8
0
 10
251.224210
 20
859.575321
 42
0.003758
  0
VERTEX
  8
0
 10
247.182133
 20
858.069418
 42
0.000000
  0
VERTEX
  8
0
 10
236.869413
 20
854.138836
 42
0.000000
  0
VERTEX
  8
0
 10
234.881057
 20
858.777482
 42
-0.012215
  0
VERTEX
  8
0
 10
234.001480
 20
860.976276
 42
-0.006144
  0
VERTEX
  8
0
 10
232.993754
 20
863.790877
 42
-0.006096
  0
VERTEX
  8
0
 10
232.022660
 20
866.727787
 42
-0.008992
  0
VERTEX
  8
0
 10
231.248355
 20
869.330517
 42
-0.009321
  0
VERTEX
  8
0
 10
230.317849
 20
872.936525
 42
-0.060057
  0
VERTEX
  8
0
 10
230.104356
 20
874.802423
 42
-0.092006
  0
VERTEX
  8
0
 10
230.393113
 20
876.307587
 42
-0.037014
  0
VERTEX
  8
0
 10
231.302004
 20
878.203492
 42
0.041618
  0
VERTEX
  8
0
 10
232.464213
 20
880.686109
 42
0.072248
  0
VERTEX
  8
0
 10
232.938682
 20
882.907805
 42
0.125264
  0
VERTEX
  8
0
 10
232.662558
 20
884.399165
 42
0.300059
  0
VERTEX
  8
0
 10
231.750000
 20
884.965549
 42
0.085496
  0
VERTEX
  8
0
 10
230.877308
 20
884.790343
 42
0.002268
  0
VERTEX
  8
0
 10
227.195312
 20
883.348479
 42
0.004689
  0
VERTEX
  8
0
 10
222.880393
 20
881.589134
 42
0.003184
  0
VERTEX
  8
0
 10
218.000000
 20
879.509010
 42
0.005786
  0
VERTEX
  8
0
 10
211.752792
 20
876.712846
 42
0.023882
  0
VERTEX
  8
0
 10
208.081683
 20
874.800826
 42
0.038092
  0
VERTEX
  8
0
 10
205.910916
 20
873.302706
 42
0.185998
  0
VERTEX
  8
0
 10
205.179033
 20
872.032655
 42
0.081386
  0
VERTEX
  8
0
 10
205.186725
 20
870.996304
 42
0.160094
  0
VERTEX
  8
0
 10
205.568447
 20
870.276025
 42
0.112564
  0
VERTEX
  8
0
 10
206.419932
 20
869.763546
 42
0.030062
  0
VERTEX
  8
0
 10
207.959584
 20
869.358083
 42
-0.051275
  0
VERTEX
  8
0
 10
209.282195
 20
868.949161
 42
-0.034485
  0
VERTEX
  8
0
 10
210.692256
 20
868.230667
 42
-0.034705
  0
VERTEX
  8
0
 10
211.974504
 20
867.335281
 42
-0.056389
  0
VERTEX
  8
0
 10
212.906974
 20
866.391134
 42
-0.082100
  0
VERTEX
  8
0
 10
215.423445
 20
861.814018
 42
-0.002266
  0
VERTEX
  8
0
 10
222.890727
 20
840.316765
 42
-0.002306
  0
VERTEX
  8
0
 10
230.151456
 20
818.780764
 42
-0.080313
  0
VERTEX
  8
0
 10
231.000000
 20
813.532107
 42
-0.040989
  0
VERTEX
  8
0
 10
230.889161
 20
812.182336
 42
-0.038959
  0
VERTEX
  8
0
 10
230.559375
 20
810.844823
 42
-0.041495
  0
VERTEX
  8
0
 10
230.076017
 20
809.709707
 42
-0.098457
  0
VERTEX
  8
0
 10
229.500000
 20
809.000000
 42
0.081941
  0
VERTEX
  8
0
 10
228.488119
 20
807.833540
 42
0.115639
  0
VERTEX
  8
0
 10
228.055896
 20
806.532675
 42
0.137705
  0
VERTEX
  8
0
 10
228.277138
 20
805.338304
 42
0.141017
  0
VERTEX
  8
0
 10
229.086647
 20
804.446449
 42
0.237604
  0
VERTEX
  8
0
 10
231.045146
 20
804.275593
 42
0.002952
  0
VERTEX
  8
0
 10
243.054221
 20
809.148125
 42
0.002617
  0
VERTEX
  8
0
 10
255.091477
 20
814.188962
 42
0.299778
  0
VERTEX
  8
0
 10
255.995834
 20
815.550000
 42
0.145844
  0
VERTEX
  8
0
 10
255.627078
 20
816.805503
 42
0.089802
  0
VERTEX
  8
0
 10
254.564166
 20
817.936337
 42
0.079970
  0
VERTEX
  8
0
 10
253.036170
 20
818.727220
 42
0.079674
  0
VERTEX
  8
0
 10
251.335184
 20
819.000000
 42
-0.079135
  0
VERTEX
  8
0
 10
250.372738
 20
819.153286
 42
-0.059695
  0
VERTEX
  8
0
 10
249.400160
 20
819.605383
 42
-0.058980
  0
VERTEX
  8
0
 10
248.549982
 20
820.281991
 42
-0.072470
  0
VERTEX
  8
0
 10
247.948008
 20
821.097148
 42
-0.036956
  0
VERTEX
  8
0
 10
246.455796
 20
824.461022
 42
-0.003271
  0
VERTEX
  8
0
 10
243.382158
 20
833.230924
 42
-0.000711
  0
VERTEX
  8
0
 10
240.080142
 20
842.898412
 42
-0.285691
  0
VERTEX
  8
0
 10
240.236541
 20
843.569875
 42
-0.097975
  0
VERTEX
  8
0
 10
241.388996
 20
844.341627
 42
-0.001298
  0
VERTEX
  8
0
 10
249.380267
 20
847.646591
 42
-0.003276
  0
VERTEX
  8
0
 10
256.878103
 20
850.667477
 42
-0.026770
  0
VERTEX
  8
0
 10
260.378266
 20
851.838776
 42
0.000000
  0
VERTEX
  8
0
 10
263.876020
 20
852.804553
 42
0.000000
  0
VERTEX
  8
0
 10
267.520846
 20
841.231790
 42
-0.007296
  0
VERTEX
  8
0
 10
269.861788
 20
833.402052
 42
-0.065367
  0
VERTEX
  8
0
 10
270.380325
 20
829.860452
 42
-0.116514
  0
VERTEX
  8
0
 10
269.783139
 20
827.153727
 42
-0.043232
  0
VERTEX
  8
0
 10
267.779735
 20
823.777524
 42
0.038241
  0
VERTEX
  8
0
 10
267.228835
 20
822.869863
 42
0.113654
  0
VERTEX
  8
0
 10
267.054997
 20
822.167800
 42
0.135948
  0
VERTEX
  8
0
 10
267.218782
 20
821.536512
 42
0.065421
  0
VERTEX
  8
0
 10
267.732039
 20
820.867961
 42
0.278627
  0
VERTEX
  8
0
 10
270.497887
 20
820.185455
 42
0.008290
  0
VERTEX
  8
0
 10
282.307030
 20
824.074268
 42
0.007984
  0
VERTEX
  8
0
 10
294.008185
 20
828.354387
 42
0.310476
  0
VERTEX
  8
0
 10
295.500000
 20
830.525262
 42
0.123811
  0
VERTEX
  8
0
 10
295.294291
 20
831.343268
 42
0.083061
  0
VERTEX
  8
0
 10
294.701404
 20
832.109602
 42
0.066768
  0
VERTEX
  8
0
 10
293.752641
 20
832.777298
 42
0.042000
  0
VERTEX
  8
0
 10
292.500000
 20
833.300939
 42
-0.039620
  0
VERTEX
  8
0
 10
289.605460
 20
834.494817
 42
-0.104376
  0
VERTEX
  8
0
 10
287.867608
 20
835.895553
 42
-0.079326
  0
VERTEX
  8
0
 10
286.580461
 20
838.112248
 42
-0.016572
  0
VERTEX
  8
0
 10
285.100145
 20
842.369810
 42
0.000496
  0
VERTEX
  8
0
 10
284.003759
 20
845.883388
 42
0.000090
  0
VERTEX
  8
0
 10
281.962903
 20
852.396818
 42
0.000097
  0
VERTEX
  8
0
 10
279.570986
 20
860.020655
 42
0.000088
  0
VERTEX
  8
0
 10
277.096970
 20
867.895955
 42
-0.003898
  0
VERTEX
  8
0
 10
272.998581
 20
881.298250
 42
-0.029279
  0
VERTEX
  8
0
 10
271.483397
 20
887.756887
 42
-0.068224
  0
VERTEX
  8
0
 10
271.343016
 20
891.692565
 42
-0.137603
  0
VERTEX
  8
0
 10
272.468197
 20
894.558870
 42
0.060945
  0
VERTEX
  8
0
 10
273.419059
 20
896.197396
 42
0.067259
  0
VERTEX
  8
0
 10
273.907389
 20
897.963477
 42
0.082817
  0
VERTEX
  8
0
 10
273.862866
 20
899.456666
 42
0.221481
  0
VERTEX
  8
0
 10
273.250000
 20
900.295480
 42
0.203245
  0
VERTEX
  8
0
 10
272.656504
 20
900.356738
 42
0.002196
  0
VERTEX
  8
0
 10
268.667371
 20
899.111517
 42
0.006464
  0
VERTEX
  8
0
 10
264.045550
 20
897.580461
 42
0.004109
  0
SEQEND
  0
POLYLINE
  8
0
 66
1
 70
1
  0
VERTEX
  8
0
 10
740.500000
 20
880.109957
 42
0.090618
  0
VERTEX
  8
0
 10
734.529630
 20
875.909161
 42
0.096682
  0
VERTEX
  8
0
 10
730.592241
 20
869.953454
 42
0.092033
  0
VERTEX
  8
0
 10
729.063078
 20
862.702103
 42
0.073930
  0
VERTEX
  8
0
 10
730.045391
 20
854.776039
 42
0.046916
  0
VERTEX
  8
0
 10
730.792435
 20
852.819067
 42
0.011146
  0
VERTEX
  8
0
 10
732.407815
 20
849.721630
 42
0.011368
  0
VERTEX
  8
0
 10
734.432636
 20
846.231830
 42
0.011003
  0
VERTEX
  8
0
 10
736.635351
 20
842.798933
 42
-0.007404
  0
VERTEX
  8
0
 10
741.805786
 20
834.867089
 42
-0.033597
  0
VERTEX
  8
0
 10
744.428834
 20
830.016222
 42
-0.059505
  0
VERTEX
  8
0
 10
745.580921
 20
826.415490
 42
-0.088145
  0
VERTEX
  8
0
 10
745.630378
 20
823.109715
 42
-0.156118
  0
VERTEX
  8
0
 10
743.152975
 20
818.239990
 42
-0.189139
  0
VERTEX
  8
0
 10
738.498718
 20
816.180550
 42
-0.148451
  0
VERTEX
  8
0
 10
732.750754
 20
817.660633
 42
-0.093376
  0
VERTEX
  8
0
 10
727.556519
 20
822.337012
 42
-0.067218
  0
VERTEX
  8
0
 10
725.984522
 20
825.099392
 42
-0.021611
  0
VERTEX
  8
0
 10
724.408789
 20
829.555066
 42
-0.020526
  0
VERTEX
  8
0
 10
723.230967
 20
834.061291
 42
-0.090016
  0
VERTEX
  8
0
 10
723.134919
 20
836.799495
 42
0.050924
  0
VERTEX
  8
0
 10
723.199789
 20
838.316906
 42
0.146475
  0
VERTEX
  8
0
 10
722.842292
 20
839.296520
 42
0.183600
  0
VERTEX
  8
0
 10
722.070913
 20
839.787519
 42
0.088599
  0
VERTEX
  8
0
 10
720.882599
 20
839.819551
 42
0.162917
  0
VERTEX
  8
0
 10
719.658506
 20
839.193463
 42
0.064813
  0
VERTEX
  8
0
 10
718.509125
 20
837.667553
 42
0.034754
  0
VERTEX
  8
0
 10
717.208136
 20
834.951089
 42
0.007709
  0
VERTEX
  8
0
 10
715.382599
 20
830.126763
 42
0.006517
  0
VERTEX
  8
0
 10
712.690282
 20
822.350346
 42
0.072857
  0
VERTEX
  8
0
 10
712.121973
 20
819.132506
 42
0.262420
  0
VERTEX
  8
0
 10
712.920957
 20
817.612362
 42
0.144395
  0
VERTEX
  8
0
 10
714.997191
 20
817.000000
 42
-0.079709
  0
VERTEX
  8
0
 10
716.668365
 20
816.731882
 42
-0.034625
  0
VERTEX
  8
0
 10
718.757581
 20
815.879477
 42
-0.028339
  0
VERTEX
  8
0
 10
721.206029
 20
814.499380
 42
-0.016164
  0
VERTEX
  8
0
 10
724.005641
 20
812.574763
 42
0.024377
  0
VERTEX
  8
0
 10
729.274988
 20
809.078306
 42
0.055017
  0
VERTEX
  8
0
 10
733.629399
 20
807.096162
 42
0.060320
  0
VERTEX
  8
0
 10
738.054096
 20
806.214166
 42
0.034977
  0
VERTEX
  8
0
 10
743.482344
 20
806.179773
 42
0.050799
  0
VERTEX
  8
0
 10
749.154753
 20
807.124886
 42
0.077260
  0
VERTEX
  8
0
 10
753.706236
 20
809.161945
 42
0.078717
  0
VERTEX
  8
0
 10
757.366034
 20
812.451336
 42
0.054864
  0
VERTEX
  8
0
 10
760.377091
 20
817.129195
 42
0.068297
  0
VERTEX
  8
0
 10
762.694991
 20
823.987405
 42
0.090283
  0
VERTEX
  8
0
 10
762.757266
 20
830.568619
 42
0.075996
  0
VERTEX
  8
0
 10
760.417903
 20
837.573487
 42
0.035274
  0
VERTEX
  8
0
 10
755.438003
 20
845.796396
 42
-0.012135
  0
VERTEX
  8
0
 10
750.240124
 20
853.546388
 42
-0.035653
  0
VERTEX
  8
0
 10
747.188859
 20
859.195410
 42
-0.054076
  0
VERTEX
  8
0
 10
745.796835
 20
863.454083
 42
-0.143777
  0
VERTEX
  8
0
 10
746.042824
 20
866.612636
 42
-0.024795
  0
VERTEX
  8
0
 10
746.544480
 20
867.757749
 42
-0.024965
  0
VERTEX
  8
0
 10
747.156007
 20
868.844882
 42
-0.025738
  0
VERTEX
  8
0
 10
747.782859
 20
869.734581
 42
-0.084999
  0
VERTEX
  8
0
 10
748.312561
 20
870.214335
 42
-0.162599
  0
VERTEX
  8
0
 10
751.435450
 20
870.991779
 42
-0.073789
  0
VERTEX
  8
0
 10
755.590133
 20
870.037822
 42
-0.069905
  0
VERTEX
  8
0
 10
759.553640
 20
867.807288
 42
-0.104315
  0
VERTEX
  8
0
 10
762.139348
 20
864.803511
 42
-0.039680
  0
VERTEX
  8
0
 10
762.701983
 20
863.555518
 42
-0.011673
  0
VERTEX
  8
0
 10
763.364887
 20
861.561031
 42
-0.011642
  0
VERTEX
  8
0
 10
764.008149
 20
859.274635
 42
-0.012265
  0
VERTEX
  8
0
 10
764.532212
 20
857.000000
 42
0.014054
  0
VERTEX
  8
0
 10
765.182832
 20
854.221539
 42
0.059914
  0
VERTEX
  8
0
 10
765.810460
 20
852.640125
 42
0.115784
  0
VERTEX
  8
0
 10
766.555245
 20
851.804594
 42
0.154261
  0
VERTEX
  8
0
 10
767.519022
 20
851.500000
 42
0.266241
  0
VERTEX
  8
0
 10
769.198163
 20
852.462326
 42
0.026222
  0
VERTEX
  8
0
 10
771.422379
 20
856.760386
 42
0.030963
  0
VERTEX
  8
0
 10
773.418699
 20
862.012960
 42
0.035265
  0
VERTEX
  8
0
 10
774.649312
 20
867.250000
 42
0.013519
  0
VERTEX
  8
0
 10
774.966082
 20
869.613046
 42
0.167642
  0
VERTEX
  8
0
 10
774.765990
 20
870.483387
 42
0.229767
  0
VERTEX
  8
0
 10
774.099615
 20
870.902036
 42
0.027316
  0
VERTEX
  8
0
 10
772.307807
 20
871.000000
 42
-0.073009
  0
VERTEX
  8
0
 10
770.763434
 20
871.226715
 42
-0.043829
  0
VERTEX
  8
0
 10
769.038441
 20
871.913942
 42
-0.036887
  0
VERTEX
  8
0
 10
767.158235
 20
873.042176
 42
-0.023440
  0
VERTEX
  8
0
 10
765.141867
 20
874.610563
 42
0.043125
  0
VERTEX
  8
0
 10
761.176500
 20
877.451957
 42
0.033782
  0
VERTEX
  8
0
 10
756.450874
 20
879.840621
 42
0.034762
  0
VERTEX
  8
0
 10
751.710348
 20
881.469562
 42
0.067167
  0
VERTEX
  8
0
 10
747.739273
 20
881.978038
 42
0.041829
  0
VERTEX
  8
0
 10
746.213875
 20
881.839783
 42
0.019638
  0
VERTEX
  8
0
 10
744.276537
 20
881.420230
 42
0.019302
  0
VERTEX
  8
0
 10
742.268571
 20
880.818539
 42
0.025672
  0
SEQEND
  0
POLYLINE
  8
0
 66
1
 70
1
  0
VERTEX
  8
0
 10
352.000000
 20
742.928044
 42
-0.325778
  0
VERTEX
  8
0
 10
351.684210
 20
742.494812
 42
-0.059400
  0
VERTEX
  8
0
 10
350.649632
 20
742.293272
 42
-0.036830
  0
VERTEX
  8
0
 10
348.993056
 20
742.293094
 42
-0.012695
  0
VERTEX
  8
0
 10
346.608145
 20
742.529755
 42
0.024616
  0
VERTEX
  8
0
 10
342.626867
 20
742.829211
 42
0.054507
  0
VERTEX
  8
0
 10
339.596131
 20
742.576914
 42
0.086882
  0
VERTEX
  8
0
 10
337.667843
 20
741.839434
 42
0.263929
  0
VERTEX
  8
0
 10
337.000000
 20
740.662372
 42
-0.245645
  0
VERTEX
  8
0
 10
336.699248
 20
740.087141
 42
-0.024181
  0
VERTEX
  8
0
 10
335.330955
 20
739.231303
 42
-0.026165
  0
VERTEX
  8
0
 10
333.495053
 20
738.325651
 42
-0.017671
  0
VERTEX
  8
0
 10
331.318143
 20
737.479760
 42
0.022118
  0
VERTEX
  8
0
 10
327.112622
 20
735.802416
 42
0.153852
  0
VERTEX
  8
0
 10
325.480917
 20
734.344971
 42
0.369864
  0
VERTEX
  8
0
 10
325.714847
 20
732.999011
 42
0.082504
  0
VERTEX
  8
0
 10
327.900261
 20
731.731546
 42
-0.014103
  0
VERTEX
  8
0
 10
329.087524
 20
731.244725
 42
-0.021391
  0
VERTEX
  8
0
 10
330.087189
 20
730.749307
 42
-0.017236
  0
VERTEX
  8
0
 10
330.851039
 20
730.294178
 42
-0.258936
  0
VERTEX
  8
0
 10
330.992298
 20
730.030762
 42
-0.234527
  0
VERTEX
  8
0
 10
330.840185
 20
729.735153
 42
-0.007907
  0
VERTEX
  8
0
 10
329.740683
 20
728.951837
 42
-0.013442
  0
VERTEX
  8
0
 10
328.368672
 20
728.060136
 42
-0.008790
  0
VERTEX
  8
0
 10
326.742298
 20
727.103152
 42
0.020335
  0
VERTEX
  8
0
 10
322.164224
 20
724.265088
 42
0.026790
  0
VERTEX
  8
0
 10
318.251888
 20
721.296014
 42
0.030165
  0
VERTEX
  8
0
 10
315.222040
 20
718.398645
 42
0.067649
  0
VERTEX
  8
0
 10
313.396162
 20
715.799199
 42
0.015158
  0
VERTEX
  8
0
 10
312.833903
 20
714.626070
 42
0.023033
  0
VERTEX
  8
0
 10
312.424549
 20
713.572422
 42
0.019462
  0
VERTEX
  8
0
 10
312.172452
 20
712.713819
 42
0.263899
  0
VERTEX
  8
0
 10
312.256200
 20
712.410466
 42
0.244006
  0
VERTEX
  8
0
 10
312.596374
 20
712.302721
 42
0.007490
  0
VERTEX
  8
0
 10
314.088974
 20
712.584984
 42
0.013161
  0
VERTEX
  8
0
 10
315.880104
 20
713.000971
 42
0.008537
  0
VERTEX
  8
0
 10
317.928571
 20
713.571429
 42
-0.008024
  0
VERTEX
  8
0
 10
319.975331
 20
714.143676
 42
-0.012431
  0
VERTEX
  8
0
 10
321.761021
 20
714.565021
 42
-0.006727
  0
VERTEX
  8
0
 10
323.254118
 20
714.857445
 42
-0.246134
  0
VERTEX
  8
0
 10
323.576611
 20
714.756722
 42
-0.417465
  0
VERTEX
  8
0
 10
323.575123
 20
714.488281
 42
-0.007897
  0
VERTEX
  8
0
 10
322.455678
 20
713.427462
 42
-0.014164
  0
VERTEX
  8
0
 10
321.013754
 20
712.177023
 42
-0.008386
  0
VERTEX
  8
0
 10
319.227976
 20
710.764272
 42
0.020133
  0
VERTEX
  8
0
 10
314.192119
 20
706.584344
 42
0.048787
  0
VERTEX
  8
0
 10
310.935550
 20
703.019603
 42
0.050180
  0
VERTEX
  8
0
 10
308.484283
 20
698.953167
 42
0.022387
  0
VERTEX
  8
0
 10
306.061594
 20
693.181781
 42
0.012211
  0
VERTEX
  8
0
 10
304.157838
 20
687.591900
 42
0.035330
  0
VERTEX
  8
0
 10
303.213595
 20
683.616492
 42
0.053328
  0
VERTEX
  8
0
 10
303.061795
 20
680.909258
 42
0.246487
  0
VERTEX
  8
0
 10
303.834348
 20
679.602378
 42
0.340472
  0
VERTEX
  8
0
 10
305.058857
 20
679.728640
 42
0.011621
  0
VERTEX
  8
0
 10
308.706297
 20
683.353648
 42
0.019992
  0
VERTEX
  8
0
 10
312.503092
 20
687.636927
 42
0.023357
  0
VERTEX
  8
0
 10
315.741973
 20
692.000000
 42
-0.011982
  0
VERTEX
  8
0
 10
317.064923
 20
693.869516
 42
-0.010397
  0
VERTEX
  8
0
 10
318.538307
 20
695.765625
 42
-0.010515
  0
VERTEX
  8
0
 10
319.944376
 20
697.426801
 42
-0.029965
  0
VERTEX
  8
0
 10
321.013206
 20
698.500000
 42
-0.014507
  0
VERTEX
  8
0
 10
322.349974
 20
699.622552
 42
-0.669189
  0
VERTEX
  8
0
 10
322.579622
 20
699.494098
 42
-0.085399
  0
VERTEX
  8
0
 10
322.354454
 20
698.736991
 42
-0.001859
  0
VERTEX
  8
0
 10
320.629602
 20
695.283244
 42
0.008333
  0
VERTEX
  8
0
 10
318.593869
 20
691.071439
 42
0.083618
  0
VERTEX
  8
0
 10
318.080720
 20
689.193333
 42
0.453982
  0
VERTEX
  8
0
 10
318.611304
 20
688.626581
 42
0.114857
  0
VERTEX
  8
0
 10
320.000000
 20
689.000000
 42
-0.069329
  0
VERTEX
  8
0
 10
321.469964
 20
689.541515
 42
-0.525799
  0
VERTEX
  8
0
 10
321.919448
 20
689.119725
 42
-0.143677
  0
VERTEX
  8
0
 10
321.356779
 20
687.913206
 42
-0.023713
  0
VERTEX
  8
0
 10
319.550881
 20
686.047800
 42
-0.037637
  0
VERTEX
  8
0
 10
318.446707
 20
685.156813
 42
-0.052611
  0
VERTEX
  8
0
 10
317.333601
 20
684.550763
 42
-0.062997
  0
VERTEX
  8
0
 10
316.314570
 20
684.271333
 42
-0.127741
  0
VERTEX
  8
0
 10
315.494203
 20
684.363851
 42
0.233879
  0
VERTEX
  8
0
 10
313.674428
 20
684.193956
 42
0.076839
  0
VERTEX
  8
0
 10
311.568847
 20
682.398873
 42
0.056663
  0
VERTEX
  8
0
 10
309.483663
 20
679.339503
 42
0.035232
  0
VERTEX
  8
0
 10
307.732043
 20
675.359693
 42
0.052462
  0
VERTEX
  8
0
 10
306.450248
 20
670.107039
 42
0.032713
  0
VERTEX
  8
0
 10
306.012202
 20
663.779486
 42
0.032701
  0
VERTEX
  8
0
 10
306.382773
 20
657.777650
 42
0.087776
  0
VERTEX
  8
0
 10
307.651611
 20
653.706816
 42
0.000000
  0
VERTEX
  8
0
 10
309.303223
 20
650.512951
 42
0.000000
  0
VERTEX
  8
0
 10
310.685016
 20
654.504166
 42
-0.017457
  0
VERTEX
  8
0
 10
311.312407
 20
656.130384
 42
-0.017222
  0
VERTEX
  8
0
 10
312.054327
 20
657.716381
 42
-0.017373
  0
VERTEX
  8
0
 10
312.799025
 20
659.057988
 42
-0.061056
  0
VERTEX
  8
0
 10
313.406109
 20
659.834680
 42
-0.254750
  0
VERTEX
  8
0
 10
314.009553
 20
660.012464
 42
-0.313759
  0
VERTEX
  8
0
 10
314.400207
 20
659.593423
 42
-0.048480
  0
VERTEX
  8
0
 10
314.475193
 20
657.943148
 42
-0.004988
  0
VERTEX
  8
0
 10
314.235399
 20
654.045927
 42
0.017797
  0
VERTEX
  8
0
 10
314.105155
 20
650.413311
 42
0.022828
  0
VERTEX
  8
0
 10
314.256938
 20
647.072324
 42
0.023318
  0
VERTEX
  8
0
 10
314.707845
 20
643.817893
 42
0.020015
  0
VERTEX
  8
0
 10
315.476983
 20
640.446964
 42
-0.014906
  0
VERTEX
  8
0
 10
316.112530
 20
637.787111
 42
-0.015816
  0
VERTEX
  8
0
 10
316.574334
 20
635.146026
 42
-0.015594
  0
VERTEX
  8
0
 10
316.828058
 20
632.854789
 42
-0.067097
  0
VERTEX
  8
0
 10
316.752960
 20
631.488027
 42
0.227537
  0
VERTEX
  8
0
 10
317.241622
 20
629.640495
 42
0.349971
  0
VERTEX
  8
0
 10
318.784910
 20
629.341339
 42
0.110583
  0
VERTEX
  8
0
 10
321.267508
 20
631.441334
 42
0.060312
  0
VERTEX
  8
0
 10
323.287483
 20
634.905178
 42
0.000000
  0
VERTEX
  8
0
 10
324.407467
 20
637.500000
 42
0.000000
  0
VERTEX
  8
0
 10
324.781102
 20
634.062157
 42
-0.089848
  0
VERTEX
  8
0
 10
324.294488
 20
627.215824
 42
-0.048215
  0
VERTEX
  8
0
 10
321.408341
 20
619.223167
 42
-0.045056
  0
VERTEX
  8
0
 10
316.691575
 20
611.226861
 42
-0.046930
  0
VERTEX
  8
0
 10
310.675374
 20
604.322677
 42
0.003773
  0
VERTEX
  8
0
 10
301.110029
 20
595.088722
 42
0.019412
  0
VERTEX
  8
0
 10
296.052844
 20
589.732183
 42
0.033632
  0
VERTEX
  8
0
 10
292.844714
 20
585.517378
 42
0.035044
  0
VERTEX
  8
0
 10
290.279216
 20
580.966249
 42
-0.040417
  0
VERTEX
  8
0
 10
287.479438
 20
576.121769
 42
-0.083148
  0
VERTEX
  8
0
 10
284.437026
 20
572.988828
 42
-0.094315
  0
VERTEX
  8
0
 10
280.811627
 20
571.255110
 42
-0.064588
  0
VERTEX
  8
0
 10
276.275278
 20
570.666667
 42
-0.100549
  0
VERTEX
  8
0
 10
270.727805
 20
571.793648
 42
-0.114267
  0
VERTEX
  8
0
 10
266.347025
 20
574.976990
 42
-0.100871
  0
VERTEX
  8
0
 10
263.442043
 20
580.124493
 42
-0.064159
  0
VERTEX
  8
0
 10
262.174853
 20
586.911326
 42
-0.040173
  0
VERTEX
  8
0
 10
262.329965
 20
593.411665
 42
-0.048487
  0
VERTEX
  8
0
 10
263.548974
 20
599.392729
 42
-0.040090
  0
VERTEX
  8
0
 10
266.119008
 20
605.863091
 42
-0.017539
  0
VERTEX
  8
0
 10
270.493697
 20
614.000000
 42
0.014384
  0
VERTEX
  8
0
 10
280.230163
 20
631.839074
 42
0.034092
  0
VERTEX
  8
0
 10
286.156115
 20
645.750988
 42
0.044531
  0
VERTEX
  8
0
 10
289.164944
 20
657.758469
 42
0.052388
  0
VERTEX
  8
0
 10
289.772272
 20
669.463253
 42
0.011851
  0
VERTEX
  8
0
 10
289.388110
 20
674.472624
 42
0.032859
  0
VERTEX
  8
0
 10
288.804792
 20
677.955681
 42
0.038096
  0
VERTEX
  8
0
 10
287.826609
 20
681.032843
 42
0.021102
  0
VERTEX
  8
0
 10
286.196514
 20
684.623732
 42
0.050691
  0
VERTEX
  8
0
 10
281.427463
 20
692.070200
 42
0.076153
  0
VERTEX
  8
0
 10
275.781811
 20
697.307149
 42
0.081779
  0
VERTEX
  8
0
 10
269.149312
 20
700.370269
 42
0.068768
  0
VERTEX
  8
0
 10
261.467756
 20
701.391239
 42
0.022415
  0
VERTEX
  8
0
 10
258.210712
 20
701.228234
 42
0.039497
  0
VERTEX
  8
0
 10
255.558772
 20
700.762680
 42
0.039066
  0
VERTEX
  8
0
 10
252.993502
 20
699.881638
 42
0.021400
  0
VERTEX
  8
0
 10
250.001459
 20
698.429988
 42
0.050955
  0
VERTEX
  8
0
 10
245.161608
 20
695.144890
 42
0.070587
  0
VERTEX
  8
0
 10
241.661838
 20
691.247571
 42
0.066107
  0
VERTEX
  8
0
 10
239.232546
 20
686.328828
 42
0.038675
  0
VERTEX
  8
0
 10
237.607909
 20
679.950504
 42
-0.013816
  0
VERTEX
  8
0
 10
236.978535
 20
676.841335
 42
-0.012444
  0
VERTEX
  8
0
 10
236.158718
 20
673.660461
 42
-0.012580
  0
VERTEX
  8
0
 10
235.280981
 20
670.845814
 42
-0.038029
  0
VERTEX
  8
0
 10
234.493026
 20
669.000000
 42
0.103617
  0
VERTEX
  8
0
 10
232.760306
 20
662.811308
 42
0.077941
  0
VERTEX
  8
0
 10
233.390761
 20
655.752110
 42
0.079241
  0
VERTEX
  8
0
 10
236.124328
 20
649.336631
 42
0.114567
  0
VERTEX
  8
0
 10
240.481564
 20
645.011394
 42
-0.022347
  0
VERTEX
  8
0
 10
241.910605
 20
644.037379
 42
-0.021155
  0
VERTEX
  8
0
 10
243.274361
 20
642.922668
 42
-0.021660
  0
VERTEX
  8
0
 10
244.395257
 20
641.833884
 42
-0.066402
  0
VERTEX
  8
0
 10
245.012650
 20
640.976364
 42
-0.081526
  0
VERTEX
  8
0
 10
245.841838
 20
638.545285
 42
-0.068781
  0
VERTEX
  8
0
 10
245.919844
 20
635.824948
 42
-0.071952
  0
VERTEX
  8
0
 10
245.271246
 20
633.309336
 42
-0.110254
  0
VERTEX
  8
0
 10
243.976371
 20
631.478616
 42
0.081335
  0
VERTEX
  8
0
 10
242.654848
 20
629.820531
 42
0.382004
  0
VERTEX
  8
0
 10
242.898088
 20
628.728628
 42
0.226366
  0
VERTEX
  8
0
 10
244.394901
 20
628.461531
 42
0.052199
  0
VERTEX
  8
0
 10
246.847403
 20
629.421089
 42
0.090475
  0
VERTEX
  8
0
 10
251.104633
 20
632.709535
 42
0.048684
  0
VERTEX
  8
0
 10
255.053568
 20
638.065279
 42
0.048395
  0
VERTEX
  8
0
 10
257.930788
 20
644.155736
 42
0.081962
  0
VERTEX
  8
0
 10
258.944127
 20
649.690983
 42
-0.028638
  0
VERTEX
  8
0
 10
259.039027
 20
650.957868
 42
-0.034610
  0
VERTEX
  8
0
 10
259.277337
 20
652.126162
 42
-0.037076
  0
VERTEX
  8
0
 10
259.610170
 20
653.053675
 42
-0.150770
  0
VERTEX
  8
0
 10
260.000000
 20
653.500000
 42
0.219729
  0
VERTEX
  8
0
 10
260.802214
 20
654.712134
 42
0.046894
  0
VERTEX
  8
0
 10
260.953341
 20
657.299753
 42
0.044427
  0
VERTEX
  8
0
 10
260.570660
 20
660.365647
 42
0.045848
  0
VERTEX
  8
0
 10
259.653755
 20
663.282119
 42
0.043916
  0
VERTEX
  8
0
 10
258.471581
 20
665.530789
 42
0.041150
  0
VERTEX
  8
0
 10
256.891856
 20
667.591472
 42
0.028135
  0
VERTEX
  8
0
 10
254.507317
 20
669.942140
 42
0.008386
  0
VERTEX
  8
0
 10
250.613636
 20
673.256638
 42
-0.160142
  0
VERTEX
  8
0
 10
248.021154
 20
677.348304
 42
-0.122822
  0
VERTEX
  8
0
 10
248.006493
 20
682.674139
 42
-0.113156
  0
VERTEX
  8
0
 10
250.552816
 20
687.724115
 42
-0.122031
  0
VERTEX
  8
0
 10
254.985633
 20
690.994049
 42
-0.081687
  0
VERTEX
  8
0
 10
258.791436
 20
691.883900
 42
-0.051853
  0
VERTEX
  8
0
 10
263.351438
 20
691.715397
 42
-0.051530
  0
VERTEX
  8
0
 10
267.819642
 20
690.605282
 42
-0.076428
  0
VERTEX
  8
0
 10
271.355475
 20
688.678032
 42
-0.069817
  0
VERTEX
  8
0
 10
274.957501
 20
685.035340
 42
-0.065157
  0
VERTEX
  8
0
 10
277.518661
 20
680.459240
 42
-0.054879
  0
VERTEX
  8
0
 10
279.118258
 20
674.689949
 42
-0.030820
  0
VERTEX
  8
0
 10
279.839386
 20
667.444163
 42
-0.012022
  0
VERTEX
  8
0
 10
279.909097
 20
662.292918
 42
-0.031123
  0
VERTEX
  8
0
 10
279.639229
 20
658.589364
 42
-0.032522
  0
VERTEX
  8
0
 10
278.920253
 20
655.042290
 42
-0.014210
  0
VERTEX
  8
0
 10
277.530940
 20
650.444163
 42
-0.025724
  0
VERTEX
  8
0
 10
275.025924
 20
644.047997
 42
-0.012452
  0
VERTEX
  8
0
 10
271.205305
 20
636.131076
 42
-0.010932
  0
VERTEX
  8
0
 10
266.283931
 20
627.044702
 42
-0.007612
  0
VERTEX
  8
0
 10
260.351604
 20
617.000000
 42
0.040711
  0
VERTEX
  8
0
 10
253.617457
 20
603.654483
 42
0.067802
  0
VERTEX
  8
0
 10
250.500878
 20
591.476820
 42
0.080629
  0
VERTEX
  8
0
 10
251.003954
 20
580.490296
 42
0.089867
  0
VERTEX
  8
0
 10
254.993123
 20
570.671895
 42
0.086688
  0
VERTEX
  8
0
 10
260.239834
 20
564.904030
 42
0.084819
  0
VERTEX
  8
0
 10
267.169130
 20
561.203568
 42
0.083528
  0
VERTEX
  8
0
 10
275.029233
 20
559.978636
 42
0.080615
  0
VERTEX
  8
0
 10
282.960953
 20
561.364297
 42
-0.008089
  0
VERTEX
  8
0
 10
284.693954
 20
561.934092
 42
-0.012615
  0
VERTEX
  8
0
 10
286.205769
 20
562.362690
 42
-0.006783
  0
VERTEX
  8
0
 10
287.470991
 20
562.668904
 42
-0.257817
  0
VERTEX
  8
0
 10
287.742816
 20
562.590518
 42
-0.159616
  0
VERTEX
  8
0
 10
287.892386
 20
562.295217
 42
-0.001298
  0
VERTEX
  8
0
 10
288.286870
 20
559.679364
 42
-0.004492
  0
VERTEX
  8
0
 10
288.706918
 20
556.657026
 42
-0.002855
  0
VERTEX
  8
0
 10
289.144278
 20
553.130844
 42
-0.006221
  0
VERTEX
  8
0
 10
289.696789
 20
547.900712
 42
-0.035751
  0
VERTEX
  8
0
 10
289.756190
 20
545.117065
 42
-0.066546
  0
VERTEX
  8
0
 10
289.402236
 20
543.204864
 42
-0.066124
  0
VERTEX
  8
0
 10
288.558081
 20
541.448299
 42
-0.066365
  0
VERTEX
  8
0
 10
286.586363
 20
539.166264
 42
-0.041508
  0
VERTEX
  8
0
 10
283.755732
 20
537.046762
 42
-0.042011
  0
VERTEX
  8
0
 10
280.748053
 20
535.497051
 42
-0.097841
  0
VERTEX
  8
0
 10
278.273053
 20
535.003738
 42
0.221101
  0
VERTEX
  8
0
 10
275.436003
 20
533.678911
 42
0.075367
  0
VERTEX
  8
0
 10
273.007079
 20
529.701776
 42
0.084906
  0
VERTEX
  8
0
 10
272.033932
 20
525.515581
 42
0.326788
  0
VERTEX
  8
0
 10
273.397349
 20
523.401017
 42
-0.129295
  0
VERTEX
  8
0
 10
274.186783
 20
522.833168
 42
-0.128682
  0
VERTEX
  8
0
 10
274.596480
 20
521.949439
 42
-0.064728
  0
VERTEX
  8
0
 10
274.667882
 20
520.489634
 42
-0.012871
  0
VERTEX
  8
0
 10
274.390439
 20
517.885617
 42
0.010331
  0
VERTEX
  8
0
 10
274.091522
 20
515.209192
 42
0.072293
  0
VERTEX
  8
0
 10
274.161965
 20
513.900392
 42
0.190447
  0
VERTEX
  8
0
 10
274.580984
 20
513.253082
 42
0.156232
  0
VERTEX
  8
0
 10
275.371169
 20
513.000000
 42
-0.087801
  0
VERTEX
  8
0
 10
275.993093
 20
512.889940
 42
-0.094575
  0
VERTEX
  8
0
 10
276.521531
 20
512.573971
 42
-0.100080
  0
VERTEX
  8
0
 10
276.875023
 20
512.102958
 42
-0.111539
  0
VERTEX
  8
0
 10
277.000000
 20
511.549690
 42
0.097602
  0
VERTEX
  8
0
 10
277.123002
 20
510.925574
 42
0.055835
  0
VERTEX
  8
0
 10
277.492970
 20
510.249529
 42
0.052765
  0
VERTEX
  8
0
 10
278.036333
 20
509.627149
 42
0.059429
  0
VERTEX
  8
0
 10
278.678195
 20
509.160215
 42
-0.135630
  0
VERTEX
  8
0
 10
279.482392
 20
508.364940
 42
-0.059800
  0
VERTEX
  8
0
 10
280.072313
 20
506.977017
 42
-0.039481
  0
VERTEX
  8
0
 10
280.501587
 20
504.897038
 42
-0.013877
  0
VERTEX
  8
0
 10
280.796605
 20
501.860525
 42
0.011777
  0
VERTEX
  8
0
 10
281.030515
 20
499.343151
 42
0.015079
  0
VERTEX
  8
0
 10
281.369986
 20
497.040323
 42
0.012966
  0
VERTEX
  8
0
 10
281.757664
 20
495.151593
 42
0.112063
  0
VERTEX
  8
0
 10
282.130367
 20
494.383129
 42
0.136420
  0
VERTEX
  8
0
 10
283.650009
 20
493.287053
 42
0.012584
  0
VERTEX
  8
0
 10
288.086317
 20
491.774803
 42
0.016960
  0
VERTEX
  8
0
 10
293.120753
 20
490.384496
 42
0.020914
  0
VERTEX
  8
0
 10
297.899197
 20
489.447136
 42
0.000000
  0
VERTEX
  8
0
 10
302.298393
 20
488.773791
 42
0.000000
  0
VERTEX
  8
0
 10
301.690336
 20
492.636896
 42
0.000000
  0
VERTEX
  8
0
 10
301.082279
 20
496.500000
 42
0.000000
  0
VERTEX
  8
0
 10
303.854551
 20
493.140742
 42
0.057735
  0
VERTEX
  8
0
 10
306.267037
 20
490.822417
 42
0.170559
  0
VERTEX
  8
0
 10
308.423167
 20
490.126310
 42
0.249131
  0
VERTEX
  8
0
 10
310.004689
 20
491.019069
 42
0.114006
  0
VERTEX
  8
0
 10
310.822258
 20
493.319022
 42
0.046433
  0
VERTEX
  8
0
 10
310.848105
 20
494.509424
 42
0.038065
  0
VERTEX
  8
0
 10
310.661439
 20
495.768511
 42
0.039519
  0
VERTEX
  8
0
 10
310.306220
 20
496.907654
 42
0.077331
  0
VERTEX
  8
0
 10
309.822258
 20
497.723093
 42
-0.008588
  0
VERTEX
  8
0
 10
309.097169
 20
498.633062
 42
-0.206130
  0
VERTEX
  8
0
 10
309.018562
 20
498.942119
 42
-0.435787
  0
VERTEX
  8
0
 10
309.200640
 20
499.064387
 42
-0.020232
  0
VERTEX
  8
0
 10
310.000000
 20
498.842252
 42
-0.096528
  0
VERTEX
  8
0
 10
310.709631
 20
498.450912
 42
-0.026603
  0
VERTEX
  8
0
 10
311.646875
 20
497.578438
 42
-0.025833
  0
VERTEX
  8
0
 10
312.624104
 20
496.455945
 42
-0.024427
  0
VERTEX
  8
0
 10
313.500000
 20
495.218150
 42
0.018302
  0
VERTEX
  8
0
 10
315.148091
 20
492.827553
 42
0.188074
  0
VERTEX
  8
0
 10
316.146891
 20
492.203007
 42
0.343797
  0
VERTEX
  8
0
 10
316.924756
 20
492.603305
 42
0.046871
  0
VERTEX
  8
0
 10
317.576027
 20
494.446893
 42
0.096136
  0
VERTEX
  8
0
 10
317.730937
 20
497.301096
 42
0.055771
  0
VERTEX
  8
0
 10
316.882148
 20
500.640698
 42
0.054912
  0
VERTEX
  8
0
 10
315.286012
 20
503.782676
 42
0.081312
  0
VERTEX
  8
0
 10
313.202335
 20
506.055483
 42
0.051850
  0
VERTEX
  8
0
 10
311.531111
 20
507.110042
 42
0.067411
  0
VERTEX
  8
0
 10
309.817281
 20
507.686907
 42
0.046904
  0
VERTEX
  8
0
 10
307.572682
 20
507.903787
 42
0.012941
  0
VERTEX
  8
0
 10
304.024727
 20
507.821120
 42
0.000000
  0
VERTEX
  8
0
 10
297.500000
 20
507.500000
 42
0.000000
  0
VERTEX
  8
0
 10
296.154597
 20
513.164796
 42
-0.012491
  0
VERTEX
  8
0
 10
295.494077
 20
516.291318
 42
-0.045838
  0
VERTEX
  8
0
 10
295.309194
 20
518.303804
 42
-0.064739
  0
VERTEX
  8
0
 10
295.521147
 20
519.933922
 42
-0.046151
  0
VERTEX
  8
0
 10
296.154597
 20
521.664796
 42
-0.111724
  0
VERTEX
  8
0
 10
298.027923
 20
524.050875
 42
-0.040332
  0
VERTEX
  8
0
 10
301.603101
 20
526.507602
 42
-0.040553
  0
VERTEX
  8
0
 10
305.618745
 20
528.399932
 42
-0.087863
  0
VERTEX
  8
0
 10
308.961890
 20
529.022236
 42
0.059794
  0
VERTEX
  8
0
 10
310.114420
 20
529.170812
 42
0.031617
  0
VERTEX
  8
0
 10
311.488805
 20
529.612376
 42
0.030952
  0
VERTEX
  8
0
 10
312.856789
 20
530.249659
 42
0.041512
  0
VERTEX
  8
0
 10
314.000000
 20
531.000000
 42
-0.026284
  0
VERTEX
  8
0
 10
315.070362
 20
531.750081
 42
-0.025910
  0
VERTEX
  8
0
 10
316.218526
 20
532.387624
 42
-0.026821
  0
VERTEX
  8
0
 10
317.280177
 20
532.838293
 42
-0.083543
  0
VERTEX
  8
0
 10
318.041792
 20
532.977764
 42
0.185549
  0
VERTEX
  8
0
 10
320.116812
 20
533.809793
 42
0.021158
  0
VERTEX
  8
0
 10
323.731412
 20
537.462053
 42
0.026444
  0
VERTEX
  8
0
 10
327.189083
 20
541.694133
 42
0.052213
  0
VERTEX
  8
0
 10
329.372436
 20
545.439199
 42
0.038579
  0
VERTEX
  8
0
 10
330.094024
 20
547.438499
 42
0.015028
  0
VERTEX
  8
0
 10
330.790715
 20
550.295368
 42
0.014772
  0
VERTEX
  8
0
 10
331.362936
 20
553.447092
 42
0.017764
  0
VERTEX
  8
0
 10
331.707150
 20
556.439199
 42
-0.008967
  0
VERTEX
  8
0
 10
332.310366
 20
562.641804
 42
-0.105485
  0
VERTEX
  8
0
 10
333.080581
 20
564.927100
 42
-0.665889
  0
VERTEX
  8
0
 10
333.857947
 20
564.818028
 42
-0.031100
  0
VERTEX
  8
0
 10
334.560030
 20
561.250000
 42
0.015424
  0
VERTEX
  8
0
 10
334.975064
 20
558.725643
 42
0.055199
  0
VERTEX
  8
0
 10
335.463950
 20
557.167774
 42
0.102009
  0
VERTEX
  8
0
 10
336.081950
 20
556.297867
 42
0.186169
  0
VERTEX
  8
0
 10
336.878831
 20
555.978038
 42
-0.062401
  0
VERTEX
  8
0
 10
337.757670
 20
555.855816
 42
-0.013711
  0
VERTEX
  8
0
 10
339.221164
 20
555.418699
 42
-0.014064
  0
VERTEX
  8
0
 10
340.896723
 20
554.815053
 42
-0.013103
  0
VERTEX
  8
0
 10
342.576196
 20
554.104744
 42
-0.118936
  0
VERTEX
  8
0
 10
347.041065
 20
550.617411
 42
-0.158203
  0
VERTEX
  8
0
 10
348.830070
 20
545.823042
 42
-0.127545
  0
VERTEX
  8
0
 10
347.603210
 20
540.077719
 42
-0.065625
  0
VERTEX
  8
0
 10
343.450491
 20
533.944256
 42
0.028319
  0
VERTEX
  8
0
 10
340.798486
 20
530.594104
 42
0.071823
  0
VERTEX
  8
0
 10
339.397155
 20
527.832525
 42
0.094205
  0
VERTEX
  8
0
 10
339.040139
 20
525.268033
 42
0.079386
  0
VERTEX
  8
0
 10
339.606989
 20
522.581787
 42
0.093284
  0
VERTEX
  8
0
 10
339.979794
 20
521.977040
 42
0.066793
  0
VERTEX
  8
0
 10
340.589435
 20
521.464650
 42
0.064904
  0
VERTEX
  8
0
 10
341.333092
 20
521.118244
 42
0.076725
  0
VERTEX
  8
0
 10
342.099119
 20
521.000000
 42
-0.132692
  0
VERTEX
  8
0
 10
343.011791
 20
520.753450
 42
-0.067433
  0
VERTEX
  8
0
 10
343.956372
 20
520.016796
 42
-0.052496
  0
VERTEX
  8
0
 10
344.888870
 20
518.837095
 42
-0.030281
  0
VERTEX
  8
0
 10
345.763033
 20
517.250000
 42
0.025271
  0
VERTEX
  8
0
 10
346.711456
 20
515.486529
 42
0.071543
  0
VERTEX
  8
0
 10
347.595402
 20
514.408540
 42
0.106766
  0
VERTEX
  8
0
 10
348.517302
 20
513.870347
 42
0.113513
  0
VERTEX
  8
0
 10
349.558125
 20
513.776811
 42
-0.178149
  0
VERTEX
  8
0
 10
351.563006
 20
513.336544
 42
-0.049273
  0
VERTEX
  8
0
 10
354.137126
 20
511.308758
 42
-0.044762
  0
VERTEX
  8
0
 10
356.713693
 20
508.345047
 42
-0.040802
  0
VERTEX
  8
0
 10
358.812488
 20
504.880058
 42
0.000000
  0
VERTEX
  8
0
 10
360.500000
 20
501.500000
 42
0.000000
  0
VERTEX
  8
0
 10
370.263168
 20
501.361516
 42
-0.009413
  0
VERTEX
  8
0
 10
374.421089
 20
501.224218
 42
-0.017194
  0
VERTEX
  8
0
 10
377.802426
 20
500.931957
 42
-0.017279
  0
VERTEX
  8
0
 10
380.380028
 20
500.528776
 42
-0.126419
  0
VERTEX
  8
0
 10
381.500434
 20
499.999640
 42
0.183240
  0
VERTEX
  8
0
 10
383.839370
 20
499.197805
 42
0.296194
  0
VERTEX
  8
0
 10
385.505925
 20
500.357932
 42
0.157642
  0
VERTEX
  8
0
 10
385.727039
 20
503.338763
 42
0.085132
  0
VERTEX
  8
0
 10
384.250000
 20
506.750926
 42
-0.009721
  0
VERTEX
  8
0
 10
383.182552
 20
508.457574
 42
-0.649334
  0
VERTEX
  8
0
 10
383.332217
 20
508.670655
 42
-0.100920
  0
VERTEX
  8
0
 10
383.973461
 20
508.403689
 42
-0.001592
  0
VERTEX
  8
0
 10
387.258404
 20
506.161920
 42
0.017265
  0
VERTEX
  8
0
 10
389.153462
 20
504.953923
 42
0.025043
  0
VERTEX
  8
0
 10
390.910308
 20
504.032811
 42
0.022777
  0
VERTEX
  8
0
 10
392.370243
 20
503.437344
 42
0.227640
  0
VERTEX
  8
0
 10
393.008404
 20
503.505194
 42
0.215859
  0
VERTEX
  8
0
 10
393.886772
 20
504.811326
 42
0.077761
  0
VERTEX
  8
0
 10
393.913412
 20
507.103158
 42
0.068485
  0
VERTEX
  8
0
 10
393.183435
 20
509.638474
 42
0.084473
  0
VERTEX
  8
0
 10
391.825686
 20
511.685549
 42
-0.014726
  0
VERTEX
  8
0
 10
390.812639
 20
512.829604
 42
-0.100736
  0
VERTEX
  8
0
 10
390.457195
 20
513.488838
 42
-0.339585
  0
VERTEX
  8
0
 10
390.592893
 20
513.848225
 42
-0.139655
  0
VERTEX
  8
0
 10
391.125686
 20
514.000000
 42
-0.066475
  0
VERTEX
  8
0
 10
391.777664
 20
513.912934
 42
-0.039088
  0
VERTEX
  8
0
 10
392.519420
 20
513.647500
 42
-0.038400
  0
VERTEX
  8
0
 10
393.232347
 20
513.259371
 42
-0.052571
  0
VERTEX
  8
0
 10
393.800000
 20
512.800000
 42
0.351061
  0
VERTEX
  8
0
 10
394.678933
 20
512.702785
 42
0.322107
  0
VERTEX
  8
0
 10
395.024026
 20
513.560581
 42
0.065443
  0
VERTEX
  8
0
 10
394.054968
 20
516.048435
 42
0.061461
  0
VERTEX
  8
0
 10
392.459531
 20
518.260218
 42
0.103002
  0
VERTEX
  8
0
 10
389.726009
 20
520.202831
 42
0.092597
  0
VERTEX
  8
0
 10
386.337206
 20
520.988786
 42
0.074359
  0
VERTEX
  8
0
 10
382.267514
 20
520.559006
 42
0.040725
  0
VERTEX
  8
0
 10
377.521299
 20
518.906397
 42
0.000000
  0
VERTEX
  8
0
 10
372.788362
 20
516.812794
 42
0.000000
  0
VERTEX
  8
0
 10
369.308862
 20
520.156397
 42
-0.028463
  0
VERTEX
  8
0
 10
366.763573
 20
522.897346
 42
-0.035715
  0
VERTEX
  8
0
 10
364.749119
 20
525.718518
 42
-0.040169
  0
VERTEX
  8
0
 10
363.418083
 20
528.349273
 42
-0.097331
  0
VERTEX
  8
0
 10
363.000000
 20
530.476656
 42
-0.181929
  0
VERTEX
  8
0
 10
363.825898
 20
532.671363
 42
-0.020956
  0
VERTEX
  8
0
 10
367.527016
 20
536.551817
 42
-0.018504
  0
VERTEX
  8
0
 10
371.528369
 20
540.133704
 42
-0.271260
  0
VERTEX
  8
0
 10
373.323053
 20
540.429527
 42
0.274644
  0
VERTEX
  8
0
 10
374.975610
 20
540.712627
 42
0.039475
  0
VERTEX
  8
0
 10
377.502997
 20
543.236196
 42
0.038424
  0
VERTEX
  8
0
 10
380.113246
 20
546.812954
 42
0.033890
  0
VERTEX
  8
0
 10
382.269831
 20
550.896658
 42
0.029095
  0
VERTEX
  8
0
 10
383.158451
 20
553.257877
 42
0.037316
  0
VERTEX
  8
0
 10
383.681177
 20
555.519149
 42
0.035625
  0
VERTEX
  8
0
 10
383.876560
 20
557.915397
 42
0.023223
  0
VERTEX
  8
0
 10
383.775791
 20
560.690118
 42
-0.011597
  0
VERTEX
  8
0
 10
383.657161
 20
562.680034
 42
-0.029257
  0
VERTEX
  8
0
 10
383.689280
 20
564.130162
 42
-0.081959
  0
VERTEX
  8
0
 10
383.857170
 20
564.803971
 42
-0.606340
  0
VERTEX
  8
0
 10
384.109750
 20
564.822420
 42
0.167834
  0
VERTEX
  8
0
 10
384.943589
 20
564.141684
 42
0.405912
  0
VERTEX
  8
0
 10
385.603901
 20
564.435847
 42
0.109123
  0
VERTEX
  8
0
 10
385.865619
 20
566.025952
 42
0.032809
  0
VERTEX
  8
0
 10
385.570714
 20
568.474753
 42
0.109379
  0
VERTEX
  8
0
 10
383.311167
 20
573.769754
 42
0.084531
  0
VERTEX
  8
0
 10
378.842194
 20
578.198758
 42
0.065092
  0
VERTEX
  8
0
 10
372.036044
 20
581.761540
 42
0.033508
  0
VERTEX
  8
0
 10
362.789798
 20
584.472984
 42
0.000000
  0
VERTEX
  8
0
 10
355.079595
 20
586.183054
 42
0.000000
  0
VERTEX
  8
0
 10
349.789798
 20
583.663895
 42
0.008356
  0
VERTEX
  8
0
 10
347.516945
 20
582.534520
 42
0.006328
  0
VERTEX
  8
0
 10
345.060207
 20
581.222451
 42
0.006402
  0
VERTEX
  8
0
 10
342.784674
 20
579.931658
 42
0.014776
  0
VERTEX
  8
0
 10
341.117292
 20
578.890141
 42
-0.002501
  0
VERTEX
  8
0
 10
338.843797
 20
577.391211
 42
-0.125948
  0
VERTEX
  8
0
 10
338.341455
 20
577.220653
 42
-0.574539
  0
VERTEX
  8
0
 10
338.200386
 20
577.424849
 42
-0.013245
  0
VERTEX
  8
0
 10
338.847818
 20
578.715646
 42
-0.077000
  0
VERTEX
  8
0
 10
340.974809
 20
581.542245
 42
-0.019536
  0
VERTEX
  8
0
 10
345.256430
 20
585.396671
 42
-0.020731
  0
VERTEX
  8
0
 10
350.125660
 20
589.116892
 42
-0.035730
  0
VERTEX
  8
0
 10
354.500000
 20
591.736221
 42
0.015972
  0
VERTEX
  8
0
 10
356.654451
 20
592.913325
 42
0.011326
  0
VERTEX
  8
0
 10
358.996159
 20
594.364013
 42
0.011449
  0
VERTEX
  8
0
 10
361.171339
 20
595.852712
 42
0.023672
  0
VERTEX
  8
0
 10
362.784796
 20
597.132066
 42
-0.024052
  0
VERTEX
  8
0
 10
364.171339
 20
598.229780
 42
-0.026096
  0
VERTEX
  8
0
 10
365.620763
 20
599.157544
 42
-0.026820
  0
VERTEX
  8
0
 10
366.935469
 20
599.814771
 42
-0.102846
  0
VERTEX
  8
0
 10
367.826458
 20
600.000000
 42
0.162453
  0
VERTEX
  8
0
 10
369.846534
 20
600.674125
 42
0.023945
  0
VERTEX
  8
0
 10
373.209097
 20
603.461063
 42
0.022986
  0
VERTEX
  8
0
 10
376.292037
 20
606.547159
 42
0.186861
  0
VERTEX
  8
0
 10
377.000000
 20
608.375367
 42
0.082103
  0
VERTEX
  8
0
 10
376.898671
 20
608.988291
 42
0.044055
  0
VERTEX
  8
0
 10
376.588196
 20
609.691578
 42
0.042335
  0
VERTEX
  8
0
 10
376.134535
 20
610.371478
 42
0.051307
  0
VERTEX
  8
0
 10
375.598113
 20
610.918573
 42
-0.060746
  0
VERTEX
  8
0
 10
375.017995
 20
611.532945
 42
-0.030117
  0
VERTEX
  8
0
 10
374.433955
 20
612.433839
 42
-0.029364
  0
VERTEX
  8
0
 10
373.933357
 20
613.453844
 42
-0.037926
  0
VERTEX
  8
0
 10
373.603630
 20
614.443127
 42
0.101465
  0
VERTEX
  8
0
 10
373.063255
 20
615.567117
 42
0.028469
  0
VERTEX
  8
0
 10
371.790913
 20
617.055498
 42
0.027408
  0
VERTEX
  8
0
 10
370.123081
 20
618.614763
 42
0.025504
  0
VERTEX
  8
0
 10
368.255517
 20
620.022648
 42
-0.003064
  0
VERTEX
  8
0
 10
365.424018
 20
621.964347
 42
-0.089224
  0
VERTEX
  8
0
 10
364.805724
 20
622.582398
 42
-0.654578
  0
VERTEX
  8
0
 10
364.960015
 20
622.833176
 42
-0.021845
  0
VERTEX
  8
0
 10
366.500000
 20
622.547190
 42
-0.049188
  0
VERTEX
  8
0
 10
370.868291
 20
621.072401
 42
-0.056113
  0
VERTEX
  8
0
 10
374.660297
 20
618.819914
 42
-0.054878
  0
VERTEX
  8
0
 10
377.922615
 20
615.733136
 42
-0.043906
  0
VERTEX
  8
0
 10
380.718442
 20
611.780565
 42
0.035335
  0
VERTEX
  8
0
 10
383.726840
 20
607.369225
 42
0.048424
  0
VERTEX
  8
0
 10
387.055864
 20
603.908025
 42
0.056614
  0
VERTEX
  8
0
 10
390.451484
 20
601.609891
 42
0.103199
  0
VERTEX
  8
0
 10
393.658995
 20
600.700724
 42
0.025710
  0
VERTEX
  8
0
 10
395.237682
 20
600.670524
 42
0.175597
  0
VERTEX
  8
0
 10
395.948989
 20
600.954572
 42
0.210387
  0
VERTEX
  8
0
 10
396.241671
 20
601.595296
 42
0.038541
  0
VERTEX
  8
0
 10
396.157376
 20
602.925699
 42
0.000000
  0
VERTEX
  8
0
 10
395.814752
 20
605.351399
 42
0.000000
  0
VERTEX
  8
0
 10
398.657376
 20
603.463117
 42
0.009475
  0
VERTEX
  8
0
 10
399.996777
 20
602.609518
 42
0.004969
  0
VERTEX
  8
0
 10
401.693104
 20
601.596127
 42
0.004940
  0
VERTEX
  8
0
 10
403.452950
 20
600.591566
 42
0.007559
  0
VERTEX
  8
0
 10
405.000000
 20
599.759036
 42
0.006723
  0
VERTEX
  8
0
 10
407.299717
 20
598.604918
 42
0.127505
  0
VERTEX
  8
0
 10
408.082529
 20
598.447830
 42
0.306230
  0
VERTEX
  8
0
 10
408.527697
 20
598.786195
 42
0.042598
  0
VERTEX
  8
0
 10
408.819551
 20
599.971618
 42
-0.039884
  0
VERTEX
  8
0
 10
409.175289
 20
601.451017
 42
-0.322898
  0
VERTEX
  8
0
 10
409.707113
 20
601.839128
 42
-0.119995
  0
VERTEX
  8
0
 10
410.651777
 20
601.614871
 42
-0.005020
  0
VERTEX
  8
0
 10
413.738815
 20
600.000000
 42
0.028931
  0
VERTEX
  8
0
 10
416.592349
 20
598.676915
 42
0.063718
  0
VERTEX
  8
0
 10
418.917651
 20
598.085520
 42
0.120779
  0
VERTEX
  8
0
 10
420.412753
 20
598.263686
 42
0.312571
  0
VERTEX
  8
0
 10
421.000000
 20
599.111291
 42
-0.422809
  0
VERTEX
  8
0
 10
421.738815
 20
599.828802
 42
-0.036102
  0
VERTEX
  8
0
 10
424.655036
 20
599.531993
 42
-0.036276
  0
VERTEX
  8
0
 10
428.172256
 20
598.648406
 42
-0.039672
  0
VERTEX
  8
0
 10
431.416651
 20
597.284541
 42
0.053264
  0
VERTEX
  8
0
 10
433.241317
 20
596.575096
 42
0.043231
  0
VERTEX
  8
0
 10
435.308288
 20
596.203271
 42
0.031798
  0
VERTEX
  8
0
 10
437.942590
 20
596.129488
 42
0.012190
  0
VERTEX
  8
0
 10
441.602319
 20
596.349159
 42
-0.007922
  0
VERTEX
  8
0
 10
445.399481
 20
596.609620
 42
-0.041078
  0
VERTEX
  8
0
 10
447.499412
 20
596.547723
 42
-0.086906
  0
VERTEX
  8
0
 10
448.721343
 20
596.189790
 42
-0.188708
  0
VERTEX
  8
0
 10
449.369728
 20
595.478887
 42
0.114443
  0
VERTEX
  8
0
 10
450.133417
 20
594.348842
 42
0.253813
  0
VERTEX
  8
0
 10
451.109733
 20
594.098015
 42
0.169940
  0
VERTEX
  8
0
 10
452.173261
 20
594.798336
 42
0.056130
  0
VERTEX
  8
0
 10
453.148355
 20
596.426258
 42
0.089917
  0
VERTEX
  8
0
 10
453.797216
 20
598.986903
 42
0.095645
  0
VERTEX
  8
0
 10
453.482771
 20
601.553903
 42
0.096713
  0
VERTEX
  8
0
 10
452.241352
 20
603.797301
 42
0.094217
  0
VERTEX
  8
0
 10
450.237293
 20
605.433435
 42
-0.011031
  0
VERTEX
  8
0
 10
448.557845
 20
606.392456
 42
-0.602343
  0
VERTEX
  8
0
 10
448.573609
 20
606.681970
 42
-0.119895
  0
VERTEX
  8
0
 10
449.225108
 20
606.809612
 42
-0.002107
  0
VERTEX
  8
0
 10
452.834388
 20
606.631189
 42
-0.020207
  0
VERTEX
  8
0
 10
455.089556
 20
606.418539
 42
-0.033124
  0
VERTEX
  8
0
 10
456.968666
 20
606.036356
 42
-0.038907
  0
VERTEX
  8
0
 10
458.377988
 20
605.530445
 42
-0.145121
  0
VERTEX
  8
0
 10
459.084388
 20
604.922475
 42
0.032076
  0
VERTEX
  8
0
 10
459.623733
 20
604.192068
 42
0.231875
  0
VERTEX
  8
0
 10
460.012312
 20
604.020900
 42
0.213239
  0
VERTEX
  8
0
 10
460.407595
 20
604.217215
 42
0.027195
  0
VERTEX
  8
0
 10
460.984687
 20
605.000000
 42
0.087285
  0
VERTEX
  8
0
 10
461.759572
 20
606.798712
 42
0.079352
  0
VERTEX
  8
0
 10
461.909704
 20
608.816394
 42
0.072577
  0
VERTEX
  8
0
 10
461.415720
 20
610.935675
 42
0.056620
  0
VERTEX
  8
0
 10
460.307964
 20
613.027494
 42
0.025917
  0
VERTEX
  8
0
 10
458.702619
 20
615.130648
 42
0.084520
  0
VERTEX
  8
0
 10
457.365583
 20
616.253105
 42
0.094276
  0
VERTEX
  8
0
 10
455.816172
 20
616.804222
 42
0.037155
  0
VERTEX
  8
0
 10
453.550000
 20
616.984687
 42
-0.096271
  0
VERTEX
  8
0
 10
451.748981
 20
617.344415
 42
-0.569509
  0
VERTEX
  8
0
 10
451.637686
 20
618.099665
 42
-0.121635
  0
VERTEX
  8
0
 10
453.472476
 20
618.962614
 42
-0.042327
  0
VERTEX
  8
0
 10
456.396030
 20
619.294218
 42
0.189606
  0
VERTEX
  8
0
 10
459.140968
 20
620.464809
 42
0.354993
  0
VERTEX
  8
0
 10
459.391583
 20
622.719467
 42
0.154465
  0
VERTEX
  8
0
 10
456.473454
 20
625.141460
 42
0.096863
  0
VERTEX
  8
0
 10
452.083333
 20
626.000000
 42
-0.028575
  0
VERTEX
  8
0
 10
450.548612
 20
626.087780
 42
-0.039477
  0
VERTEX
  8
0
 10
449.195169
 20
626.352541
 42
-0.044621
  0
VERTEX
  8
0
 10
448.175536
 20
626.737819
 42
-0.202343
  0
VERTEX
  8
0
 10
447.765048
 20
627.204857
 42
0.386284
  0
VERTEX
  8
0
 10
446.349433
 20
628.000029
 42
0.063155
  0
VERTEX
  8
0
 10
443.127400
 20
626.818040
 42
0.052804
  0
VERTEX
  8
0
 10
439.555032
 20
624.460880
 42
0.071483
  0
VERTEX
  8
0
 10
436.952505
 20
621.606670
 42
-0.028222
  0
VERTEX
  8
0
 10
434.472068
 20
618.364131
 42
-0.106887
  0
VERTEX
  8
0
 10
432.448586
 20
616.831005
 42
-0.133583
  0
VERTEX
  8
0
 10
430.230409
 20
616.450627
 42
-0.054936
  0
VERTEX
  8
0
 10
427.218682
 20
617.078475
 42
-0.031558
  0
VERTEX
  8
0
 10
420.976598
 20
619.559931
 42
-0.008548
  0
VERTEX
  8
0
 10
411.435865
 20
624.269903
 42
-0.003895
  0
VERTEX
  8
0
 10
401.663326
 20
629.400598
 42
-0.148107
  0
VERTEX
  8
0
 10
399.926699
 20
631.136963
 42
-0.033154
  0
VERTEX
  8
0
 10
399.510840
 20
632.055544
 42
-0.436126
  0
VERTEX
  8
0
 10
399.660151
 20
632.354140
 42
-0.155026
  0
VERTEX
  8
0
 10
400.205573
 20
632.341591
 42
-0.007579
  0
VERTEX
  8
0
 10
401.925981
 20
631.721837
 42
0.045347
  0
VERTEX
  8
0
 10
403.647808
 20
631.244768
 42
0.109475
  0
VERTEX
  8
0
 10
404.960915
 20
631.295246
 42
0.081319
  0
VERTEX
  8
0
 10
406.360946
 20
631.918423
 42
0.017636
  0
VERTEX
  8
0
 10
408.527732
 20
633.453355
 42
0.026582
  0
VERTEX
  8
0
 10
410.094312
 20
634.785653
 42
0.017937
  0
VERTEX
  8
0
 10
411.739854
 20
636.459004
 42
0.018098
  0
VERTEX
  8
0
 10
413.218517
 20
638.196976
 42
0.033943
  0
VERTEX
  8
0
 10
414.261107
 20
639.717970
 42
-0.026560
  0
VERTEX
  8
0
 10
415.302543
 20
641.286406
 42
-0.070087
  0
VERTEX
  8
0
 10
416.247796
 20
642.243442
 42
-0.104092
  0
VERTEX
  8
0
 10
417.172655
 20
642.683615
 42
-0.123764
  0
VERTEX
  8
0
 10
418.136895
 20
642.674452
 42
0.215961
  0
VERTEX
  8
0
 10
420.230642
 20
643.033019
 42
0.073798
  0
VERTEX
  8
0
 10
422.555409
 20
645.165686
 42
0.071271
  0
VERTEX
  8
0
 10
424.242326
 20
647.987319
 42
0.162006
  0
VERTEX
  8
0
 10
424.427011
 20
650.434790
 42
-0.082041
  0
VERTEX
  8
0
 10
424.323811
 20
651.687617
 42
-0.131869
  0
VERTEX
  8
0
 10
424.682825
 20
652.690550
 42
-0.086535
  0
VERTEX
  8
0
 10
425.634659
 20
653.655384
 42
-0.021627
  0
VERTEX
  8
0
 10
427.497700
 20
654.866142
 42
0.026987
  0
VERTEX
  8
0
 10
429.191086
 20
655.992630
 42
0.065655
  0
VERTEX
  8
0
 10
430.263624
 20
657.036994
 42
0.089949
  0
VERTEX
  8
0
 10
430.826957
 20
658.097811
 42
0.097660
  0
VERTEX
  8
0
 10
430.959841
 20
659.257889
 42
-0.007614
  0
VERTEX
  8
0
 10
430.898594
 20
660.192694
 42
-0.007181
  0
VERTEX
  8
0
 10
430.864368
 20
661.147368
 42
-0.007161
  0
VERTEX
  8
0
 10
430.858313
 20
661.993807
 42
-0.024679
  0
VERTEX
  8
0
 10
430.889309
 20
662.541662
 42
-0.157574
  0
VERTEX
  8
0
 10
431.703231
 20
664.371902
 42
-0.020200
  0
VERTEX
  8
0
 10
434.739248
 20
667.494030
 42
-0.019608
  0
VERTEX
  8
0
 10
438.014747
 20
670.365559
 42
-0.171802
  0
VERTEX
  8
0
 10
439.806682
 20
671.000000
 42
0.062433
  0
VERTEX
  8
0
 10
440.639735
 20
671.104426
 42
0.030902
  0
VERTEX
  8
0
 10
441.655949
 20
671.431283
 42
0.030092
  0
VERTEX
  8
0
 10
442.682813
 20
671.906135
 42
0.038582
  0
VERTEX
  8
0
 10
443.558870
 20
672.468197
 42
-0.036116
  0
VERTEX
  8
0
 10
444.429077
 20
673.032575
 42
-0.028847
  0
VERTEX
  8
0
 10
445.438259
 20
673.514453
 42
-0.029682
  0
VERTEX
  8
0
 10
446.429129
 20
673.852142
 42
-0.062767
  0
VERTEX
  8
0
 10
447.230948
 20
673.968197
 42
0.221473
  0
VERTEX
  8
0
 10
448.638418
 20
674.655530
 42
0.112423
  0
VERTEX
  8
0
 10
449.526552
 20
676.463086
 42
0.089667
  0
VERTEX
  8
0
 10
449.656307
 20
678.866333
 42
0.090260
  0
VERTEX
  8
0
 10
448.935327
 20
681.156859
 42
0.040249
  0
VERTEX
  8
0
 10
447.643402
 20
683.192843
 42
0.113852
  0
VERTEX
  8
0
 10
446.361936
 20
684.268226
 42
0.118723
  0
VERTEX
  8
0
 10
444.772875
 20
684.648872
 42
0.045772
  0
VERTEX
  8
0
 10
442.500000
 20
684.437550
 42
-0.007564
  0
VERTEX
  8
0
 10
440.951456
 20
684.173228
 42
-0.125280
  0
VERTEX
  8
0
 10
440.434669
 20
684.222643
 42
-0.551665
  0
VERTEX
  8
0
 10
440.384138
 20
684.450790
 42
-0.037257
  0
VERTEX
  8
0
 10
441.000000
 20
684.975916
 42
-0.022336
  0
VERTEX
  8
0
 10
443.913865
 20
686.913850
 42
-0.049614
  0
VERTEX
  8
0
 10
446.319910
 20
688.055660
 42
-0.072024
  0
VERTEX
  8
0
 10
448.199542
 20
688.436956
 42
-0.189486
  0
VERTEX
  8
0
 10
449.482807
 20
688.014269
 42
0.146432
  0
VERTEX
  8
0
 10
450.616171
 20
687.532513
 42
0.301512
  0
VERTEX
  8
0
 10
451.436388
 20
687.953868
 42
0.144761
  0
VERTEX
  8
0
 10
451.751168
 20
689.341768
 42
0.045384
  0
VERTEX
  8
0
 10
451.418217
 20
691.469827
 42
0.097823
  0
VERTEX
  8
0
 10
450.298950
 20
693.841570
 42
0.066741
  0
VERTEX
  8
0
 10
448.219350
 20
695.989482
 42
0.071115
  0
VERTEX
  8
0
 10
445.837186
 20
697.373353
 42
0.174649
  0
VERTEX
  8
0
 10
443.842872
 20
697.450129
 42
-0.051340
  0
VERTEX
  8
0
 10
443.039701
 20
697.283350
 42
-0.136178
  0
VERTEX
  8
0
 10
442.466778
 20
697.380834
 42
-0.180554
  0
VERTEX
  8
0
 10
442.123642
 20
697.731666
 42
-0.104642
  0
VERTEX
  8
0
 10
442.000000
 20
698.315981
 42
-0.129380
  0
VERTEX
  8
0
 10
442.156758
 20
698.911645
 42
-0.073946
  0
VERTEX
  8
0
 10
442.617056
 20
699.501941
 42
-0.065635
  0
VERTEX
  8
0
 10
443.297448
 20
699.997823
 42
-0.060811
  0
VERTEX
  8
0
 10
444.100616
 20
700.316061
 42
0.131114
  0
VERTEX
  8
0
 10
445.295467
 20
700.994673
 42
0.317661
  0
VERTEX
  8
0
 10
445.466283
 20
701.942096
 42
0.151515
  0
VERTEX
  8
0
 10
444.469649
 20
703.039041
 42
0.042328
  0
VERTEX
  8
0
 10
442.355029
 20
704.055118
 42
0.121680
  0
VERTEX
  8
0
 10
439.625006
 20
704.387491
 42
0.071036
  0
VERTEX
  8
0
 10
436.423812
 20
703.526119
 42
0.070522
  0
VERTEX
  8
0
 10
433.565362
 20
701.791249
 42
0.114740
  0
VERTEX
  8
0
 10
431.841721
 20
699.551961
 42
-0.025409
  0
VERTEX
  8
0
 10
431.335053
 20
698.574768
 42
-0.034046
  0
VERTEX
  8
0
 10
430.773929
 20
697.749639
 42
-0.036232
  0
VERTEX
  8
0
 10
430.237056
 20
697.158947
 42
-0.192491
  0
VERTEX
  8
0
 10
429.839485
 20
697.000000
 42
-0.229574
  0
VERTEX
  8
0
 10
429.233993
 20
697.293478
 42
-0.213926
  0
VERTEX
  8
0
 10
429.065048
 20
697.964509
 42
-0.089837
  0
VERTEX
  8
0
 10
429.477614
 20
699.080689
 42
-0.028588
  0
VERTEX
  8
0
 10
430.468197
 20
700.558870
 42
0.023354
  0
VERTEX
  8
0
 10
431.641198
 20
702.270278
 42
0.159597
  0
VERTEX
  8
0
 10
431.878750
 20
703.251034
 42
0.306913
  0
VERTEX
  8
0
 10
431.429315
 20
703.813149
 42
0.075332
  0
VERTEX
  8
0
 10
430.196167
 20
704.000000
 42
0.166933
  0
VERTEX
  8
0
 10
428.184662
 20
703.309175
 42
0.033371
  0
VERTEX
  8
0
 10
425.311281
 20
700.746269
 42
0.035850
  0
VERTEX
  8
0
 10
422.641234
 20
697.602293
 42
0.068070
  0
VERTEX
  8
0
 10
421.062534
 20
694.688056
 42
0.047846
  0
VERTEX
  8
0
 10
420.642117
 20
693.138355
 42
0.044364
  0
VERTEX
  8
0
 10
420.509475
 20
691.496725
 42
0.038023
  0
VERTEX
  8
0
 10
420.665850
 20
689.640751
 42
0.021655
  0
VERTEX
  8
0
 10
421.120900
 20
687.434144
 42
-0.020824
  0
VERTEX
  8
0
 10
421.601983
 20
685.120736
 42
-0.044732
  0
VERTEX
  8
0
 10
421.736523
 20
683.305588
 42
-0.052547
  0
VERTEX
  8
0
 10
421.540995
 20
681.689712
 42
-0.041845
  0
VERTEX
  8
0
 10
421.006498
 20
680.015687
 42
-0.090794
  0
VERTEX
  8
0
 10
418.629256
 20
676.337615
 42
-0.014426
  0
VERTEX
  8
0
 10
412.543726
 20
670.231741
 42
-0.016898
  0
VERTEX
  8
0
 10
405.866142
 20
664.322571
 42
-0.041759
  0
VERTEX
  8
0
 10
400.500000
 20
660.594698
 42
0.000660
  0
VERTEX
  8
0
 10
398.564835
 20
659.473778
 42
0.001013
  0
VERTEX
  8
0
 10
396.892176
 20
658.497421
 42
0.000326
  0
VERTEX
  8
0
 10
395.445531
 20
657.647789
 42
0.029283
  0
VERTEX
  8
0
 10
395.239323
 20
657.509649
 42
0.302916
  0
VERTEX
  8
0
 10
395.173476
 20
657.319734
 42
0.004406
  0
VERTEX
  8
0
 10
395.498981
 20
656.112290
 42
0.010337
  0
VERTEX
  8
0
 10
395.928988
 20
654.685937
 42
0.006426
  0
VERTEX
  8
0
 10
396.489323
 20
653.030263
 42
-0.002407
  0
VERTEX
  8
0
 10
397.648260
 20
649.694384
 42
-0.048059
  0
VERTEX
  8
0
 10
397.897615
 20
648.646020
 42
-0.260058
  0
VERTEX
  8
0
 10
397.721093
 20
648.192755
 42
-0.174380
  0
VERTEX
  8
0
 10
397.185212
 20
648.000000
 42
-0.217850
  0
VERTEX
  8
0
 10
396.777949
 20
648.186286
 42
-0.023603
  0
VERTEX
  8
0
 10
396.123340
 20
649.020051
 42
-0.025517
  0
VERTEX
  8
0
 10
395.408151
 20
650.142296
 42
-0.017850
  0
VERTEX
  8
0
 10
394.714499
 20
651.472513
 42
0.098872
  0
VERTEX
  8
0
 10
391.470104
 20
655.811267
 42
0.053214
  0
VERTEX
  8
0
 10
386.033540
 20
659.736081
 42
0.057231
  0
VERTEX
  8
0
 10
380.677898
 20
662.029673
 42
0.339040
  0
VERTEX
  8
0
 10
378.008962
 20
661.014501
 42
-0.239565
  0
VERTEX
  8
0
 10
377.528107
 20
660.721698
 42
-0.165394
  0
VERTEX
  8
0
 10
376.899034
 20
660.883087
 42
-0.072744
  0
VERTEX
  8
0
 10
376.075658
 20
661.611369
 42
-0.020653
  0
VERTEX
  8
0
 10
375.024791
 20
662.965184
 42
-0.016149
  0
VERTEX
  8
0
 10
374.199681
 20
664.206938
 42
-0.025283
  0
VERTEX
  8
0
 10
373.580843
 20
665.330001
 42
-0.022594
  0
VERTEX
  8
0
 10
373.184765
 20
666.246569
 42
-0.295180
  0
VERTEX
  8
0
 10
373.258933
 20
666.592266
 42
-0.213964
  0
VERTEX
  8
0
 10
373.638187
 20
666.736678
 42
-0.012885
  0
VERTEX
  8
0
 10
374.883101
 20
666.632469
 42
-0.017457
  0
VERTEX
  8
0
 10
376.404424
 20
666.411576
 42
-0.011872
  0
VERTEX
  8
0
 10
378.118024
 20
666.059137
 42
0.011507
  0
VERTEX
  8
0
 10
381.766939
 20
665.305879
 42
0.041209
  0
VERTEX
  8
0
 10
384.134435
 20
665.072667
 42
0.081887
  0
VERTEX
  8
0
 10
385.522197
 20
665.278991
 42
0.325792
  0
VERTEX
  8
0
 10
386.000000
 20
665.934453
 42
0.214579
  0
VERTEX
  8
0
 10
385.740333
 20
666.511656
 42
0.003272
  0
VERTEX
  8
0
 10
382.915625
 20
668.982919
 42
0.008121
  0
VERTEX
  8
0
 10
379.524577
 20
671.815895
 42
0.005201
  0
VERTEX
  8
0
 10
375.500000
 20
675.000000
 42
-0.007957
  0
VERTEX
  8
0
 10
371.476265
 20
678.219653
 42
-0.011990
  0
VERTEX
  8
0
 10
368.084375
 20
681.163110
 42
-0.006872
  0
VERTEX
  8
0
 10
365.362089
 20
683.711702
 42
-0.203906
  0
VERTEX
  8
0
 10
365.000000
 20
684.562666
 42
0.123314
  0
VERTEX
  8
0
 10
364.805918
 20
685.337644
 42
0.020381
  0
VERTEX
  8
0
 10
364.018922
 20
686.676123
 42
0.021322
  0
VERTEX
  8
0
 10
362.938880
 20
688.205326
 42
0.017418
  0
VERTEX
  8
0
 10
361.660158
 20
689.747119
 42
-0.021787
  0
VERTEX
  8
0
 10
360.214317
 20
691.521732
 42
-0.012593
  0
VERTEX
  8
0
 10
358.625612
 20
693.771214
 42
-0.012570
  0
VERTEX
  8
0
 10
357.142390
 20
696.113044
 42
-0.020565
  0
VERTEX
  8
0
 10
356.019779
 20
698.176164
 42
-0.017205
  0
VERTEX
  8
0
 10
354.765012
 20
700.964962
 42
-0.066696
  0
VERTEX
  8
0
 10
354.287565
 20
702.795078
 42
-0.073926
  0
VERTEX
  8
0
 10
354.333486
 20
704.589690
 42
-0.024234
  0
VERTEX
  8
0
 10
354.916286
 20
707.176164
 42
0.007657
  0
VERTEX
  8
0
 10
356.093517
 20
711.696516
 42
0.097699
  0
VERTEX
  8
0
 10
356.171417
 20
713.439017
 42
0.255280
  0
VERTEX
  8
0
 10
355.484658
 20
714.342429
 42
0.076724
  0
VERTEX
  8
0
 10
353.760918
 20
714.815369
 42
-0.104655
  0
VERTEX
  8
0
 10
351.619874
 20
715.532459
 42
-0.082539
  0
VERTEX
  8
0
 10
349.740377
 20
717.104130
 42
-0.081321
  0
VERTEX
  8
0
 10
348.448002
 20
719.224553
 42
-0.096569
  0
VERTEX
  8
0
 10
348.000000
 20
721.522506
 42
-0.135333
  0
VERTEX
  8
0
 10
348.700159
 20
724.061927
 42
-0.161590
  0
VERTEX
  8
0
 10
350.570631
 20
725.677221
 42
-0.170072
  0
VERTEX
  8
0
 10
352.958745
 20
725.808678
 42
-0.150149
  0
VERTEX
  8
0
 10
355.052187
 20
724.437118
 42
-0.019122
  0
VERTEX
  8
0
 10
355.732738
 20
723.550184
 42
-0.411077
  0
VERTEX
  8
0
 10
355.683853
 20
723.254399
 42
-0.212845
  0
VERTEX
  8
0
 10
355.280403
 20
723.169446
 42
-0.008503
  0
VERTEX
  8
0
 10
353.783727
 20
723.518145
 42
0.183325
  0
VERTEX
  8
0
 10
351.128828
 20
723.206851
 42
0.313126
  0
VERTEX
  8
0
 10
350.132647
 20
721.314399
 42
0.166808
  0
VERTEX
  8
0
 10
351.509098
 20
718.486200
 42
0.098190
  0
VERTEX
  8
0
 10
354.663154
 20
716.367383
 42
0.000000
  0
VERTEX
  8
0
 10
358.133586
 20
714.917344
 42
0.000000
  0
VERTEX
  8
0
 10
357.499109
 20
709.708672
 42
0.017000
  0
VERTEX
  8
0
 10
357.268679
 20
707.073386
 42
0.045522
  0
VERTEX
  8
0
 10
357.339743
 20
705.192263
 42
0.062896
  0
VERTEX
  8
0
 10
357.716461
 20
703.743333
 42
0.071325
  0
VERTEX
  8
0
 10
358.432316
 20
702.500000
 42
0.014809
  0
VERTEX
  8
0
 10
359.474465
 20
701.248630
 42
0.209894
  0
VERTEX
  8
0
 10
359.991245
 20
701.009763
 42
0.220109
  0
VERTEX
  8
0
 10
360.503004
 20
701.234701
 42
0.016368
  0
VERTEX
  8
0
 10
361.500000
 20
702.441130
 42
-0.017724
  0
VERTEX
  8
0
 10
362.429149
 20
703.559272
 42
-0.453842
  0
VERTEX
  8
0
 10
362.779878
 20
703.555735
 42
-0.173757
  0
VERTEX
  8
0
 10
362.975940
 20
703.041951
 42
-0.005117
  0
VERTEX
  8
0
 10
363.000000
 20
700.691130
 42
0.038106
  0
VERTEX
  8
0
 10
363.123299
 20
699.075625
 42
0.040403
  0
VERTEX
  8
0
 10
363.490306
 20
697.529864
 42
0.043676
  0
VERTEX
  8
0
 10
364.055676
 20
696.196988
 42
0.074369
  0
VERTEX
  8
0
 10
364.774002
 20
695.225998
 42
-0.056066
  0
VERTEX
  8
0
 10
365.539555
 20
694.266389
 42
-0.021755
  0
VERTEX
  8
0
 10
366.382087
 20
692.787569
 42
-0.021212
  0
VERTEX
  8
0
 10
367.163991
 20
691.091380
 42
-0.024613
  0
VERTEX
  8
0
 10
367.757184
 20
689.416112
 42
0.054487
  0
VERTEX
  8
0
 10
369.108212
 20
686.220294
 42
0.066077
  0
VERTEX
  8
0
 10
371.051625
 20
683.614394
 42
0.069749
  0
VERTEX
  8
0
 10
373.508843
 20
681.712177
 42
0.071801
  0
VERTEX
  8
0
 10
376.370799
 20
680.581868
 42
-0.031375
  0
VERTEX
  8
0
 10
377.576284
 20
680.214889
 42
-0.024989
  0
VERTEX
  8
0
 10
378.824424
 20
679.675065
 42
-0.025629
  0
VERTEX
  8
0
 10
379.933323
 20
679.055632
 42
-0.056241
  0
VERTEX
  8
0
 10
380.692228
 20
678.450629
 42
0.181744
  0
VERTEX
  8
0
 10
383.668779
 20
677.100499
 42
0.183017
  0
VERTEX
  8
0
 10
386.787161
 20
678.050649
 42
0.135538
  0
VERTEX
  8
0
 10
389.162584
 20
681.217369
 42
0.093810
  0
VERTEX
  8
0
 10
390.000000
 20
685.641447
 42
0.000000
  0
VERTEX
  8
0
 10
390.000000
 20
689.905770
 42
0.000000
  0
VERTEX
  8
0
 10
385.124541
 20
689.328344
 42
-0.017639
  0
VERTEX
  8
0
 10
382.437730
 20
689.105877
 42
-0.066311
  0
VERTEX
  8
0
 10
380.756476
 20
689.249284
 42
-0.090433
  0
VERTEX
  8
0
 10
379.452997
 20
689.797153
 42
-0.051829
  0
VERTEX
  8
0
 10
378.124541
 20
690.875459
 42
-0.071991
  0
VERTEX
  8
0
 10
376.768418
 20
692.690560
 42
-0.089530
  0
VERTEX
  8
0
 10
376.108099
 20
694.687511
 42
-0.088799
  0
VERTEX
  8
0
 10
376.185049
 20
696.802252
 42
-0.069585
  0
VERTEX
  8
0
 10
376.978891
 20
698.960558
 42
-0.180932
  0
VERTEX
  8
0
 10
379.794404
 20
701.436977
 42
-0.074466
  0
VERTEX
  8
0
 10
384.837293
 20
702.536943
 42
-0.087790
  0
VERTEX
  8
0
 10
389.388050
 20
702.038797
 42
-0.333231
  0
VERTEX
  8
0
 10
391.000000
 20
699.888709
 42
0.094530
  0
VERTEX
  8
0
 10
391.261844
 20
698.516105
 42
0.363276
  0
VERTEX
  8
0
 10
391.969717
 20
698.132244
 42
0.134420
  0
VERTEX
  8
0
 10
393.192528
 20
698.749167
 42
0.018647
  0
VERTEX
  8
0
 10
395.248612
 20
700.750000
 42
0.057478
  0
VERTEX
  8
0
 10
397.643229
 20
703.920335
 42
0.030484
  0
VERTEX
  8
0
 10
399.880782
 20
708.313087
 42
0.027376
  0
VERTEX
  8
0
 10
401.484881
 20
712.634537
 42
0.153187
  0
VERTEX
  8
0
 10
401.476785
 20
715.073145
 42
0.140995
  0
VERTEX
  8
0
 10
400.917117
 20
715.913608
 42
0.039652
  0
VERTEX
  8
0
 10
399.625230
 20
716.843562
 42
0.034374
  0
VERTEX
  8
0
 10
397.848322
 20
717.759480
 42
0.022848
  0
VERTEX
  8
0
 10
395.703184
 20
718.570660
 42
-0.012695
  0
VERTEX
  8
0
 10
390.612885
 20
720.378336
 42
-0.044317
  0
VERTEX
  8
0
 10
387.485081
 20
721.909328
 42
-0.073273
  0
VERTEX
  8
0
 10
385.608995
 20
723.457898
 42
-0.122750
  0
VERTEX
  8
0
 10
384.651579
 20
725.252083
 42
0.102698
  0
VERTEX
  8
0
 10
384.085390
 20
726.422440
 42
0.061498
  0
VERTEX
  8
0
 10
382.996786
 20
727.527047
 42
0.045963
  0
VERTEX
  8
0
 10
381.342892
 20
728.605885
 42
0.021601
  0
VERTEX
  8
0
 10
379.034409
 20
729.700965
 42
-0.014713
  0
VERTEX
  8
0
 10
376.183672
 20
731.005491
 42
-0.084536
  0
VERTEX
  8
0
 10
374.843892
 20
731.976729
 42
-0.134439
  0
VERTEX
  8
0
 10
374.207974
 20
733.120052
 42
-0.060152
  0
VERTEX
  8
0
 10
374.000000
 20
734.842542
 42
0.082025
  0
VERTEX
  8
0
 10
373.576223
 20
737.408398
 42
0.109291
  0
VERTEX
  8
0
 10
372.354831
 20
739.422696
 42
0.127443
  0
VERTEX
  8
0
 10
370.559898
 20
740.534260
 42
0.137573
  0
VERTEX
  8
0
 10
368.505810
 20
740.590814
 42
-0.087166
  0
VERTEX
  8
0
 10
367.372324
 20
740.509047
 42
-0.030184
  0
VERTEX
  8
0
 10
365.747667
 20
740.774951
 42
-0.028679
  0
VERTEX
  8
0
 10
363.942276
 20
741.293947
 42
-0.028210
  0
VERTEX
  8
0
 10
362.197872
 20
742.018487
 42
0.042991
  0
VERTEX
  8
0
 10
358.850678
 20
743.294245
 42
0.047350
  0
VERTEX
  8
0
 10
355.441154
 20
743.927312
 42
0.057909
  0
VERTEX
  8
0
 10
352.805101
 20
743.856825
 42
0.373088
  0
SEQEND
  0
POLYLINE
  8
0
 66
1
 70
1
  0
VERTEX
  8
0
 10
380.302821
 20
719.378028
 42
-0.309547
  0
VERTEX
  8
0
 10
379.116916
 20
718.274335
 42
-0.057571
  0
VERTEX
  8
0
 10
375.979231
 20
718.167278
 42
-0.058301
  0
VERTEX
  8
0
 10
372.925388
 20
718.778000
 42
-0.325005
  0
VERTEX
  8
0
 10
372.000000
 20
720.051276
 42
-0.252249
  0
VERTEX
  8
0
 10
372.633491
 20
721.227064
 42
-0.089817
  0
VERTEX
  8
0
 10
374.446813
 20
722.000717
 42
-0.078168
  0
VERTEX
  8
0
 10
376.678357
 20
722.152910
 42
-0.120648
  0
VERTEX
  8
0
 10
378.500000
 20
721.532902
 42
-0.033353
  0
VERTEX
  8
0
 10
379.251120
 20
720.979620
 42
-0.043167
  0
VERTEX
  8
0
 10
379.854579
 20
720.373209
 42
-0.049346
  0
VERTEX
  8
0
 10
380.243296
 20
719.802656
 42
-0.182062
  0
SEQEND
  0
POLYLINE
  8
0
 66
1
 70
1
  0
VERTEX
  8
0
 10
393.363781
 20
709.797964
 42
-0.126452
  0
VERTEX
  8
0
 10
393.839041
 20
708.302726
 42
-0.275870
  0
VERTEX
  8
0
 10
393.301456
 20
707.275567
 42
-0.092980
  0
VERTEX
  8
0
 10
391.403553
 20
706.550664
 42
-0.010877
  0
VERTEX
  8
0
 10
386.904683
 20
705.835397
 42
-0.011629
  0
VERTEX
  8
0
 10
382.542612
 20
705.341881
 42
-0.083955
  0
VERTEX
  8
0
 10
380.442491
 20
705.506264
 42
-0.266974
  0
VERTEX
  8
0
 10
379.635693
 20
706.284546
 42
-0.163436
  0
VERTEX
  8
0
 10
379.693335
 20
707.643227
 42
-0.190457
  0
VERTEX
  8
0
 10
381.907158
 20
710.054114
 42
-0.073945
  0
VERTEX
  8
0
 10
386.306831
 20
711.434186
 42
-0.075508
  0
VERTEX
  8
0
 10
390.818372
 20
711.459465
 42
-0.220039
  0
SEQEND
  0
POLYLINE
  8
0
 66
1
 70
1
  0
VERTEX
  8
0
 10
322.614063
 20
672.353795
 42
0.037198
  0
VERTEX
  8
0
 10
322.737655
 20
669.487323
 42
0.291422
  0
VERTEX
  8
0
 10
323.543049
 20
668.500658
 42
0.312603
  0
VERTEX
  8
0
 10
324.718810
 20
668.847537
 42
0.040117
  0
VERTEX
  8
0
 10
326.281223
 20
671.142317
 42
-0.017344
  0
VERTEX
  8
0
 10
327.831033
 20
673.657368
 42
-0.514327
  0
VERTEX
  8
0
 10
328.469528
 20
673.678937
 42
-0.240568
  0
VERTEX
  8
0
 10
328.653604
 20
672.680491
 42
-0.012095
  0
VERTEX
  8
0
 10
327.597056
 20
669.427420
 42
0.005906
  0
VERTEX
  8
0
 10
326.950467
 20
667.517386
 42
0.002548
  0
VERTEX
  8
0
 10
326.131984
 20
664.957872
 42
0.002521
  0
VERTEX
  8
0
 10
325.288405
 20
662.224661
 42
0.003336
  0
VERTEX
  8
0
 10
324.549470
 20
659.727038
 42
-0.017890
  0
VERTEX
  8
0
 10
323.176242
 20
655.537683
 42
-0.303809
  0
VERTEX
  8
0
 10
322.058909
 20
654.725803
 42
-0.400378
  0
VERTEX
  8
0
 10
321.175647
 20
655.505480
 42
-0.021489
  0
VERTEX
  8
0
 10
321.000000
 20
659.590402
 42
0.020700
  0
VERTEX
  8
0
 10
320.913447
 20
661.680174
 42
0.054539
  0
VERTEX
  8
0
 10
320.628222
 20
663.149326
 42
0.083021
  0
VERTEX
  8
0
 10
320.138521
 20
664.122056
 42
0.144070
  0
VERTEX
  8
0
 10
319.425609
 20
664.666920
 42
-0.217807
  0
VERTEX
  8
0
 10
318.562128
 20
665.547714
 42
-0.108276
  0
VERTEX
  8
0
 10
318.353791
 20
667.130834
 42
-0.056557
  0
VERTEX
  8
0
 10
318.847645
 20
669.594179
 42
-0.016386
  0
VERTEX
  8
0
 10
320.155755
 20
673.250000
 42
-0.026993
  0
VERTEX
  8
0
 10
321.213846
 20
675.554914
 42
-0.375276
  0
VERTEX
  8
0
 10
322.002707
 20
675.859466
 42
-0.299056
  0
VERTEX
  8
0
 10
322.576349
 20
675.089050
 42
-0.022534
  0
SEQEND
  0
POLYLINE
  8
0
 66
1
 70
1
  0
VERTEX
  8
0
 10
336.500244
 20
638.166423
 42
0.430257
  0
VERTEX
  8
0
 10
337.721182
 20
638.199679
 42
0.025600
  0
VERTEX
  8
0
 10
340.303216
 20
641.394307
 42
0.031235
  0
VERTEX
  8
0
 10
342.806174
 20
645.332920
 42
0.049716
  0
VERTEX
  8
0
 10
344.375257
 20
649.000000
 42
0.000000
  0
VERTEX
  8
0
 10
345.791768
 20
653.500000
 42
0.000000
  0
VERTEX
  8
0
 10
345.895884
 20
649.907284
 42
-0.086192
  0
VERTEX
  8
0
 10
345.332327
 20
645.992889
 42
-0.055435
  0
VERTEX
  8
0
 10
343.433701
 20
641.805653
 42
-0.048103
  0
VERTEX
  8
0
 10
340.320886
 20
637.559520
 42
-0.034989
  0
VERTEX
  8
0
 10
336.122482
 20
633.471140
 42
-0.007070
  0
VERTEX
  8
0
 10
334.033570
 20
631.753982
 42
-0.011635
  0
VERTEX
  8
0
 10
332.213869
 20
630.368841
 42
-0.005333
  0
VERTEX
  8
0
 10
330.666467
 20
629.271851
 42
-0.362600
  0
VERTEX
  8
0
 10
330.367973
 20
629.298694
 42
-0.237094
  0
VERTEX
  8
0
 10
330.270303
 20
629.593612
 42
-0.014958
  0
VERTEX
  8
0
 10
330.434866
 20
630.520598
 42
-0.019437
  0
VERTEX
  8
0
 10
330.717873
 20
631.655050
 42
-0.013022
  0
VERTEX
  8
0
 10
331.125086
 20
632.928977
 42
0.049702
  0
VERTEX
  8
0
 10
331.540834
 20
634.656980
 42
0.018837
  0
VERTEX
  8
0
 10
331.786701
 20
637.129410
 42
0.017936
  0
VERTEX
  8
0
 10
331.858541
 20
639.937267
 42
0.017454
  0
VERTEX
  8
0
 10
331.730488
 20
642.768783
 42
-0.015112
  0
VERTEX
  8
0
 10
331.563979
 20
646.104389
 42
-0.032657
  0
VERTEX
  8
0
 10
331.681137
 20
648.669907
 42
-0.040490
  0
VERTEX
  8
0
 10
332.098015
 20
650.816002
 42
-0.042666
  0
VERTEX
  8
0
 10
332.850893
 20
652.827923
 42
0.000000
  0
VERTEX
  8
0
 10
334.500000
 20
656.300550
 42
0.000000
  0
VERTEX
  8
0
 10
335.173304
 20
647.560304
 42
0.006396
  0
VERTEX
  8
0
 10
335.478706
 20
644.163796
 42
0.009465
  0
VERTEX
  8
0
 10
335.840831
 20
641.195500
 42
0.005214
  0
VERTEX
  8
0
 10
336.216932
 20
638.719644
 42
0.157333
  0
SEQEND
  0
POLYLINE
  8
0
 66
1
 70
1
  0
VERTEX
  8
0
 10
296.705733
 20
550.750000
 42
-0.142433
  0
VERTEX
  8
0
 10
296.546986
 20
550.439977
 42
-0.611425
  0
VERTEX
  8
0
 10
296.399666
 20
550.482813
 42
-0.039503
  0
VERTEX
  8
0
 10
296.298431
 20
551.388510
 42
-0.008087
  0
VERTEX
  8
0
 10
296.272364
 20
553.000000
 42
-0.008087
  0
VERTEX
  8
0
 10
296.298431
 20
554.611490
 42
-0.039503
  0
VERTEX
  8
0
 10
296.399666
 20
555.517187
 42
-0.611425
  0
VERTEX
  8
0
 10
296.546986
 20
555.560023
 42
-0.142433
  0
VERTEX
  8
0
 10
296.705733
 20
555.250000
 42
-0.029693
  0
VERTEX
  8
0
 10
296.840649
 20
554.225293
 42
-0.017887
  0
VERTEX
  8
0
 10
296.884498
 20
553.000000
 42
-0.017887
  0
VERTEX
  8
0
 10
296.840649
 20
551.774707
 42
-0.029693
  0
SEQEND
  0
POLYLINE
  8
0
 66
1
 70
1
  0
VERTEX
  8
0
 10
618.804090
 20
740.274512
 42
-0.015143
  0
VERTEX
  8
0
 10
616.083589
 20
739.739001
 42
-0.018915
  0
VERTEX
  8
0
 10
613.530024
 20
739.414892
 42
-0.018200
  0
VERTEX
  8
0
 10
611.400287
 20
739.303986
 42
-0.105904
  0
VERTEX
  8
0
 10
610.304090
 20
739.520941
 42
0.127211
  0
VERTEX
  8
0
 10
606.720044
 20
740.074904
 42
0.057058
  0
VERTEX
  8
0
 10
602.028149
 20
739.056682
 42
0.045489
  0
VERTEX
  8
0
 10
596.527591
 20
736.609448
 42
0.027036
  0
VERTEX
  8
0
 10
590.459697
 20
732.774810
 42
-0.014739
  0
VERTEX
  8
0
 10
588.201189
 20
731.268593
 42
-0.009522
  0
VERTEX
  8
0
 10
585.504333
 20
729.653299
 42
-0.009574
  0
VERTEX
  8
0
 10
582.805609
 20
728.173861
 42
-0.017800
  0
VERTEX
  8
0
 10
580.555055
 20
727.095818
 42
0.027762
  0
VERTEX
  8
0
 10
575.657271
 20
724.628631
 42
0.047504
  0
VERTEX
  8
0
 10
571.927867
 20
721.982595
 42
0.054770
  0
VERTEX
  8
0
 10
569.140839
 20
718.987030
 42
0.055920
  0
VERTEX
  8
0
 10
567.093164
 20
715.477709
 42
-0.044330
  0
VERTEX
  8
0
 10
565.150466
 20
711.964121
 42
-0.050361
  0
VERTEX
  8
0
 10
562.689278
 20
709.008150
 42
-0.036398
  0
VERTEX
  8
0
 10
559.066851
 20
705.937894
 42
-0.011557
  0
VERTEX
  8
0
 10
553.250000
 20
701.896543
 42
0.034499
  0
VERTEX
  8
0
 10
548.591945
 20
698.332909
 42
0.167692
  0
VERTEX
  8
0
 10
546.973797
 20
695.483485
 42
0.197544
  0
VERTEX
  8
0
 10
547.590604
 20
692.530094
 42
0.050379
  0
VERTEX
  8
0
 10
550.792163
 20
688.702948
 42
0.041004
  0
VERTEX
  8
0
 10
553.712850
 20
686.284864
 42
0.098477
  0
VERTEX
  8
0
 10
556.274390
 20
685.161629
 42
0.180906
  0
VERTEX
  8
0
 10
558.142839
 20
685.426862
 42
0.206895
  0
VERTEX
  8
0
 10
559.247742
 20
686.839365
 42
-0.214693
  0
VERTEX
  8
0
 10
560.843980
 20
688.818372
 42
-0.022425
  0
VERTEX
  8
0
 10
566.412880
 20
691.333706
 42
-0.028202
  0
VERTEX
  8
0
 10
572.487480
 20
693.367114
 42
-0.066755
  0
VERTEX
  8
0
 10
577.206688
 20
694.000000
 42
0.000000
  0
VERTEX
  8
0
 10
581.392334
 20
694.000000
 42
0.000000
  0
VERTEX
  8
0
 10
578.000169
 20
690.500174
 42
-0.014479
  0
VERTEX
  8
0
 10
576.430823
 20
688.972136
 42
-0.009024
  0
VERTEX
  8
0
 10
574.508956
 20
687.269243
 42
-0.009053
  0
VERTEX
  8
0
 10
572.551663
 20
685.657403
 42
-0.016199
  0
VERTEX
  8
0
 10
570.878655
 20
684.415908
 42
0.029220
  0
VERTEX
  8
0
 10
568.173266
 20
682.296948
 42
0.092943
  0
VERTEX
  8
0
 10
566.766368
 20
680.493820
 42
0.155484
  0
VERTEX
  8
0
 10
566.487438
 20
678.856449
 42
0.139127
  0
VERTEX
  8
0
 10
567.186359
 20
677.275451
 42
0.204172
  0
VERTEX
  8
0
 10
569.185091
 20
676.246889
 42
0.082352
  0
VERTEX
  8
0
 10
572.303138
 20
676.534168
 42
0.056154
  0
VERTEX
  8
0
 10
576.345810
 20
678.094725
 42
0.027052
  0
VERTEX
  8
0
 10
581.130533
 20
680.928331
 42
-0.022742
  0
VERTEX
  8
0
 10
583.934579
 20
682.621733
 42
-0.013959
  0
VERTEX
  8
0
 10
587.376769
 20
684.369817
 42
-0.013986
  0
VERTEX
  8
0
 10
590.887100
 20
685.912299
 42
-0.024153
  0
VERTEX
  8
0
 10
593.895879
 20
686.968992
 42
0.046483
  0
VERTEX
  8
0
 10
601.739045
 20
690.123036
 42
0.058139
  0
VERTEX
  8
0
 10
608.247235
 20
694.493801
 42
0.065033
  0
VERTEX
  8
0
 10
612.983504
 20
699.750444
 42
0.089635
  0
VERTEX
  8
0
 10
615.596595
 20
705.528842
 42
-0.192157
  0
VERTEX
  8
0
 10
618.031456
 20
708.899434
 42
-0.076839
  0
VERTEX
  8
0
 10
623.342577
 20
711.221355
 42
-0.074054
  0
VERTEX
  8
0
 10
629.352218
 20
711.890745
 42
-0.144520
  0
VERTEX
  8
0
 10
633.883127
 20
710.369307
 42
-0.085513
  0
VERTEX
  8
0
 10
635.802281
 20
708.464585
 42
-0.047037
  0
VERTEX
  8
0
 10
637.464013
 20
705.592737
 42
-0.045825
  0
VERTEX
  8
0
 10
638.614417
 20
702.329870
 42
-0.061924
  0
VERTEX
  8
0
 10
639.000000
 20
699.228463
 42
-0.124371
  0
VERTEX
  8
0
 10
637.421243
 20
692.979661
 42
-0.048128
  0
VERTEX
  8
0
 10
632.407027
 20
685.508949
 42
-0.043161
  0
VERTEX
  8
0
 10
625.054635
 20
677.980573
 42
-0.037781
  0
VERTEX
  8
0
 10
616.198801
 20
671.449703
 42
0.004332
  0
VERTEX
  8
0
 10
600.316714
 20
661.301800
 42
0.012795
  0
VERTEX
  8
0
 10
589.650179
 20
653.960125
 42
0.018230
  0
VERTEX
  8
0
 10
581.849284
 20
647.844725
 42
0.026342
  0
VERTEX
  8
0
 10
575.463200
 20
641.847645
 42
0.030940
  0
VERTEX
  8
0
 10
566.929114
 20
631.762164
 42
0.050801
  0
VERTEX
  8
0
 10
561.195617
 20
622.173209
 42
0.056083
  0
VERTEX
  8
0
 10
557.882568
 20
612.351444
 42
0.049325
  0
VERTEX
  8
0
 10
556.643704
 20
601.599221
 42
0.007832
  0
VERTEX
  8
0
 10
556.641701
 20
597.424488
 42
0.025705
  0
VERTEX
  8
0
 10
556.825116
 20
594.673863
 42
0.035726
  0
VERTEX
  8
0
 10
557.166467
 20
592.893224
 42
0.249179
  0
VERTEX
  8
0
 10
557.750000
 20
592.265887
 42
0.158471
  0
VERTEX
  8
0
 10
558.249500
 20
592.256487
 42
0.161735
  0
VERTEX
  8
0
 10
558.654190
 20
592.543086
 42
0.108431
  0
VERTEX
  8
0
 10
558.915447
 20
593.131458
 42
0.050509
  0
VERTEX
  8
0
 10
559.000000
 20
593.966327
 42
-0.047060
  0
VERTEX
  8
0
 10
559.095152
 20
594.975053
 42
-0.021415
  0
VERTEX
  8
0
 10
559.398672
 20
596.265978
 42
-0.020982
  0
VERTEX
  8
0
 10
559.837514
 20
597.609525
 42
-0.027021
  0
VERTEX
  8
0
 10
560.357182
 20
598.799660
 42
0.022702
  0
VERTEX
  8
0
 10
560.920194
 20
600.059295
 42
0.012982
  0
VERTEX
  8
0
 10
561.489872
 20
601.624949
 42
0.012949
  0
VERTEX
  8
0
 10
561.982127
 20
603.232720
 42
0.020937
  0
VERTEX
  8
0
 10
562.307321
 20
604.625698
 42
-0.055972
  0
VERTEX
  8
0
 10
563.737172
 20
609.259428
 42
-0.012985
  0
VERTEX
  8
0
 10
567.194366
 20
616.658544
 42
-0.013220
  0
VERTEX
  8
0
 10
571.045414
 20
623.887083
 42
-0.051746
  0
VERTEX
  8
0
 10
573.977596
 20
628.000000
 42
0.000000
  0
VERTEX
  8
0
 10
577.064363
 20
631.500000
 42
0.000000
  0
VERTEX
  8
0
 10
573.181286
 20
623.500000
 42
0.020410
  0
VERTEX
  8
0
 10
569.542478
 20
615.152353
 42
0.035549
  0
VERTEX
  8
0
 10
567.317310
 20
607.938351
 42
0.039625
  0
VERTEX
  8
0
 10
566.285408
 20
601.060210
 42
0.034468
  0
VERTEX
  8
0
 10
566.279580
 20
593.772407
 42
0.025257
  0
VERTEX
  8
0
 10
567.150389
 20
586.465173
 42
0.041931
  0
VERTEX
  8
0
 10
568.702181
 20
580.461263
 42
0.043479
  0
VERTEX
  8
0
 10
571.186101
 20
574.953094
 42
0.029735
  0
VERTEX
  8
0
 10
574.891533
 20
569.172130
 42
-0.004821
  0
VERTEX
  8
0
 10
580.575775
 20
561.206865
 42
-0.014812
  0
VERTEX
  8
0
 10
584.209356
 20
555.667500
 42
-0.018390
  0
VERTEX
  8
0
 10
586.460102
 20
551.682635
 42
-0.119914
  0
VERTEX
  8
0
 10
587.000000
 20
549.463820
 42
0.103333
  0
VERTEX
  8
0
 10
587.387390
 20
547.609371
 42
0.127547
  0
VERTEX
  8
0
 10
588.474370
 20
546.224877
 42
0.063914
  0
VERTEX
  8
0
 10
590.709646
 20
544.933674
 42
0.010759
  0
VERTEX
  8
0
 10
595.316530
 20
543.122149
 42
0.037160
  0
VERTEX
  8
0
 10
602.620655
 20
541.030943
 42
0.025905
  0
VERTEX
  8
0
 10
611.097653
 20
539.725807
 42
0.026095
  0
VERTEX
  8
0
 10
619.545817
 20
539.313328
 42
0.041595
  0
VERTEX
  8
0
 10
626.746454
 20
539.938000
 42
0.010139
  0
VERTEX
  8
0
 10
633.994520
 20
541.331613
 42
0.477490
  0
VERTEX
  8
0
 10
634.588473
 20
542.502025
 42
0.238501
  0
VERTEX
  8
0
 10
633.092467
 20
543.714743
 42
0.005971
  0
VERTEX
  8
0
 10
624.245905
 20
545.517211
 42
-0.009485
  0
VERTEX
  8
0
 10
621.340590
 20
546.130457
 42
-0.011097
  0
VERTEX
  8
0
 10
618.609841
 20
546.825365
 42
-0.010118
  0
VERTEX
  8
0
 10
616.335079
 20
547.508186
 42
-0.064334
  0
VERTEX
  8
0
 10
615.245905
 20
548.021404
 42
-0.007042
  0
VERTEX
  8
0
 10
614.277296
 20
548.660053
 42
-0.538516
  0
VERTEX
  8
0
 10
614.279510
 20
548.816233
 42
-0.203470
  0
VERTEX
  8
0
 10
614.546100
 20
548.861226
 42
-0.003551
  0
VERTEX
  8
0
 10
616.000000
 20
548.503326
 42
0.036813
  0
VERTEX
  8
0
 10
617.570019
 20
548.225933
 42
0.004124
  0
VERTEX
  8
0
 10
621.183235
 20
547.888801
 42
0.004992
  0
VERTEX
  8
0
 10
625.496421
 20
547.565551
 42
0.004031
  0
VERTEX
  8
0
 10
630.134417
 20
547.302015
 42
0.014438
  0
VERTEX
  8
0
 10
637.884226
 20
547.148357
 42
0.036865
  0
VERTEX
  8
0
 10
643.479240
 20
547.612379
 42
0.033611
  0
VERTEX
  8
0
 10
649.235300
 20
548.921553
 42
0.010334
  0
VERTEX
  8
0
 10
657.717480
 20
551.652697
 42
-0.399990
  0
VERTEX
  8
0
 10
657.987747
 20
551.529131
 42
-0.247866
  0
VERTEX
  8
0
 10
657.948260
 20
551.154304
 42
-0.046546
  0
VERTEX
  8
0
 10
657.233428
 20
550.277398
 42
-0.014276
  0
VERTEX
  8
0
 10
656.000000
 20
549.092586
 42
0.000000
  0
VERTEX
  8
0
 10
652.500000
 20
545.917589
 42
0.000000
  0
VERTEX
  8
0
 10
656.000000
 20
546.556464
 42
0.057160
  0
VERTEX
  8
0
 10
661.172265
 20
548.126697
 42
0.013435
  0
VERTEX
  8
0
 10
669.382985
 20
551.950194
 42
0.014526
  0
VERTEX
  8
0
 10
677.906874
 20
556.515671
 42
0.024344
  0
VERTEX
  8
0
 10
684.750000
 20
560.896646
 42
0.000000
  0
VERTEX
  8
0
 10
692.000000
 20
566.052090
 42
0.000000
  0
VERTEX
  8
0
 10
691.988131
 20
573.276045
 42
0.016063
  0
VERTEX
  8
0
 10
691.881742
 20
576.425687
 42
0.011658
  0
VERTEX
  8
0
 10
691.569198
 20
579.920151
 42
0.011799
  0
VERTEX
  8
0
 10
691.116360
 20
583.226503
 42
0.025123
  0
VERTEX
  8
0
 10
690.578644
 20
585.750000
 42
-0.007761
  0
VERTEX
  8
0
 10
690.075974
 20
587.763429
 42
-0.013324
  0
VERTEX
  8
0
 10
689.728114
 20
589.457813
 42
-0.007218
  0
VERTEX
  8
0
 10
689.503811
 20
590.835402
 42
-0.457945
  0
VERTEX
  8
0
 10
689.645836
 20
591.000000
 42
-0.269121
  0
VERTEX
  8
0
 10
689.902500
 20
590.851066
 42
-0.004196
  0
VERTEX
  8
0
 10
690.765670
 20
589.310938
 42
-0.009847
  0
VERTEX
  8
0
 10
691.738838
 20
587.454132
 42
-0.006202
  0
VERTEX
  8
0
 10
692.805324
 20
585.250000
 42
-0.022790
  0
VERTEX
  8
0
 10
694.270731
 20
581.711938
 42
-0.045717
  0
VERTEX
  8
0
 10
695.035078
 20
578.788503
 42
-0.034731
  0
VERTEX
  8
0
 10
695.367557
 20
575.296526
 42
-0.008435
  0
VERTEX
  8
0
 10
695.417548
 20
569.500000
 42
-0.010176
  0
VERTEX
  8
0
 10
695.259496
 20
563.974434
 42
-0.028017
  0
VERTEX
  8
0
 10
694.851273
 20
560.099623
 42
-0.032966
  0
VERTEX
  8
0
 10
694.058305
 20
556.664912
 42
-0.019425
  0
VERTEX
  8
0
 10
692.686256
 20
552.680644
 42
-0.050861
  0
VERTEX
  8
0
 10
687.294417
 20
542.121753
 42
-0.061378
  0
VERTEX
  8
0
 10
680.156805
 20
533.584888
 42
-0.065189
  0
VERTEX
  8
0
 10
671.565393
 20
527.430163
 42
-0.070160
  0
VERTEX
  8
0
 10
661.886394
 20
523.882216
 42
-0.066237
  0
VERTEX
  8
0
 10
656.353710
 20
523.444335
 42
-0.052641
  0
VERTEX
  8
0
 10
650.430856
 20
524.390975
 42
-0.051852
  0
VERTEX
  8
0
 10
644.741890
 20
526.579759
 42
-0.059332
  0
VERTEX
  8
0
 10
639.899912
 20
529.817667
 42
0.000000
  0
VERTEX
  8
0
 10
635.652800
 20
533.453037
 42
0.000000
  0
VERTEX
  8
0
 10
624.576400
 20
533.131025
 42
0.002929
  0
VERTEX
  8
0
 10
620.303802
 20
532.981760
 42
0.004638
  0
VERTEX
  8
0
 10
616.644977
 20
532.798461
 42
0.001273
  0
VERTEX
  8
0
 10
613.470500
 20
532.601776
 42
0.177910
  0
VERTEX
  8
0
 10
613.129904
 20
532.451077
 42
0.317721
  0
VERTEX
  8
0
 10
612.812674
 20
530.772925
 42
0.040789
  0
VERTEX
  8
0
 10
614.704098
 20
527.391273
 42
0.031904
  0
VERTEX
  8
0
 10
618.128139
 20
522.936261
 42
0.013811
  0
VERTEX
  8
0
 10
623.210061
 20
517.444894
 42
0.009407
  0
VERTEX
  8
0
 10
627.805111
 20
512.920320
 42
0.020476
  0
VERTEX
  8
0
 10
631.531517
 20
509.665754
 42
0.026245
  0
VERTEX
  8
0
 10
634.799741
 20
507.310333
 42
0.037561
  0
VERTEX
  8
0
 10
637.939173
 20
505.607785
 42
0.072169
  0
VERTEX
  8
0
 10
650.849502
 20
501.926858
 42
0.064841
  0
VERTEX
  8
0
 10
664.770032
 20
501.869005
 42
0.062964
  0
VERTEX
  8
0
 10
678.617462
 20
505.421184
 42
0.060992
  0
VERTEX
  8
0
 10
691.307680
 20
512.332547
 42
0.074508
  0
VERTEX
  8
0
 10
706.739057
 20
527.274281
 42
0.074037
  0
VERTEX
  8
0
 10
717.153020
 20
546.113657
 42
0.073277
  0
VERTEX
  8
0
 10
721.698433
 20
567.348135
 42
0.070666
  0
VERTEX
  8
0
 10
720.017953
 20
589.268155
 42
0.071143
  0
VERTEX
  8
0
 10
712.069096
 20
610.407896
 42
0.097305
  0
VERTEX
  8
0
 10
699.066009
 20
625.980900
 42
0.105468
  0
VERTEX
  8
0
 10
682.019626
 20
634.659845
 42
0.097024
  0
VERTEX
  8
0
 10
662.376720
 20
635.984370
 42
0.059760
  0
VERTEX
  8
0
 10
645.451074
 20
631.743710
 42
0.061098
  0
VERTEX
  8
0
 10
630.144979
 20
623.640157
 42
0.062397
  0
VERTEX
  8
0
 10
617.524088
 20
612.263565
 42
0.067476
  0
VERTEX
  8
0
 10
608.485641
 20
598.402191
 42
0.004378
  0
VERTEX
  8
0
 10
607.150153
 20
595.523101
 42
0.006319
  0
VERTEX
  8
0
 10
606.023907
 20
592.952424
 42
0.003510
  0
VERTEX
  8
0
 10
605.118383
 20
590.769804
 42
0.096863
  0
VERTEX
  8
0
 10
605.000000
 20
590.164452
 42
0.259609
  0
VERTEX
  8
0
 10
606.237666
 20
587.941393
 42
0.025810
  0
VERTEX
  8
0
 10
611.777503
 20
584.892046
 42
0.031286
  0
VERTEX
  8
0
 10
618.368871
 20
582.190177
 42
0.043006
  0
VERTEX
  8
0
 10
624.585824
 20
580.665420
 42
0.000000
  0
VERTEX
  8
0
 10
628.671648
 20
580.028871
 42
0.000000
  0
VERTEX
  8
0
 10
631.044480
 20
585.094967
 42
-0.062181
  0
VERTEX
  8
0
 10
634.488348
 20
590.560876
 42
-0.037159
  0
VERTEX
  8
0
 10
639.792339
 20
596.133338
 42
-0.036984
  0
VERTEX
  8
0
 10
645.918874
 20
600.906445
 42
-0.057577
  0
VERTEX
  8
0
 10
651.871731
 20
603.952031
 42
-0.051935
  0
VERTEX
  8
0
 10
657.973049
 20
605.536592
 42
-0.047703
  0
VERTEX
  8
0
 10
664.449730
 20
605.893068
 42
-0.049447
  0
VERTEX
  8
0
 10
670.621718
 20
605.028577
 42
-0.068622
  0
VERTEX
  8
0
 10
675.811914
 20
602.985554
 42
-0.030958
  0
VERTEX
  8
0
 10
678.861324
 20
601.014028
 42
-0.122866
  0
VERTEX
  8
0
 10
680.270973
 20
599.307669
 42
-0.176948
  0
VERTEX
  8
0
 10
680.443857
 20
597.506414
 42
-0.081544
  0
VERTEX
  8
0
 10
679.475535
 20
595.322317
 42
-0.074180
  0
VERTEX
  8
0
 10
677.069795
 20
592.623943
 42
-0.013494
  0
VERTEX
  8
0
 10
671.792334
 20
588.463481
 42
-0.015432
  0
VERTEX
  8
0
 10
665.919665
 20
584.361189
 42
-0.027342
  0
VERTEX
  8
0
 10
660.807465
 20
581.405481
 42
-0.047283
  0
VERTEX
  8
0
 10
649.660036
 20
577.016986
 42
-0.040909
  0
VERTEX
  8
0
 10
637.330705
 20
574.533417
 42
-0.042155
  0
VERTEX
  8
0
 10
625.222656
 20
574.136833
 42
-0.062093
  0
VERTEX
  8
0
 10
614.758453
 20
575.992887
 42
-0.089161
  0
VERTEX
  8
0
 10
603.367195
 20
581.886054
 42
-0.115786
  0
VERTEX
  8
0
 10
595.954780
 20
590.959629
 42
-0.122020
  0
VERTEX
  8
0
 10
593.583138
 20
602.000510
 42
-0.106325
  0
VERTEX
  8
0
 10
596.435113
 20
613.500000
 42
-0.054201
  0
VERTEX
  8
0
 10
600.327847
 20
619.664325
 42
-0.039721
  0
VERTEX
  8
0
 10
605.851722
 20
625.582482
 42
-0.027517
  0
VERTEX
  8
0
 10
614.052114
 20
632.287685
 42
-0.009217
  0
VERTEX
  8
0
 10
626.725814
 20
641.182728
 42
0.015280
  0
VERTEX
  8
0
 10
641.586029
 20
651.883593
 42
0.028534
  0
VERTEX
  8
0
 10
652.810356
 20
661.564463
 42
0.035042
  0
VERTEX
  8
0
 10
661.095122
 20
670.785116
 42
0.050864
  0
VERTEX
  8
0
 10
666.905234
 20
680.046409
 42
0.043642
  0
VERTEX
  8
0
 10
671.102926
 20
690.823552
 42
0.061219
  0
VERTEX
  8
0
 10
672.765938
 20
701.005053
 42
0.065473
  0
VERTEX
  8
0
 10
671.875399
 20
710.749197
 42
0.060326
  0
VERTEX
  8
0
 10
668.497977
 20
720.224505
 42
0.091156
  0
VERTEX
  8
0
 10
660.238320
 20
731.209494
 42
0.090439
  0
VERTEX
  8
0
 10
648.590775
 20
738.575052
 42
0.084553
  0
VERTEX
  8
0
 10
634.400704
 20
741.670674
 42
0.067785
  0
SEQEND
  0
POLYLINE
  8
0
 66
1
 70
1
  0
VERTEX
  8
0
 10
605.000000
 20
721.843839
 42
-0.013502
  0
VERTEX
  8
0
 10
603.283347
 20
720.852768
 42
-0.005911
  0
VERTEX
  8
0
 10
600.958090
 20
719.628118
 42
-0.005844
  0
VERTEX
  8
0
 10
598.457639
 20
718.385385
 42
-0.007778
  0
VERTEX
  8
0
 10
596.155200
 20
717.318262
 42
0.026151
  0
VERTEX
  8
0
 10
593.869467
 20
716.155068
 42
0.018287
  0
VERTEX
  8
0
 10
591.418910
 20
714.620068
 42
0.018503
  0
VERTEX
  8
0
 10
589.172796
 20
712.971465
 42
0.036138
  0
VERTEX
  8
0
 10
587.537123
 20
711.470685
 42
-0.026706
  0
VERTEX
  8
0
 10
585.844647
 20
709.857999
 42
-0.051898
  0
VERTEX
  8
0
 10
584.309955
 20
708.798663
 42
-0.062470
  0
VERTEX
  8
0
 10
582.799235
 20
708.202824
 42
-0.062807
  0
VERTEX
  8
0
 10
581.190940
 20
708.000000
 42
-0.041949
  0
VERTEX
  8
0
 10
578.910483
 20
708.191663
 42
-0.170500
  0
VERTEX
  8
0
 10
577.710153
 20
708.855923
 42
-0.306166
  0
VERTEX
  8
0
 10
577.579223
 20
709.831678
 42
-0.104693
  0
VERTEX
  8
0
 10
578.511010
 20
711.009138
 42
-0.024785
  0
VERTEX
  8
0
 10
579.200041
 20
711.525549
 42
-0.130141
  0
VERTEX
  8
0
 10
579.643124
 20
711.679684
 42
-0.301885
  0
VERTEX
  8
0
 10
579.900166
 20
711.535763
 42
-0.119059
  0
VERTEX
  8
0
 10
580.000000
 20
711.122445
 42
0.299216
  0
VERTEX
  8
0
 10
580.528276
 20
710.318714
 42
0.103925
  0
VERTEX
  8
0
 10
581.953689
 20
710.028673
 42
0.086836
  0
VERTEX
  8
0
 10
583.580803
 20
710.324098
 42
0.167638
  0
VERTEX
  8
0
 10
584.593758
 20
711.151704
 42
0.155907
  0
VERTEX
  8
0
 10
584.728346
 20
711.691728
 42
0.088143
  0
VERTEX
  8
0
 10
584.565869
 20
712.353073
 42
0.072930
  0
VERTEX
  8
0
 10
584.137109
 20
713.033415
 42
0.057936
  0
VERTEX
  8
0
 10
583.499278
 20
713.624186
 42
-0.085851
  0
VERTEX
  8
0
 10
582.592014
 20
714.563312
 42
-0.425994
  0
VERTEX
  8
0
 10
582.728119
 20
715.206409
 42
-0.092155
  0
VERTEX
  8
0
 10
584.030283
 20
715.715995
 42
-0.006128
  0
VERTEX
  8
0
 10
588.000000
 20
716.425941
 42
0.042040
  0
VERTEX
  8
0
 10
589.777478
 20
716.877429
 42
0.012789
  0
VERTEX
  8
0
 10
592.381250
 20
717.852604
 42
0.012708
  0
VERTEX
  8
0
 10
595.254665
 20
719.099246
 42
0.013541
  0
VERTEX
  8
0
 10
598.000000
 20
720.465717
 42
-0.018113
  0
VERTEX
  8
0
 10
602.931597
 20
722.864378
 42
-0.055579
  0
VERTEX
  8
0
 10
606.469317
 20
723.979814
 42
-0.710810
  0
VERTEX
  8
0
 10
606.812346
 20
723.393410
 42
-0.078566
  0
SEQEND
  0
POLYLINE
  8
0
 66
1
 70
1
  0
VERTEX
  8
0
 10
659.591227
 20
703.250000
 42
-0.050188
  0
VERTEX
  8
0
 10
659.812334
 20
698.728333
 42
-0.032741
  0
VERTEX
  8
0
 10
659.202517
 20
693.535089
 42
-0.031624
  0
VERTEX
  8
0
 10
657.871124
 20
688.223018
 42
-0.035524
  0
VERTEX
  8
0
 10
655.918238
 20
683.331102
 42
-0.048447
  0
VERTEX
  8
0
 10
653.473314
 20
679.322288
 42
-0.015319
  0
VERTEX
  8
0
 10
649.087001
 20
673.843548
 42
-0.006979
  0
VERTEX
  8
0
 10
644.375648
 20
668.468620
 42
-0.429450
  0
VERTEX
  8
0
 10
643.227748
 20
668.438919
 42
-0.346564
  0
VERTEX
  8
0
 10
643.183303
 20
668.813256
 42
-0.014568
  0
VERTEX
  8
0
 10
643.965150
 20
670.011365
 42
-0.019752
  0
VERTEX
  8
0
 10
645.057542
 20
671.457890
 42
-0.012101
  0
VERTEX
  8
0
 10
646.451730
 20
673.078251
 42
0.057104
  0
VERTEX
  8
0
 10
651.184949
 20
679.699441
 42
0.038888
  0
VERTEX
  8
0
 10
655.037791
 20
688.126853
 42
0.039450
  0
VERTEX
  8
0
 10
657.458127
 20
696.797519
 42
0.072233
  0
VERTEX
  8
0
 10
657.817864
 20
704.112679
 42
-0.017407
  0
VERTEX
  8
0
 10
657.612221
 20
707.520685
 42
-0.562322
  0
VERTEX
  8
0
 10
658.186024
 20
707.889891
 42
-0.232204
  0
VERTEX
  8
0
 10
658.931441
 20
706.932822
 42
-0.014061
  0
SEQEND
  0
POLYLINE
  8
0
 66
1
 70
1
  0
VERTEX
  8
0
 10
684.539901
 20
626.459509
 42
-0.044607
  0
VERTEX
  8
0
 10
690.360779
 20
624.386768
 42
-0.041504
  0
VERTEX
  8
0
 10
695.872375
 20
621.273318
 42
-0.043063
  0
VERTEX
  8
0
 10
700.577970
 20
617.442826
 42
-0.060259
  0
VERTEX
  8
0
 10
703.988705
 20
613.234669
 42
-0.032007
  0
VERTEX
  8
0
 10
705.808452
 20
609.877765
 42
-0.054632
  0
VERTEX
  8
0
 10
706.821467
 20
606.857395
 42
-0.091139
  0
VERTEX
  8
0
 10
706.889820
 20
604.766138
 42
-0.371187
  0
VERTEX
  8
0
 10
706.000000
 20
604.000000
 42
-0.131994
  0
VERTEX
  8
0
 10
705.618652
 20
604.102457
 42
-0.100585
  0
VERTEX
  8
0
 10
705.293750
 20
604.390560
 42
-0.087980
  0
VERTEX
  8
0
 10
705.075183
 20
604.821530
 42
-0.073593
  0
VERTEX
  8
0
 10
705.000000
 20
605.329565
 42
0.161010
  0
VERTEX
  8
0
 10
704.736230
 20
606.127439
 42
0.009598
  0
VERTEX
  8
0
 10
703.164062
 20
608.162567
 42
0.013635
  0
VERTEX
  8
0
 10
701.144384
 20
610.539984
 42
0.009587
  0
VERTEX
  8
0
 10
698.750000
 20
613.106776
 42
0.037610
  0
VERTEX
  8
0
 10
692.333924
 20
618.800035
 42
0.057273
  0
VERTEX
  8
0
 10
685.936839
 20
622.601426
 42
0.048630
  0
VERTEX
  8
0
 10
678.103281
 20
625.237155
 42
0.019580
  0
VERTEX
  8
0
 10
667.000000
 20
627.352163
 42
-0.640125
  0
VERTEX
  8
0
 10
666.955529
 20
627.505133
 42
-0.151821
  0
VERTEX
  8
0
 10
667.302346
 20
627.657344
 42
-0.017792
  0
VERTEX
  8
0
 10
668.986100
 20
627.786655
 42
-0.005432
  0
VERTEX
  8
0
 10
671.539901
 20
627.863818
 42
-0.019163
  0
VERTEX
  8
0
 10
674.669442
 20
627.804417
 42
-0.012578
  0
VERTEX
  8
0
 10
678.262611
 20
627.507477
 42
-0.012660
  0
VERTEX
  8
0
 10
681.751733
 20
627.040936
 42
-0.023677
  0
SEQEND
  0
POLYLINE
  8
0
 66
1
 70
1
  0
VERTEX
  8
0
 10
558.922286
 20
680.665836
 42
0.018828
  0
VERTEX
  8
0
 10
555.817936
 20
677.902426
 42
0.025177
  0
VERTEX
  8
0
 10
553.232705
 20
675.157478
 42
0.026800
  0
VERTEX
  8
0
 10
551.067275
 20
672.317916
 42
0.027064
  0
VERTEX
  8
0
 10
549.225682
 20
669.272045
 42
-0.020022
  0
VERTEX
  8
0
 10
546.725013
 20
665.001470
 42
-0.106707
  0
VERTEX
  8
0
 10
544.830183
 20
663.095172
 42
-0.117759
  0
VERTEX
  8
0
 10
542.407941
 20
662.234609
 42
-0.026738
  0
VERTEX
  8
0
 10
538.023968
 20
662.000000
 42
0.025300
  0
VERTEX
  8
0
 10
535.409178
 20
661.867607
 42
0.062589
  0
VERTEX
  8
0
 10
533.542151
 20
661.437947
 42
0.067215
  0
VERTEX
  8
0
 10
531.918935
 20
660.581639
 42
0.032936
  0
VERTEX
  8
0
 10
530.105755
 20
659.098790
 42
0.034309
  0
VERTEX
  8
0
 10
527.411048
 20
656.211116
 42
0.253606
  0
VERTEX
  8
0
 10
527.075560
 20
654.423490
 42
0.435818
  0
VERTEX
  8
0
 10
528.269183
 20
653.865085
 42
0.047443
  0
VERTEX
  8
0
 10
531.285183
 20
655.432306
 42
-0.101730
  0
VERTEX
  8
0
 10
533.335832
 20
656.230707
 42
-0.014731
  0
VERTEX
  8
0
 10
537.800661
 20
656.855626
 42
-0.017799
  0
VERTEX
  8
0
 10
542.536906
 20
657.206786
 42
-0.035918
  0
VERTEX
  8
0
 10
546.275680
 20
657.081900
 42
-0.506495
  0
VERTEX
  8
0
 10
546.680539
 20
656.387645
 42
-0.030340
  0
VERTEX
  8
0
 10
545.397251
 20
653.863683
 42
-0.032168
  0
VERTEX
  8
0
 10
543.620683
 20
651.240816
 42
-0.088450
  0
VERTEX
  8
0
 10
541.968543
 20
649.748282
 42
0.039067
  0
VERTEX
  8
0
 10
541.215319
 20
649.191744
 42
0.042131
  0
VERTEX
  8
0
 10
540.578259
 20
648.537572
 42
0.046189
  0
VERTEX
  8
0
 10
540.137231
 20
647.886827
 42
0.126496
  0
VERTEX
  8
0
 10
540.000000
 20
647.353073
 42
0.397179
  0
VERTEX
  8
0
 10
540.698604
 20
646.612349
 42
0.113681
  0
VERTEX
  8
0
 10
542.408016
 20
646.902053
 42
0.057811
  0
VERTEX
  8
0
 10
544.901570
 20
648.296072
 42
0.032731
  0
VERTEX
  8
0
 10
547.572591
 20
650.503691
 42
0.026292
  0
VERTEX
  8
0
 10
549.278962
 20
652.291521
 42
0.062101
  0
VERTEX
  8
0
 10
550.295145
 20
653.824169
 42
0.071126
  0
VERTEX
  8
0
 10
550.824661
 20
655.425130
 42
0.044382
  0
VERTEX
  8
0
 10
551.000000
 20
657.396594
 42
-0.085826
  0
VERTEX
  8
0
 10
551.727457
 20
661.603334
 42
-0.034078
  0
VERTEX
  8
0
 10
554.075098
 20
666.996004
 42
-0.032535
  0
VERTEX
  8
0
 10
557.456383
 20
672.588886
 42
-0.035553
  0
VERTEX
  8
0
 10
561.445174
 20
677.522518
 42
0.008442
  0
VERTEX
  8
0
 10
567.497265
 20
684.229860
 42
0.363200
  0
VERTEX
  8
0
 10
567.533682
 20
686.011721
 42
0.407874
  0
VERTEX
  8
0
 10
565.888917
 20
686.209894
 42
0.008767
  0
SEQEND
  0
POLYLINE
  8
0
 66
1
 70
1
  0
VERTEX
  8
0
 10
747.243594
 20
679.453045
 42
0.025345
  0
VERTEX
  8
0
 10
742.936307
 20
678.055712
 42
0.041994
  0
VERTEX
  8
0
 10
739.495194
 20
676.400606
 42
0.038257
  0
VERTEX
  8
0
 10
736.167181
 20
674.080877
 42
0.017285
  0
VERTEX
  8
0
 10
732.165814
 20
670.573002
 42
0.049780
  0
VERTEX
  8
0
 10
727.680249
 20
665.427442
 42
0.056850
  0
VERTEX
  8
0
 10
724.528266
 20
659.711198
 42
0.042542
  0
VERTEX
  8
0
 10
722.151160
 20
652.168845
 42
0.014905
  0
VERTEX
  8
0
 10
719.997706
 20
641.000000
 42
-0.018865
  0
VERTEX
  8
0
 10
718.884601
 20
635.463045
 42
-0.023320
  0
VERTEX
  8
0
 10
717.416764
 20
630.410714
 42
-0.025756
  0
VERTEX
  8
0
 10
715.676552
 20
626.064827
 42
-0.044328
  0
VERTEX
  8
0
 10
713.737409
 20
622.685683
 42
0.014261
  0
VERTEX
  8
0
 10
712.522199
 20
620.835135
 42
0.142238
  0
VERTEX
  8
0
 10
712.277526
 20
619.950909
 42
0.164541
  0
VERTEX
  8
0
 10
712.566044
 20
619.132121
 42
0.020786
  0
VERTEX
  8
0
 10
713.800546
 20
617.685683
 42
-0.041689
  0
VERTEX
  8
0
 10
714.803168
 20
616.406397
 42
-0.009686
  0
VERTEX
  8
0
 10
716.260061
 20
614.093134
 42
-0.009929
  0
VERTEX
  8
0
 10
717.837715
 20
611.355606
 42
-0.009579
  0
VERTEX
  8
0
 10
719.325070
 20
608.524985
 42
0.000000
  0
VERTEX
  8
0
 10
722.821263
 20
601.549970
 42
0.000000
  0
VERTEX
  8
0
 10
725.294699
 20
607.024985
 42
0.020551
  0
VERTEX
  8
0
 10
727.707883
 20
613.010675
 42
0.022387
  0
VERTEX
  8
0
 10
729.545594
 20
619.007456
 42
0.020868
  0
VERTEX
  8
0
 10
730.935860
 20
625.502543
 42
0.014085
  0
VERTEX
  8
0
 10
732.000698
 20
633.006159
 42
-0.015927
  0
VERTEX
  8
0
 10
733.169197
 20
641.027725
 42
-0.013673
  0
VERTEX
  8
0
 10
734.895983
 20
649.380967
 42
-0.013529
  0
VERTEX
  8
0
 10
736.853574
 20
656.791914
 42
-0.046056
  0
VERTEX
  8
0
 10
738.691628
 20
661.429416
 42
-0.038650
  0
VERTEX
  8
0
 10
741.129237
 20
665.435225
 42
-0.028915
  0
VERTEX
  8
0
 10
744.386342
 20
669.448734
 42
-0.028748
  0
VERTEX
  8
0
 10
748.112429
 20
673.089135
 42
-0.036459
  0
VERTEX
  8
0
 10
751.961044
 20
675.975002
 42
0.022577
  0
VERTEX
  8
0
 10
756.606204
 20
679.260901
 42
0.497156
  0
VERTEX
  8
0
 10
756.587945
 20
680.692727
 42
0.215545
  0
VERTEX
  8
0
 10
754.330182
 20
681.175630
 42
0.012285
  0
SEQEND
  0
POLYLINE
  8
0
 66
1
 70
1
  0
VERTEX
  8
0
 10
436.000000
 20
546.981538
 42
0.121034
  0
VERTEX
  8
0
 10
436.255565
 20
545.941243
 42
0.029163
  0
VERTEX
  8
0
 10
437.175000
 20
544.407748
 42
0.028250
  0
VERTEX
  8
0
 10
438.468911
 20
542.722879
 42
0.024751
  0
VERTEX
  8
0
 10
440.000000
 20
541.114781
 42
0.000000
  0
VERTEX
  8
0
 10
444.000000
 20
537.309672
 42
0.000000
  0
VERTEX
  8
0
 10
444.000000
 20
490.500000
 42
0.000000
  0
VERTEX
  8
0
 10
444.000000
 20
443.690328
 42
0.000000
  0
VERTEX
  8
0
 10
439.931509
 20
439.820065
 42
0.031985
  0
VERTEX
  8
0
 10
436.832593
 20
436.469603
 42
0.201765
  0
VERTEX
  8
0
 10
436.194119
 20
434.284521
 42
0.314136
  0
VERTEX
  8
0
 10
437.385504
 20
432.933388
 42
0.062613
  0
VERTEX
  8
0
 10
440.763695
 20
432.545455
 42
0.000689
  0
VERTEX
  8
0
 10
463.920055
 20
432.825809
 42
0.014336
  0
VERTEX
  8
0
 10
470.850573
 20
433.118135
 42
0.054852
  0
VERTEX
  8
0
 10
474.051987
 20
433.702080
 42
0.331607
  0
VERTEX
  8
0
 10
475.000000
 20
434.974320
 42
0.114070
  0
VERTEX
  8
0
 10
474.788467
 20
435.889457
 42
0.064547
  0
VERTEX
  8
0
 10
474.158546
 20
436.844175
 42
0.054874
  0
VERTEX
  8
0
 10
473.178275
 20
437.755583
 42
0.040553
  0
VERTEX
  8
0
 10
471.921222
 20
438.540738
 42
-0.117948
  0
VERTEX
  8
0
 10
468.803094
 20
441.232051
 42
-0.101864
  0
VERTEX
  8
0
 10
467.032219
 20
445.187991
 42
-0.047306
  0
VERTEX
  8
0
 10
466.201610
 20
451.888669
 42
-0.007407
  0
VERTEX
  8
0
 10
466.015313
 20
465.217881
 42
-0.003747
  0
VERTEX
  8
0
 10
466.074339
 20
472.302125
 42
-0.005726
  0
VERTEX
  8
0
 10
466.241942
 20
478.444740
 42
-0.002276
  0
VERTEX
  8
0
 10
466.469179
 20
483.691440
 42
-0.139053
  0
VERTEX
  8
0
 10
466.765313
 20
484.572724
 42
-0.229231
  0
VERTEX
  8
0
 10
467.644400
 20
485.075606
 42
-0.005470
  0
VERTEX
  8
0
 10
472.484013
 20
485.356612
 42
-0.009188
  0
VERTEX
  8
0
 10
478.950041
 20
485.542130
 42
-0.003464
  0
VERTEX
  8
0
 10
488.000000
 20
485.572724
 42
0.000000
  0
VERTEX
  8
0
 10
508.500000
 20
485.500000
 42
0.000000
  0
VERTEX
  8
0
 10
508.771525
 20
466.269398
 42
-0.007122
  0
VERTEX
  8
0
 10
508.769811
 20
452.510632
 42
-0.043294
  0
VERTEX
  8
0
 10
508.053147
 20
445.432174
 42
-0.095066
  0
VERTEX
  8
0
 10
506.432681
 20
441.339430
 42
-0.145185
  0
VERTEX
  8
0
 10
503.571183
 20
438.850479
 42
0.084561
  0
VERTEX
  8
0
 10
502.017627
 20
437.796170
 42
0.059138
  0
VERTEX
  8
0
 10
500.671476
 20
436.157438
 42
0.066044
  0
VERTEX
  8
0
 10
499.904421
 20
434.518143
 42
0.285119
  0
VERTEX
  8
0
 10
500.158694
 20
433.521256
 42
0.184472
  0
VERTEX
  8
0
 10
500.482747
 20
433.383977
 42
0.000392
  0
VERTEX
  8
0
 10
505.977611
 20
433.191106
 42
0.002575
  0
VERTEX
  8
0
 10
512.184026
 20
433.010129
 42
0.001587
  0
VERTEX
  8
0
 10
519.488491
 20
432.857968
 42
0.001985
  0
VERTEX
  8
0
 10
530.821858
 20
432.702868
 42
0.020238
  0
VERTEX
  8
0
 10
535.519938
 20
432.847404
 42
0.053300
  0
VERTEX
  8
0
 10
537.938233
 20
433.281777
 42
0.281155
  0
VERTEX
  8
0
 10
538.806982
 20
434.236253
 42
0.160064
  0
VERTEX
  8
0
 10
538.688434
 20
435.163337
 42
0.036356
  0
VERTEX
  8
0
 10
537.894245
 20
436.559154
 42
0.032730
  0
VERTEX
  8
0
 10
536.661265
 20
438.162963
 42
0.022382
  0
VERTEX
  8
0
 10
535.068491
 20
439.820065
 42
0.000000
  0
VERTEX
  8
0
 10
531.000000
 20
443.690328
 42
0.000000
  0
VERTEX
  8
0
 10
531.000000
 20
489.280064
 42
-0.001711
  0
VERTEX
  8
0
 10
531.064790
 20
508.213473
 42
-0.003429
  0
VERTEX
  8
0
 10
531.269727
 20
523.170276
 42
-0.001509
  0
VERTEX
  8
0
 10
531.554998
 20
535.268432
 42
-0.084382
  0
VERTEX
  8
0
 10
531.990960
 20
537.476222
 42
-0.062396
  0
VERTEX
  8
0
 10
532.586569
 20
538.598403
 42
-0.033550
  0
VERTEX
  8
0
 10
533.572873
 20
539.818932
 42
-0.032822
  0
VERTEX
  8
0
 10
534.762367
 20
540.945967
 42
-0.043897
  0
VERTEX
  8
0
 10
535.984637
 20
541.791322
 42
0.038786
  0
VERTEX
  8
0
 10
537.397520
 20
542.747343
 42
0.076891
  0
VERTEX
  8
0
 10
538.312359
 20
543.739442
 42
0.086476
  0
VERTEX
  8
0
 10
538.819596
 20
544.878648
 42
0.061100
  0
VERTEX
  8
0
 10
538.993677
 20
546.271593
 42
0.000000
  0
VERTEX
  8
0
 10
539.000000
 20
549.043186
 42
0.000000
  0
VERTEX
  8
0
 10
519.750000
 20
548.771593
 42
0.001640
  0
VERTEX
  8
0
 10
507.320970
 20
548.555460
 42
0.025269
  0
VERTEX
  8
0
 10
503.051978
 20
548.251013
 42
0.094766
  0
VERTEX
  8
0
 10
501.049389
 20
547.608003
 42
0.236623
  0
VERTEX
  8
0
 10
500.197456
 20
546.379778
 42
0.102780
  0
VERTEX
  8
0
 10
500.266864
 20
545.281319
 42
0.096322
  0
VERTEX
  8
0
 10
500.766546
 20
544.272768
 42
0.069030
  0
VERTEX
  8
0
 10
501.772153
 20
543.276154
 42
0.027512
  0
VERTEX
  8
0
 10
503.390835
 20
542.196910
 42
-0.114041
  0
VERTEX
  8
0
 10
506.348824
 20
539.384661
 42
-0.093932
  0
VERTEX
  8
0
 10
508.033461
 20
535.357912
 42
-0.047791
  0
VERTEX
  8
0
 10
508.777264
 20
528.827533
 42
-0.008991
  0
VERTEX
  8
0
 10
508.776291
 20
516.795504
 42
0.000000
  0
VERTEX
  8
0
 10
508.500000
 20
501.500000
 42
0.000000
  0
VERTEX
  8
0
 10
489.500000
 20
501.216023
 42
-0.002866
  0
VERTEX
  8
0
 10
482.057481
 20
501.147453
 42
-0.004035
  0
VERTEX
  8
0
 10
475.420313
 20
501.177916
 42
-0.002390
  0
VERTEX
  8
0
 10
469.834179
 20
501.275356
 42
-0.054752
  0
VERTEX
  8
0
 10
468.250000
 20
501.485075
 42
-0.175317
  0
VERTEX
  8
0
 10
466.961065
 20
502.344583
 42
-0.124213
  0
VERTEX
  8
0
 10
466.296624
 20
503.968352
 42
-0.033297
  0
VERTEX
  8
0
 10
466.044009
 20
507.344678
 42
-0.002119
  0
VERTEX
  8
0
 10
466.005577
 20
517.269052
 42
-0.008434
  0
VERTEX
  8
0
 10
466.211496
 20
529.216671
 42
-0.046876
  0
VERTEX
  8
0
 10
467.028390
 20
535.574553
 42
-0.093507
  0
VERTEX
  8
0
 10
468.710865
 20
539.467497
 42
-0.111291
  0
VERTEX
  8
0
 10
471.619820
 20
542.203197
 42
0.027645
  0
VERTEX
  8
0
 10
473.232572
 20
543.279106
 42
0.069119
  0
VERTEX
  8
0
 10
474.235244
 20
544.274221
 42
0.096276
  0
VERTEX
  8
0
 10
474.733569
 20
545.282045
 42
0.102603
  0
VERTEX
  8
0
 10
474.802544
 20
546.379778
 42
0.236623
  0
VERTEX
  8
0
 10
473.950611
 20
547.608003
 42
0.094766
  0
VERTEX
  8
0
 10
471.948022
 20
548.251013
 42
0.025269
  0
VERTEX
  8
0
 10
467.679030
 20
548.555460
 42
0.001640
  0
VERTEX
  8
0
 10
455.250000
 20
548.771593
 42
0.001517
  0
VERTEX
  8
0
 10
442.716420
 20
548.910400
 42
0.025196
  0
VERTEX
  8
0
 10
438.551364
 20
548.733942
 42
0.104983
  0
VERTEX
  8
0
 10
436.686137
 20
548.153025
 42
0.271295
  0
SEQEND
  0
POLYLINE
  8
0
 66
1
 70
1
  0
VERTEX
  8
0
 10
300.665164
 20
445.408592
 42
-0.019204
  0
VERTEX
  8
0
 10
298.469274
 20
444.069739
 42
-0.073703
  0
VERTEX
  8
0
 10
296.976695
 20
443.504544
 42
-0.094219
  0
VERTEX
  8
0
 10
295.581343
 20
443.466914
 42
-0.043654
  0
VERTEX
  8
0
 10
293.816493
 20
443.914126
 42
0.085800
  0
VERTEX
  8
0
 10
290.517450
 20
444.460910
 42
0.197022
  0
VERTEX
  8
0
 10
288.236376
 20
443.507239
 42
0.163096
  0
VERTEX
  8
0
 10
287.006672
 20
441.040120
 42
0.056092
  0
VERTEX
  8
0
 10
286.897620
 20
437.000000
 42
-0.156792
  0
VERTEX
  8
0
 10
286.710760
 20
436.187203
 42
-0.023279
  0
VERTEX
  8
0
 10
285.772114
 20
434.765625
 42
-0.024319
  0
VERTEX
  8
0
 10
284.462051
 20
433.141438
 42
-0.018779
  0
VERTEX
  8
0
 10
282.886464
 20
431.500000
 42
0.019178
  0
VERTEX
  8
0
 10
280.978655
 20
429.509275
 42
0.008680
  0
VERTEX
  8
0
 10
278.627926
 20
426.765625
 42
0.008579
  0
VERTEX
  8
0
 10
276.244555
 20
423.781305
 42
0.011616
  0
VERTEX
  8
0
 10
274.201646
 20
421.000000
 42
-0.005507
  0
VERTEX
  8
0
 10
272.272185
 20
418.304738
 42
-0.005096
  0
VERTEX
  8
0
 10
270.233947
 20
415.581430
 42
-0.005090
  0
VERTEX
  8
0
 10
268.370110
 20
413.194100
 42
-0.016950
  0
VERTEX
  8
0
 10
267.077956
 20
411.681465
 42
0.009853
  0
VERTEX
  8
0
 10
265.517849
 20
409.906778
 42
0.129138
  0
VERTEX
  8
0
 10
265.144331
 20
409.122718
 42
0.268018
  0
VERTEX
  8
0
 10
265.353772
 20
408.523021
 42
0.050071
  0
VERTEX
  8
0
 10
266.345957
 20
407.828074
 42
-0.072144
  0
VERTEX
  8
0
 10
267.265338
 20
407.121894
 42
-0.275898
  0
VERTEX
  8
0
 10
267.425637
 20
406.447519
 42
-0.108007
  0
VERTEX
  8
0
 10
266.899904
 20
405.529762
 42
-0.008597
  0
VERTEX
  8
0
 10
264.975144
 20
403.474355
 42
-0.025988
  0
VERTEX
  8
0
 10
263.647815
 20
402.240165
 42
-0.034996
  0
VERTEX
  8
0
 10
262.319658
 20
401.277624
 42
-0.037622
  0
VERTEX
  8
0
 10
261.159834
 20
400.670926
 42
-0.195732
  0
VERTEX
  8
0
 10
260.452357
 20
400.656656
 42
0.290592
  0
VERTEX
  8
0
 10
258.278365
 20
400.217779
 42
0.004790
  0
VERTEX
  8
0
 10
249.036845
 20
391.177624
 42
0.005959
  0
VERTEX
  8
0
 10
240.129584
 20
382.081638
 42
0.193097
  0
VERTEX
  8
0
 10
239.000000
 20
379.265788
 42
-0.060188
  0
VERTEX
  8
0
 10
238.870594
 20
378.194668
 42
-0.014745
  0
VERTEX
  8
0
 10
238.396137
 20
376.479997
 42
-0.014891
  0
VERTEX
  8
0
 10
237.731199
 20
374.533736
 42
-0.014370
  0
VERTEX
  8
0
 10
236.944296
 20
372.606976
 42
0.051687
  0
VERTEX
  8
0
 10
234.457953
 20
364.929467
 42
0.033932
  0
VERTEX
  8
0
 10
233.140914
 20
355.721470
 42
0.034124
  0
VERTEX
  8
0
 10
233.085653
 20
346.524626
 42
0.056676
  0
VERTEX
  8
0
 10
234.437500
 20
338.898506
 42
-0.017003
  0
VERTEX
  8
0
 10
235.035903
 20
336.599804
 42
-0.012865
  0
VERTEX
  8
0
 10
235.541016
 20
334.041570
 42
-0.013048
  0
VERTEX
  8
0
 10
235.891070
 20
331.612345
 42
-0.029264
  0
VERTEX
  8
0
 10
236.000000
 20
329.752757
 42
0.039580
  0
VERTEX
  8
0
 10
236.220881
 20
326.966820
 42
0.047523
  0
VERTEX
  8
0
 10
236.879282
 20
324.422436
 42
0.054948
  0
VERTEX
  8
0
 10
237.799043
 20
322.556507
 42
0.256152
  0
VERTEX
  8
0
 10
238.814051
 20
322.000000
 42
0.135301
  0
VERTEX
  8
0
 10
239.324440
 20
322.140688
 42
0.002482
  0
VERTEX
  8
0
 10
241.745326
 20
323.601408
 42
0.005936
  0
VERTEX
  8
0
 10
244.555681
 20
325.362343
 42
0.003909
  0
VERTEX
  8
0
 10
247.748537
 20
327.451602
 42
-0.013730
  0
VERTEX
  8
0
 10
252.088983
 20
330.171561
 42
-0.025394
  0
VERTEX
  8
0
 10
255.776227
 20
332.098463
 42
-0.028176
  0
VERTEX
  8
0
 10
259.365371
 20
333.508925
 42
-0.022384
  0
VERTEX
  8
0
 10
263.375835
 20
334.633304
 42
0.005046
  0
VERTEX
  8
0
 10
268.165121
 20
335.798603
 42
0.081009
  0
VERTEX
  8
0
 10
269.687539
 20
336.461079
 42
0.258600
  0
VERTEX
  8
0
 10
270.160161
 20
337.341666
 42
0.087672
  0
VERTEX
  8
0
 10
269.878188
 20
338.820390
 42
-0.029803
  0
VERTEX
  8
0
 10
269.569302
 20
339.805889
 42
-0.039173
  0
VERTEX
  8
0
 10
269.413758
 20
340.735210
 42
-0.043666
  0
VERTEX
  8
0
 10
269.413565
 20
341.491572
 42
-0.187225
  0
VERTEX
  8
0
 10
269.608926
 20
341.888688
 42
-0.153499
  0
VERTEX
  8
0
 10
269.896276
 20
342.023555
 42
-0.158514
  0
VERTEX
  8
0
 10
270.204945
 20
341.967321
 42
-0.117478
  0
VERTEX
  8
0
 10
270.490395
 20
341.712635
 42
-0.066232
  0
VERTEX
  8
0
 10
270.704260
 20
341.297935
 42
0.055716
  0
VERTEX
  8
0
 10
271.703294
 20
339.256854
 42
0.019100
  0
VERTEX
  8
0
 10
273.577712
 20
336.544445
 42
0.014903
  0
VERTEX
  8
0
 10
275.588699
 20
334.020147
 42
0.138655
  0
VERTEX
  8
0
 10
276.732985
 20
333.249431
 42
0.332668
  0
VERTEX
  8
0
 10
277.459593
 20
333.494353
 42
0.014672
  0
VERTEX
  8
0
 10
278.996026
 20
335.870240
 42
0.018205
  0
VERTEX
  8
0
 10
280.837989
 20
339.176504
 42
0.008512
  0
VERTEX
  8
0
 10
282.991705
 20
343.580285
 42
-0.004220
  0
VERTEX
  8
0
 10
284.947653
 20
347.668227
 42
-0.007214
  0
VERTEX
  8
0
 10
286.658011
 20
351.042474
 42
-0.002226
  0
VERTEX
  8
0
 10
288.160016
 20
353.871909
 42
-0.506771
  0
VERTEX
  8
0
 10
288.415331
 20
353.907946
 42
-0.268357
  0
VERTEX
  8
0
 10
288.774145
 20
352.494229
 42
-0.004141
  0
VERTEX
  8
0
 10
286.330074
 20
344.123499
 42
-0.010740
  0
VERTEX
  8
0
 10
283.766599
 20
336.225425
 42
-0.041085
  0
VERTEX
  8
0
 10
281.670813
 20
331.500000
 42
-0.034839
  0
VERTEX
  8
0
 10
280.061735
 20
328.985301
 42
-0.009981
  0
VERTEX
  8
0
 10
277.227806
 20
325.325000
 42
-0.009994
  0
VERTEX
  8
0
 10
273.856513
 20
321.312524
 42
-0.010462
  0
VERTEX
  8
0
 10
270.377503
 20
317.500000
 42
0.009949
  0
VERTEX
  8
0
 10
260.802920
 20
307.029167
 42
0.031556
  0
VERTEX
  8
0
 10
255.002281
 20
299.519986
 42
0.046427
  0
VERTEX
  8
0
 10
251.521558
 20
293.176498
 42
0.057998
  0
VERTEX
  8
0
 10
249.581419
 20
286.750000
 42
0.013013
  0
VERTEX
  8
0
 10
249.218620
 20
284.370510
 42
0.169982
  0
VERTEX
  8
0
 10
249.403396
 20
283.509789
 42
0.233521
  0
VERTEX
  8
0
 10
250.059217
 20
283.095175
 42
0.026242
  0
VERTEX
  8
0
 10
251.871354
 20
283.000000
 42
0.039325
  0
VERTEX
  8
0
 10
253.042244
 20
283.092232
 42
0.047189
  0
VERTEX
  8
0
 10
254.112242
 20
283.367188
 42
0.053923
  0
VERTEX
  8
0
 10
254.938127
 20
283.769784
 42
0.157282
  0
VERTEX
  8
0
 10
255.340536
 20
284.250000
 42
-0.050768
  0
VERTEX
  8
0
 10
255.638180
 20
284.812199
 42
-0.268581
  0
VERTEX
  8
0
 10
255.938807
 20
284.960267
 42
-0.196687
  0
VERTEX
  8
0
 10
256.290284
 20
284.788078
 42
-0.028771
  0
VERTEX
  8
0
 10
256.793239
 20
284.152346
 42
0.136013
  0
VERTEX
  8
0
 10
257.767921
 20
283.350139
 42
0.081628
  0
VERTEX
  8
0
 10
259.228112
 20
282.968921
 42
0.034762
  0
VERTEX
  8
0
 10
261.737629
 20
282.911234
 42
0.004697
  0
VERTEX
  8
0
 10
267.000000
 20
283.205737
 42
0.021895
  0
VERTEX
  8
0
 10
269.556900
 20
283.485758
 42
0.094417
  0
VERTEX
  8
0
 10
270.991693
 20
283.995139
 42
0.113326
  0
VERTEX
  8
0
 10
272.002507
 20
284.946497
 42
0.038430
  0
VERTEX
  8
0
 10
273.000000
 20
286.716543
 42
-0.028376
  0
VERTEX
  8
0
 10
273.804847
 20
288.214296
 42
-0.085429
  0
VERTEX
  8
0
 10
274.567262
 20
289.083092
 42
-0.130030
  0
VERTEX
  8
0
 10
275.375832
 20
289.445604
 42
-0.115330
  0
VERTEX
  8
0
 10
276.297988
 20
289.383925
 42
0.133686
  0
VERTEX
  8
0
 10
278.372515
 20
289.320349
 42
0.185853
  0
VERTEX
  8
0
 10
279.888728
 20
290.363603
 42
0.131342
  0
VERTEX
  8
0
 10
280.648801
 20
292.516238
 42
0.056833
  0
VERTEX
  8
0
 10
280.540679
 20
295.577299
 42
-0.064564
  0
VERTEX
  8
0
 10
280.475530
 20
298.850406
 42
-0.137177
  0
VERTEX
  8
0
 10
281.411564
 20
301.182418
 42
-0.101320
  0
VERTEX
  8
0
 10
283.653739
 20
303.127215
 42
-0.025923
  0
VERTEX
  8
0
 10
287.978922
 20
305.273934
 42
0.001948
  0
VERTEX
  8
0
 10
290.155961
 20
306.227319
 42
0.000858
  0
VERTEX
  8
0
 10
293.028366
 20
307.504486
 42
0.000849
  0
VERTEX
  8
0
 10
296.069510
 20
308.869139
 42
0.001141
  0
VERTEX
  8
0
 10
298.819770
 20
310.116441
 42
-0.012572
  0
VERTEX
  8
0
 10
303.833224
 20
312.253366
 42
-0.086240
  0
VERTEX
  8
0
 10
306.448612
 20
312.799133
 42
-0.103982
  0
VERTEX
  8
0
 10
308.882542
 20
312.372429
 42
-0.022067
  0
VERTEX
  8
0
 10
312.825955
 20
310.588195
 42
0.028771
  0
VERTEX
  8
0
 10
318.806170
 20
307.978358
 42
0.031160
  0
VERTEX
  8
0
 10
324.891039
 20
306.151478
 42
0.031112
  0
VERTEX
  8
0
 10
331.164300
 20
305.092914
 42
0.028508
  0
VERTEX
  8
0
 10
337.707465
 20
304.778842
 42
0.008216
  0
VERTEX
  8
0
 10
346.226925
 20
304.995871
 42
0.266867
  0
VERTEX
  8
0
 10
347.910928
 20
306.059837
 42
0.409220
  0
VERTEX
  8
0
 10
347.453678
 20
307.585867
 42
0.012245
  0
VERTEX
  8
0
 10
340.965372
 20
310.949986
 42
-0.009902
  0
VERTEX
  8
0
 10
337.577763
 20
312.686340
 42
-0.011194
  0
VERTEX
  8
0
 10
334.399203
 20
314.488730
 42
-0.010483
  0
VERTEX
  8
0
 10
331.771371
 20
316.133282
 42
-0.058575
  0
VERTEX
  8
0
 10
330.500000
 20
317.198006
 42
0.000000
  0
VERTEX
  8
0
 10
328.500000
 20
319.316600
 42
0.000000
  0
VERTEX
  8
0
 10
332.307160
 20
317.158300
 42
0.023196
  0
VERTEX
  8
0
 10
335.076173
 20
315.754012
 42
0.062447
  0
VERTEX
  8
0
 10
337.182083
 20
315.106656
 42
0.133813
  0
VERTEX
  8
0
 10
338.474097
 20
315.226568
 42
0.312683
  0
VERTEX
  8
0
 10
339.000000
 20
315.985302
 42
-0.422747
  0
VERTEX
  8
0
 10
339.238570
 20
316.217041
 42
-0.067201
  0
VERTEX
  8
0
 10
339.954687
 20
316.099087
 42
-0.041624
  0
VERTEX
  8
0
 10
341.002527
 20
315.679780
 42
-0.020924
  0
VERTEX
  8
0
 10
342.250000
 20
314.989040
 42
0.047431
  0
VERTEX
  8
0
 10
344.637238
 20
313.827794
 42
0.044109
  0
VERTEX
  8
0
 10
347.259037
 20
313.102787
 42
0.050698
  0
VERTEX
  8
0
 10
349.379527
 20
312.932106
 42
0.408079
  0
VERTEX
  8
0
 10
350.000000
 20
313.565741
 42
0.089591
  0
VERTEX
  8
0
 10
349.939642
 20
313.899892
 42
0.010838
  0
VERTEX
  8
0
 10
349.662023
 20
314.596812
 42
0.012595
  0
VERTEX
  8
0
 10
349.290015
 20
315.416709
 42
0.010065
  0
VERTEX
  8
0
 10
348.849441
 20
316.281322
 42
-0.016366
  0
VERTEX
  8
0
 10
348.268688
 20
317.457432
 42
-0.626217
  0
VERTEX
  8
0
 10
348.413922
 20
317.632327
 42
-0.111826
  0
VERTEX
  8
0
 10
348.930797
 20
317.373735
 42
-0.003223
  0
VERTEX
  8
0
 10
350.833843
 20
315.793266
 42
0.053969
  0
VERTEX
  8
0
 10
353.504655
 20
313.998528
 42
0.012637
  0
VERTEX
  8
0
 10
358.345709
 20
311.608668
 42
0.010161
  0
VERTEX
  8
0
 10
363.285960
 20
309.444000
 42
0.098479
  0
VERTEX
  8
0
 10
365.518382
 20
309.000000
 42
0.413359
  0
VERTEX
  8
0
 10
365.673707
 20
309.154871
 42
0.009705
  0
VERTEX
  8
0
 10
365.655029
 20
310.287516
 42
0.015761
  0
VERTEX
  8
0
 10
365.559507
 20
311.702287
 42
0.009321
  0
VERTEX
  8
0
 10
365.360978
 20
313.383032
 42
-0.051731
  0
VERTEX
  8
0
 10
365.222747
 20
317.589768
 42
-0.008106
  0
VERTEX
  8
0
 10
365.942508
 20
325.867450
 42
-0.003475
  0
VERTEX
  8
0
 10
366.898366
 20
334.530304
 42
-0.626723
  0
VERTEX
  8
0
 10
367.569824
 20
334.763509
 42
-0.148833
  0
VERTEX
  8
0
 10
367.735668
 20
334.452511
 42
-0.002060
  0
VERTEX
  8
0
 10
368.145014
 20
332.327303
 42
-0.005575
  0
VERTEX
  8
0
 10
368.584553
 20
329.841561
 42
-0.003615
  0
VERTEX
  8
0
 10
369.039951
 20
326.958009
 42
0.012589
  0
VERTEX
  8
0
 10
370.175987
 20
320.517085
 42
0.016961
  0
VERTEX
  8
0
 10
371.546649
 20
314.758621
 42
0.017787
  0
VERTEX
  8
0
 10
373.001855
 20
310.106559
 42
0.073290
  0
VERTEX
  8
0
 10
374.373852
 20
307.503405
 42
0.115132
  0
VERTEX
  8
0
 10
375.548786
 20
306.493168
 42
0.221610
  0
VERTEX
  8
0
 10
376.762834
 20
306.438810
 42
0.200144
  0
VERTEX
  8
0
 10
377.675439
 20
307.353418
 42
0.097617
  0
VERTEX
  8
0
 10
378.000000
 20
309.000000
 42
-0.071149
  0
VERTEX
  8
0
 10
378.282198
 20
310.973117
 42
-0.445685
  0
VERTEX
  8
0
 10
379.095074
 20
311.363938
 42
-0.199265
  0
VERTEX
  8
0
 10
380.121690
 20
310.340724
 42
-0.037864
  0
VERTEX
  8
0
 10
380.964517
 20
307.780174
 42
0.012232
  0
VERTEX
  8
0
 10
381.505548
 20
305.800343
 42
0.006399
  0
VERTEX
  8
0
 10
382.270570
 20
303.361989
 42
0.006361
  0
VERTEX
  8
0
 10
383.119365
 20
300.880196
 42
0.009688
  0
VERTEX
  8
0
 10
383.925157
 20
298.750000
 42
-0.012199
  0
VERTEX
  8
0
 10
384.748149
 20
296.540881
 42
-0.047087
  0
VERTEX
  8
0
 10
385.093013
 20
295.120046
 42
-0.109799
  0
VERTEX
  8
0
 10
385.032433
 20
294.310706
 42
-0.330658
  0
VERTEX
  8
0
 10
384.613971
 20
294.000000
 42
-0.072986
  0
VERTEX
  8
0
 10
384.068455
 20
294.080057
 42
-0.038691
  0
VERTEX
  8
0
 10
383.429699
 20
294.326905
 42
-0.037496
  0
VERTEX
  8
0
 10
382.802453
 20
294.686936
 42
-0.047378
  0
VERTEX
  8
0
 10
382.287132
 20
295.112868
 42
0.128609
  0
VERTEX
  8
0
 10
381.019688
 20
295.854778
 42
0.309028
  0
VERTEX
  8
0
 10
380.038668
 20
295.523498
 42
0.186073
  0
VERTEX
  8
0
 10
379.654932
 20
294.177659
 42
0.068392
  0
VERTEX
  8
0
 10
380.106823
 20
292.219033
 42
0.057651
  0
VERTEX
  8
0
 10
381.969644
 20
288.627716
 42
0.037204
  0
VERTEX
  8
0
 10
384.875814
 20
284.944714
 42
0.027106
  0
VERTEX
  8
0
 10
389.194108
 20
280.722235
 42
0.010654
  0
VERTEX
  8
0
 10
395.568847
 20
275.367297
 42
-0.008726
  0
VERTEX
  8
0
 10
399.182709
 20
272.355259
 42
-0.012967
  0
VERTEX
  8
0
 10
402.229599
 20
269.583204
 42
-0.008039
  0
VERTEX
  8
0
 10
404.649522
 20
267.188249
 42
-0.196083
  0
VERTEX
  8
0
 10
405.000000
 20
266.328913
 42
-0.102496
  0
VERTEX
  8
0
 10
404.514083
 20
263.983398
 42
-0.013555
  0
VERTEX
  8
0
 10
402.361754
 20
259.359662
 42
-0.014523
  0
VERTEX
  8
0
 10
399.953576
 20
254.864485
 42
-0.084761
  0
VERTEX
  8
0
 10
398.251223
 20
252.801785
 42
-0.076504
  0
VERTEX
  8
0
 10
397.201385
 20
252.145068
 42
-0.018233
  0
VERTEX
  8
0
 10
395.274677
 20
251.398176
 42
-0.018325
  0
VERTEX
  8
0
 10
392.973246
 20
250.694553
 42
-0.017199
  0
VERTEX
  8
0
 10
390.577464
 20
250.144535
 42
0.046122
  0
VERTEX
  8
0
 10
385.592717
 20
248.692502
 42
0.090889
  0
VERTEX
  8
0
 10
382.102262
 20
246.519155
 42
0.089689
  0
VERTEX
  8
0
 10
379.580862
 20
243.227804
 42
0.043993
  0
VERTEX
  8
0
 10
377.582004
 20
238.321542
 42
0.253025
  0
VERTEX
  8
0
 10
377.826252
 20
237.095866
 42
0.185928
  0
VERTEX
  8
0
 10
379.057831
 20
236.405690
 42
0.032815
  0
VERTEX
  8
0
 10
382.365912
 20
236.148704
 42
0.001616
  0
VERTEX
  8
0
 10
393.319032
 20
236.053511
 42
0.000000
  0
VERTEX
  8
0
 10
409.727426
 20
235.963936
 42
0.000000
  0
VERTEX
  8
0
 10
412.891340
 20
239.200064
 42
0.025435
  0
VERTEX
  8
0
 10
414.315743
 20
240.813489
 42
0.011865
  0
VERTEX
  8
0
 10
416.001500
 20
243.037138
 42
0.011720
  0
VERTEX
  8
0
 10
417.663767
 20
245.459067
 42
0.016065
  0
VERTEX
  8
0
 10
419.036176
 20
247.718096
 42
-0.020074
  0
VERTEX
  8
0
 10
420.951675
 20
250.814854
 42
-0.066330
  0
VERTEX
  8
0
 10
422.541963
 20
252.604243
 42
-0.280500
  0
VERTEX
  8
0
 10
423.485536
 20
252.761197
 42
-0.306239
  0
VERTEX
  8
0
 10
424.000000
 20
252.000000
 42
0.216945
  0
VERTEX
  8
0
 10
424.377949
 20
251.169928
 42
0.365583
  0
VERTEX
  8
0
 10
425.096740
 20
251.158945
 42
0.100558
  0
VERTEX
  8
0
 10
426.119115
 20
252.411253
 42
0.041384
  0
VERTEX
  8
0
 10
426.979379
 20
254.437517
 42
-0.023605
  0
VERTEX
  8
0
 10
427.550699
 20
255.928275
 42
-0.016063
  0
VERTEX
  8
0
 10
428.333174
 20
257.567739
 42
-0.016214
  0
VERTEX
  8
0
 10
429.192412
 20
259.104383
 42
-0.031070
  0
VERTEX
  8
0
 10
429.994941
 20
260.266439
 42
0.048443
  0
VERTEX
  8
0
 10
431.948620
 20
263.316420
 42
0.113617
  0
VERTEX
  8
0
 10
432.605525
 20
265.925696
 42
0.122934
  0
VERTEX
  8
0
 10
432.034965
 20
268.426966
 42
0.062029
  0
VERTEX
  8
0
 10
430.216187
 20
271.126918
 42
-0.016138
  0
VERTEX
  8
0
 10
428.969958
 20
272.654109
 42
-0.011119
  0
VERTEX
  8
0
 10
427.654342
 20
274.458782
 42
-0.011222
  0
VERTEX
  8
0
 10
426.465180
 20
276.253218
 42
-0.022388
  0
VERTEX
  8
0
 10
425.621903
 20
277.732766
 42
-0.050597
  0
VERTEX
  8
0
 10
424.266059
 20
281.206189
 42
-0.029688
  0
VERTEX
  8
0
 10
423.327650
 20
285.572656
 42
-0.032173
  0
VERTEX
  8
0
 10
423.009741
 20
289.175435
 42
-0.595379
  0
VERTEX
  8
0
 10
423.795989
 20
289.626086
 42
0.301084
  0
VERTEX
  8
0
 10
424.336572
 20
289.643027
 42
0.101315
  0
VERTEX
  8
0
 10
424.902809
 20
290.247651
 42
0.054435
  0
VERTEX
  8
0
 10
425.469439
 20
291.445278
 42
0.020620
  0
VERTEX
  8
0
 10
426.002703
 20
293.219826
 42
-0.012806
  0
VERTEX
  8
0
 10
427.554866
 20
298.693845
 42
-0.490906
  0
VERTEX
  8
0
 10
428.592591
 20
299.079946
 42
-0.164785
  0
VERTEX
  8
0
 10
429.771874
 20
297.644281
 42
-0.003431
  0
VERTEX
  8
0
 10
433.022569
 20
288.852906
 42
0.049314
  0
VERTEX
  8
0
 10
435.243115
 20
284.206945
 42
0.029973
  0
VERTEX
  8
0
 10
438.705366
 20
279.192925
 42
0.025007
  0
VERTEX
  8
0
 10
442.359668
 20
274.977893
 42
0.204410
  0
VERTEX
  8
0
 10
444.651709
 20
274.000000
 42
-0.099631
  0
VERTEX
  8
0
 10
445.431493
 20
273.843061
 42
-0.021970
  0
VERTEX
  8
0
 10
446.671708
 20
273.257457
 42
-0.022017
  0
VERTEX
  8
0
 10
448.070057
 20
272.439823
 42
-0.019621
  0
VERTEX
  8
0
 10
449.447566
 20
271.472195
 42
0.070191
  0
VERTEX
  8
0
 10
452.658579
 20
269.669962
 42
0.023826
  0
VERTEX
  8
0
 10
457.746715
 20
267.963125
 42
0.016660
  0
VERTEX
  8
0
 10
462.847744
 20
266.700219
 42
0.253952
  0
VERTEX
  8
0
 10
464.532719
 20
267.199386
 42
0.284352
  0
VERTEX
  8
0
 10
464.642244
 20
267.664388
 42
0.014315
  0
VERTEX
  8
0
 10
464.081512
 20
269.193930
 42
0.019397
  0
VERTEX
  8
0
 10
463.253181
 20
271.054772
 42
0.012451
  0
VERTEX
  8
0
 10
462.156298
 20
273.148926
 42
-0.040824
  0
VERTEX
  8
0
 10
459.894312
 20
278.136367
 42
-0.024701
  0
VERTEX
  8
0
 10
458.009082
 20
284.345062
 42
-0.020452
  0
VERTEX
  8
0
 10
456.431598
 20
291.950854
 42
-0.011646
  0
VERTEX
  8
0
 10
455.117900
 20
301.251675
 42
0.036799
  0
VERTEX
  8
0
 10
453.006750
 20
312.194070
 42
0.027873
  0
VERTEX
  8
0
 10
449.160067
 20
323.806204
 42
0.028107
  0
VERTEX
  8
0
 10
444.104105
 20
334.777830
 42
0.040524
  0
VERTEX
  8
0
 10
438.348564
 20
343.776699
 42
0.018941
  0
VERTEX
  8
0
 10
437.024936
 20
345.387322
 42
0.006526
  0
VERTEX
  8
0
 10
434.994549
 20
347.616200
 42
0.006474
  0
VERTEX
  8
0
 10
432.689842
 20
350.017715
 42
0.007462
  0
VERTEX
  8
0
 10
430.428745
 20
352.246020
 42
-0.009558
  0
VERTEX
  8
0
 10
428.348881
 20
354.312982
 42
-0.013746
  0
VERTEX
  8
0
 10
426.594694
 20
356.226807
 42
-0.009469
  0
VERTEX
  8
0
 10
425.223971
 20
357.869206
 42
-0.170766
  0
VERTEX
  8
0
 10
425.000000
 20
358.505867
 42
0.249199
  0
VERTEX
  8
0
 10
423.617687
 20
361.107143
 42
0.013739
  0
VERTEX
  8
0
 10
415.576153
 20
366.220997
 42
0.021516
  0
VERTEX
  8
0
 10
406.588538
 20
371.083426
 42
0.034403
  0
VERTEX
  8
0
 10
398.500000
 20
374.352731
 42
0.032548
  0
VERTEX
  8
0
 10
391.514518
 20
376.138357
 42
0.014261
  0
VERTEX
  8
0
 10
382.071658
 20
377.629980
 42
0.014017
  0
VERTEX
  8
0
 10
371.897759
 20
378.651985
 42
0.017890
  0
VERTEX
  8
0
 10
362.479901
 20
378.994105
 42
-0.024418
  0
VERTEX
  8
0
 10
352.974559
 20
379.463680
 42
-0.036607
  0
VERTEX
  8
0
 10
344.791037
 20
380.879966
 42
-0.040994
  0
VERTEX
  8
0
 10
337.648241
 20
383.298582
 42
-0.045965
  0
VERTEX
  8
0
 10
331.280664
 20
386.779674
 42
0.003616
  0
VERTEX
  8
0
 10
328.943298
 20
388.327575
 42
0.003226
  0
VERTEX
  8
0
 10
326.493618
 20
389.902063
 42
0.003237
  0
VERTEX
  8
0
 10
324.273570
 20
391.288740
 42
0.010023
  0
VERTEX
  8
0
 10
322.750551
 20
392.184797
 42
-0.056907
  0
VERTEX
  8
0
 10
320.990828
 20
393.455611
 42
-0.127780
  0
VERTEX
  8
0
 10
320.098085
 20
394.825766
 42
-0.061429
  0
VERTEX
  8
0
 10
319.645595
 20
397.051264
 42
-0.006012
  0
VERTEX
  8
0
 10
319.284209
 20
402.530679
 42
0.000000
  0
VERTEX
  8
0
 10
318.817494
 20
411.191764
 42
0.000000
  0
VERTEX
  8
0
 10
323.694008
 20
415.892098
 42
-0.027078
  0
VERTEX
  8
0
 10
326.152185
 20
418.017235
 42
-0.020289
  0
VERTEX
  8
0
 10
329.069157
 20
420.091543
 42
-0.020034
  0
VERTEX
  8
0
 10
332.195313
 20
421.954903
 42
-0.023898
  0
VERTEX
  8
0
 10
335.285260
 20
423.446235
 42
0.014970
  0
VERTEX
  8
0
 10
338.071027
 20
424.729965
 42
0.029278
  0
VERTEX
  8
0
 10
340.190851
 20
425.944513
 42
0.033417
  0
VERTEX
  8
0
 10
341.632039
 20
427.030224
 42
0.217943
  0
VERTEX
  8
0
 10
342.000000
 20
427.834294
 42
-0.072467
  0
VERTEX
  8
0
 10
342.124270
 20
428.687212
 42
-0.013538
  0
VERTEX
  8
0
 10
342.617419
 20
430.193281
 42
-0.014242
  0
VERTEX
  8
0
 10
343.297203
 20
431.935604
 42
-0.012592
  0
VERTEX
  8
0
 10
344.101852
 20
433.710398
 42
0.025199
  0
VERTEX
  8
0
 10
344.924617
 20
435.653968
 42
0.032326
  0
VERTEX
  8
0
 10
345.471326
 20
437.517009
 42
0.036418
  0
VERTEX
  8
0
 10
345.716563
 20
439.161859
 42
0.080449
  0
VERTEX
  8
0
 10
345.608647
 20
440.423138
 42
0.102862
  0
VERTEX
  8
0
 10
344.962253
 20
441.758178
 42
0.165698
  0
VERTEX
  8
0
 10
343.920010
 20
442.450704
 42
0.060417
  0
VERTEX
  8
0
 10
341.919538
 20
442.727253
 42
0.005215
  0
VERTEX
  8
0
 10
336.756795
 20
442.759535
 42
-0.012793
  0
VERTEX
  8
0
 10
332.579434
 20
442.848972
 42
-0.026405
  0
VERTEX
  8
0
 10
329.329677
 20
443.174341
 42
-0.032138
  0
VERTEX
  8
0
 10
326.585003
 20
443.779002
 42
-0.034050
  0
VERTEX
  8
0
 10
323.994670
 20
444.722104
 42
0.035778
  0
VERTEX
  8
0
 10
321.743994
 20
445.532754
 42
0.014921
  0
VERTEX
  8
0
 10
318.611221
 20
446.313851
 42
0.014674
  0
VERTEX
  8
0
 10
315.194238
 20
446.953884
 42
0.018413
  0
VERTEX
  8
0
 10
311.994670
 20
447.336428
 42
0.009791
  0
VERTEX
  8
0
 10
307.502157
 20
447.617997
 42
0.052939
  0
VERTEX
  8
0
 10
305.065715
 20
447.464869
 42
0.074211
  0
VERTEX
  8
0
 10
303.101934
 20
446.821284
 42
0.030280
  0
SEQEND
  0
POLYLINE
  8
0
 66
1
 70
1
  0
VERTEX
  8
0
 10
322.716567
 20
442.364142
 42
-0.018509
  0
VERTEX
  8
0
 10
324.357550
 20
441.666818
 42
-0.026981
  0
VERTEX
  8
0
 10
325.741742
 20
440.923548
 42
-0.025497
  0
VERTEX
  8
0
 10
326.767479
 20
440.225234
 42
-0.234696
  0
VERTEX
  8
0
 10
327.000000
 20
439.757153
 42
-0.169412
  0
VERTEX
  8
0
 10
326.886571
 20
439.431989
 42
-0.150401
  0
VERTEX
  8
0
 10
326.589951
 20
439.228643
 42
-0.106870
  0
VERTEX
  8
0
 10
326.138369
 20
439.188136
 42
-0.060809
  0
VERTEX
  8
0
 10
325.604087
 20
439.321684
 42
0.018045
  0
VERTEX
  8
0
 10
321.065583
 20
440.877862
 42
0.042395
  0
VERTEX
  8
0
 10
317.563717
 20
441.622410
 42
0.050462
  0
VERTEX
  8
0
 10
314.378595
 20
441.698603
 42
0.037501
  0
VERTEX
  8
0
 10
310.898333
 20
441.165891
 42
-0.019917
  0
VERTEX
  8
0
 10
306.972666
 20
440.423005
 42
-0.023338
  0
VERTEX
  8
0
 10
303.202602
 20
440.042713
 42
-0.027844
  0
VERTEX
  8
0
 10
300.466375
 20
440.047665
 42
-0.647588
  0
VERTEX
  8
0
 10
300.258924
 20
440.592257
 42
-0.113173
  0
VERTEX
  8
0
 10
302.035492
 20
441.706101
 42
-0.021312
  0
VERTEX
  8
0
 10
305.730208
 20
442.816724
 42
-0.023696
  0
VERTEX
  8
0
 10
309.845320
 20
443.659487
 42
-0.036462
  0
VERTEX
  8
0
 10
313.466567
 20
443.956107
 42
-0.027352
  0
VERTEX
  8
0
 10
315.679965
 20
443.854543
 42
-0.017474
  0
VERTEX
  8
0
 10
318.232464
 20
443.506573
 42
-0.017556
  0
VERTEX
  8
0
 10
320.717848
 20
442.988402
 42
-0.031050
  0
SEQEND
  0
POLYLINE
  8
0
 66
1
 70
1
  0
VERTEX
  8
0
 10
294.447214
 20
438.085410
 42
-0.131168
  0
VERTEX
  8
0
 10
294.564208
 20
437.697223
 42
-0.121515
  0
VERTEX
  8
0
 10
294.477402
 20
437.289880
 42
-0.105191
  0
VERTEX
  8
0
 10
294.193459
 20
436.925093
 42
-0.078815
  0
VERTEX
  8
0
 10
293.756231
 20
436.661541
 42
0.066607
  0
VERTEX
  8
0
 10
293.227976
 20
436.360363
 42
0.275046
  0
VERTEX
  8
0
 10
293.096150
 20
436.032969
 42
0.173837
  0
VERTEX
  8
0
 10
293.309647
 20
435.640545
 42
0.028195
  0
VERTEX
  8
0
 10
294.000000
 20
435.091444
 42
-0.008733
  0
VERTEX
  8
0
 10
294.870177
 20
434.452956
 42
-0.246504
  0
VERTEX
  8
0
 10
294.984971
 20
434.207172
 42
-0.380886
  0
VERTEX
  8
0
 10
294.831205
 20
434.049945
 42
-0.014702
  0
VERTEX
  8
0
 10
293.950000
 20
434.015313
 42
-0.110665
  0
VERTEX
  8
0
 10
292.574696
 20
434.309246
 42
-0.080089
  0
VERTEX
  8
0
 10
291.268947
 20
435.185077
 42
-0.081646
  0
VERTEX
  8
0
 10
290.326287
 20
436.406717
 42
-0.124201
  0
VERTEX
  8
0
 10
290.000000
 20
437.700000
 42
-0.275517
  0
VERTEX
  8
0
 10
290.508708
 20
438.553107
 42
-0.102598
  0
VERTEX
  8
0
 10
291.899523
 20
438.969549
 42
-0.090906
  0
VERTEX
  8
0
 10
293.474702
 20
438.819668
 42
-0.187410
  0
SEQEND
  0
POLYLINE
  8
0
 66
1
 70
1
  0
VERTEX
  8
0
 10
339.000000
 20
437.000000
 42
-0.041513
  0
VERTEX
  8
0
 10
340.624312
 20
435.080993
 42
-0.265452
  0
VERTEX
  8
0
 10
340.747349
 20
433.860938
 42
-0.200544
  0
VERTEX
  8
0
 10
339.727932
 20
432.898743
 42
-0.024663
  0
VERTEX
  8
0
 10
336.750000
 20
431.940306
 42
0.009891
  0
VERTEX
  8
0
 10
331.485679
 20
430.416019
 42
0.020534
  0
VERTEX
  8
0
 10
327.458609
 20
428.979312
 42
0.018390
  0
VERTEX
  8
0
 10
324.552285
 20
427.679599
 42
0.285795
  0
VERTEX
  8
0
 10
324.000000
 20
426.792292
 42
0.275310
  0
VERTEX
  8
0
 10
324.228615
 20
426.408566
 42
0.097316
  0
VERTEX
  8
0
 10
324.864156
 20
426.210468
 42
0.056279
  0
VERTEX
  8
0
 10
325.883290
 20
426.214856
 42
0.023080
  0
VERTEX
  8
0
 10
327.250000
 20
426.439479
 42
-0.002562
  0
VERTEX
  8
0
 10
334.002599
 20
427.835904
 42
-0.225404
  0
VERTEX
  8
0
 10
334.977004
 20
427.592696
 42
-0.551098
  0
VERTEX
  8
0
 10
334.904412
 20
427.012981
 42
-0.003940
  0
VERTEX
  8
0
 10
329.548366
 20
424.550283
 42
0.008658
  0
VERTEX
  8
0
 10
326.353895
 20
423.044800
 42
0.009675
  0
VERTEX
  8
0
 10
323.330816
 20
421.482190
 42
0.009072
  0
VERTEX
  8
0
 10
320.810409
 20
420.057237
 42
0.049567
  0
VERTEX
  8
0
 10
319.548366
 20
419.133655
 42
-0.012058
  0
VERTEX
  8
0
 10
317.141139
 20
417.078355
 42
-0.096261
  0
VERTEX
  8
0
 10
315.859154
 20
416.393484
 42
-0.466150
  0
VERTEX
  8
0
 10
315.354479
 20
416.719593
 42
-0.108432
  0
VERTEX
  8
0
 10
315.460254
 20
417.874771
 42
0.049476
  0
VERTEX
  8
0
 10
315.782641
 20
419.398821
 42
0.439716
  0
VERTEX
  8
0
 10
315.380142
 20
419.858708
 42
0.118283
  0
VERTEX
  8
0
 10
314.274713
 20
419.620591
 42
0.006027
  0
VERTEX
  8
0
 10
310.960162
 20
417.979676
 42
-0.009113
  0
VERTEX
  8
0
 10
308.777356
 20
416.915770
 42
-0.077580
  0
VERTEX
  8
0
 10
307.733423
 20
416.615081
 42
-0.268517
  0
VERTEX
  8
0
 10
307.216874
 20
416.832906
 42
-0.163194
  0
VERTEX
  8
0
 10
307.000000
 20
417.479676
 42
0.146032
  0
VERTEX
  8
0
 10
306.803830
 20
418.137020
 42
0.128099
  0
VERTEX
  8
0
 10
306.271138
 20
418.619482
 42
0.085211
  0
VERTEX
  8
0
 10
305.369558
 20
418.909413
 42
0.035296
  0
VERTEX
  8
0
 10
304.087898
 20
419.000000
 42
-0.045212
  0
VERTEX
  8
0
 10
302.437135
 20
419.149576
 42
-0.167130
  0
VERTEX
  8
0
 10
301.537838
 20
419.654881
 42
-0.121472
  0
VERTEX
  8
0
 10
300.978521
 20
420.713893
 42
-0.019199
  0
VERTEX
  8
0
 10
300.494157
 20
423.034586
 42
-0.024417
  0
VERTEX
  8
0
 10
300.266830
 20
424.943246
 42
-0.046563
  0
VERTEX
  8
0
 10
300.302855
 20
426.486529
 42
-0.058863
  0
VERTEX
  8
0
 10
300.597649
 20
427.723316
 42
-0.084822
  0
VERTEX
  8
0
 10
301.156259
 20
428.697101
 42
-0.092307
  0
VERTEX
  8
0
 10
303.458174
 20
430.622826
 42
-0.036646
  0
VERTEX
  8
0
 10
307.202469
 20
432.382347
 42
-0.036052
  0
VERTEX
  8
0
 10
311.085188
 20
433.557778
 42
-0.117485
  0
VERTEX
  8
0
 10
313.753474
 20
433.525738
 42
0.119611
  0
VERTEX
  8
0
 10
316.619039
 20
433.503348
 42
0.020452
  0
VERTEX
  8
0
 10
321.907683
 20
434.973727
 42
0.014825
  0
VERTEX
  8
0
 10
327.113487
 20
436.825313
 42
0.309179
  0
VERTEX
  8
0
 10
328.000000
 20
438.121925
 42
-0.325061
  0
VERTEX
  8
0
 10
328.249021
 20
438.464488
 42
-0.030244
  0
VERTEX
  8
0
 10
329.321875
 20
438.742066
 42
-0.029820
  0
VERTEX
  8
0
 10
330.775072
 20
438.936613
 42
-0.018368
  0
VERTEX
  8
0
 10
332.500000
 20
439.000000
 42
-0.026549
  0
VERTEX
  8
0
 10
334.669839
 20
438.884703
 42
-0.048119
  0
VERTEX
  8
0
 10
336.409722
 20
438.527778
 42
-0.057549
  0
VERTEX
  8
0
 10
337.822984
 20
437.907691
 42
-0.064328
  0
SEQEND
  0
POLYLINE
  8
0
 66
1
 70
1
  0
VERTEX
  8
0
 10
285.522226
 20
415.043861
 42
0.014702
  0
VERTEX
  8
0
 10
282.438546
 20
408.487281
 42
0.009803
  0
VERTEX
  8
0
 10
279.277911
 20
400.811616
 42
0.002967
  0
VERTEX
  8
0
 10
276.353484
 20
393.160203
 42
0.299372
  0
VERTEX
  8
0
 10
276.594594
 20
392.095110
 42
0.378608
  0
VERTEX
  8
0
 10
277.038996
 20
392.076189
 42
0.010705
  0
VERTEX
  8
0
 10
278.615540
 20
393.411431
 42
0.016713
  0
VERTEX
  8
0
 10
280.493879
 20
395.187961
 42
0.010059
  0
VERTEX
  8
0
 10
282.606371
 20
397.411890
 42
-0.010103
  0
VERTEX
  8
0
 10
284.677212
 20
399.591581
 42
-0.020200
  0
VERTEX
  8
0
 10
286.415622
 20
401.212375
 42
-0.023961
  0
VERTEX
  8
0
 10
287.692257
 20
402.207465
 42
-0.607949
  0
VERTEX
  8
0
 10
288.000000
 20
402.047911
 42
-0.114535
  0
VERTEX
  8
0
 10
287.812982
 20
401.242195
 42
-0.007167
  0
VERTEX
  8
0
 10
286.698398
 20
399.050623
 42
-0.010279
  0
VERTEX
  8
0
 10
285.266354
 20
396.462468
 42
-0.007433
  0
VERTEX
  8
0
 10
283.569013
 20
393.636022
 42
0.015202
  0
VERTEX
  8
0
 10
280.736391
 20
388.748617
 42
0.030049
  0
VERTEX
  8
0
 10
278.848223
 20
384.683016
 42
0.039515
  0
VERTEX
  8
0
 10
277.966203
 20
381.787823
 42
0.479214
  0
VERTEX
  8
0
 10
278.599429
 20
381.000000
 42
0.160361
  0
VERTEX
  8
0
 10
279.085840
 20
381.160120
 42
0.010214
  0
VERTEX
  8
0
 10
280.289850
 20
382.087741
 42
0.014149
  0
VERTEX
  8
0
 10
281.695715
 20
383.284385
 42
0.010006
  0
VERTEX
  8
0
 10
283.207837
 20
384.702948
 42
-0.015421
  0
VERTEX
  8
0
 10
286.188864
 20
387.439443
 42
-0.624860
  0
VERTEX
  8
0
 10
286.817103
 20
387.169981
 42
-0.143034
  0
VERTEX
  8
0
 10
286.435919
 20
385.581575
 42
-0.005810
  0
VERTEX
  8
0
 10
283.415190
 20
380.441172
 42
0.011180
  0
VERTEX
  8
0
 10
280.504017
 20
375.363125
 42
0.023897
  0
VERTEX
  8
0
 10
278.536557
 20
371.294349
 42
0.030957
  0
VERTEX
  8
0
 10
277.367564
 20
367.997244
 42
0.069821
  0
VERTEX
  8
0
 10
277.000000
 20
365.377876
 42
-0.040151
  0
VERTEX
  8
0
 10
276.926769
 20
364.467397
 42
-0.059463
  0
VERTEX
  8
0
 10
276.706250
 20
363.698501
 42
-0.078206
  0
VERTEX
  8
0
 10
276.382645
 20
363.175610
 42
-0.218511
  0
VERTEX
  8
0
 10
276.000000
 20
363.000000
 42
-0.226478
  0
VERTEX
  8
0
 10
275.617064
 20
363.182831
 42
-0.074992
  0
VERTEX
  8
0
 10
275.293750
 20
363.734375
 42
-0.057076
  0
VERTEX
  8
0
 10
275.073116
 20
364.542644
 42
-0.038131
  0
VERTEX
  8
0
 10
275.000000
 20
365.500000
 42
0.034304
  0
VERTEX
  8
0
 10
274.934226
 20
366.457568
 42
0.052338
  0
VERTEX
  8
0
 10
274.734986
 20
367.265625
 42
0.068123
  0
VERTEX
  8
0
 10
274.443930
 20
367.821483
 42
0.242703
  0
VERTEX
  8
0
 10
274.097825
 20
368.000000
 42
0.291885
  0
VERTEX
  8
0
 10
273.147981
 20
367.393868
 42
0.028159
  0
VERTEX
  8
0
 10
272.088567
 20
364.729934
 42
0.033246
  0
VERTEX
  8
0
 10
271.260400
 20
361.562544
 42
0.044119
  0
VERTEX
  8
0
 10
270.959962
 20
358.600777
 42
0.000000
  0
VERTEX
  8
0
 10
270.919925
 20
355.500000
 42
0.000000
  0
VERTEX
  8
0
 10
269.428025
 20
358.250000
 42
0.033882
  0
VERTEX
  8
0
 10
268.056815
 20
360.413910
 42
0.274634
  0
VERTEX
  8
0
 10
267.019780
 20
360.855047
 42
0.298500
  0
VERTEX
  8
0
 10
266.204508
 20
360.148584
 42
0.037671
  0
VERTEX
  8
0
 10
265.715008
 20
357.750000
 42
-0.003912
  0
VERTEX
  8
0
 10
265.443276
 20
355.731759
 42
-0.183550
  0
VERTEX
  8
0
 10
265.246531
 20
355.375624
 42
-0.515114
  0
VERTEX
  8
0
 10
265.015470
 20
355.434208
 42
-0.010528
  0
VERTEX
  8
0
 10
264.535018
 20
356.750000
 42
0.109465
  0
VERTEX
  8
0
 10
263.609793
 20
358.268923
 42
0.182070
  0
VERTEX
  8
0
 10
262.274000
 20
358.906677
 42
0.142994
  0
VERTEX
  8
0
 10
260.593101
 20
358.568002
 42
0.060678
  0
VERTEX
  8
0
 10
258.683395
 20
357.250000
 42
-0.050949
  0
VERTEX
  8
0
 10
257.528216
 20
356.419208
 42
-0.497891
  0
VERTEX
  8
0
 10
257.054328
 20
356.620816
 42
-0.083427
  0
VERTEX
  8
0
 10
256.963227
 20
357.783848
 42
-0.002791
  0
VERTEX
  8
0
 10
257.397836
 20
362.399655
 42
-0.018640
  0
VERTEX
  8
0
 10
257.804609
 20
365.355922
 42
-0.014507
  0
VERTEX
  8
0
 10
258.458924
 20
368.534334
 42
-0.014741
  0
VERTEX
  8
0
 10
259.243116
 20
371.464265
 42
-0.034129
  0
VERTEX
  8
0
 10
260.043182
 20
373.594791
 42
0.004511
  0
VERTEX
  8
0
 10
260.792882
 20
375.280638
 42
0.006446
  0
VERTEX
  8
0
 10
261.425185
 20
376.790786
 42
0.003745
  0
VERTEX
  8
0
 10
261.930565
 20
378.070402
 42
0.092425
  0
VERTEX
  8
0
 10
262.000000
 20
378.442821
 42
-0.140359
  0
VERTEX
  8
0
 10
262.105304
 20
378.810555
 42
-0.003726
  0
VERTEX
  8
0
 10
263.020911
 20
380.254093
 42
-0.007526
  0
VERTEX
  8
0
 10
264.143654
 20
381.939132
 42
-0.005047
  0
VERTEX
  8
0
 10
265.475442
 20
383.832932
 42
0.019027
  0
VERTEX
  8
0
 10
267.028167
 20
386.177552
 42
0.009248
  0
VERTEX
  8
0
 10
268.839654
 20
389.280669
 42
0.009158
  0
VERTEX
  8
0
 10
270.608571
 20
392.584419
 42
0.013052
  0
VERTEX
  8
0
 10
272.047672
 20
395.585247
 42
-0.002708
  0
VERTEX
  8
0
 10
273.300604
 20
398.342765
 42
-0.003301
  0
VERTEX
  8
0
 10
274.504234
 20
400.909416
 42
-0.002774
  0
VERTEX
  8
0
 10
275.542385
 20
403.054982
 42
-0.023168
  0
VERTEX
  8
0
 10
276.061757
 20
404.000000
 42
0.006460
  0
VERTEX
  8
0
 10
276.539169
 20
404.803834
 42
0.001754
  0
VERTEX
  8
0
 10
277.273307
 20
406.087500
 42
0.001775
  0
VERTEX
  8
0
 10
278.096078
 20
407.550001
 42
0.001843
  0
VERTEX
  8
0
 10
278.898061
 20
409.000000
 42
-0.019991
  0
VERTEX
  8
0
 10
281.235131
 20
412.885564
 42
-0.015143
  0
VERTEX
  8
0
 10
284.092796
 20
416.958937
 42
-0.006706
  0
VERTEX
  8
0
 10
286.931514
 20
420.651071
 42
-0.448770
  0
VERTEX
  8
0
 10
287.640885
 20
420.692449
 42
-0.282104
  0
VERTEX
  8
0
 10
287.735726
 20
420.297166
 42
-0.011101
  0
VERTEX
  8
0
 10
287.222131
 20
418.829574
 42
-0.016801
  0
VERTEX
  8
0
 10
286.487763
 20
417.055343
 42
-0.010747
  0
SEQEND
  0
POLYLINE
  8
0
 66
1
 70
1
  0
VERTEX
  8
0
 10
405.573318
 20
350.249439
 42
-0.014681
  0
VERTEX
  8
0
 10
411.398257
 20
346.412705
 42
-0.034653
  0
VERTEX
  8
0
 10
415.436031
 20
343.140247
 42
-0.040698
  0
VERTEX
  8
0
 10
418.582298
 20
339.688141
 42
-0.028937
  0
VERTEX
  8
0
 10
421.539341
 20
335.364650
 42
-0.031147
  0
VERTEX
  8
0
 10
424.464049
 20
329.743231
 42
-0.037512
  0
VERTEX
  8
0
 10
426.463505
 20
324.135050
 42
-0.037282
  0
VERTEX
  8
0
 10
427.611057
 20
318.261829
 42
-0.030137
  0
VERTEX
  8
0
 10
427.984687
 20
311.846093
 42
-0.008701
  0
VERTEX
  8
0
 10
427.851084
 20
304.990895
 42
-0.192482
  0
VERTEX
  8
0
 10
427.057529
 20
303.200468
 42
-0.565086
  0
VERTEX
  8
0
 10
426.063435
 20
303.460053
 42
-0.016065
  0
VERTEX
  8
0
 10
424.712500
 20
308.652258
 42
0.016244
  0
VERTEX
  8
0
 10
422.979688
 20
315.302418
 42
0.019892
  0
VERTEX
  8
0
 10
420.915808
 20
321.384143
 42
0.015456
  0
VERTEX
  8
0
 10
418.839514
 20
326.324617
 42
0.196374
  0
VERTEX
  8
0
 10
417.400561
 20
327.676532
 42
-0.104115
  0
VERTEX
  8
0
 10
416.681713
 20
328.141246
 42
-0.016540
  0
VERTEX
  8
0
 10
415.523760
 20
329.368514
 42
-0.017719
  0
VERTEX
  8
0
 10
414.239852
 20
330.931009
 42
-0.014683
  0
VERTEX
  8
0
 10
412.983346
 20
332.679784
 42
-0.005157
  0
VERTEX
  8
0
 10
411.259894
 20
335.291136
 42
-0.079612
  0
VERTEX
  8
0
 10
410.828056
 20
336.273509
 42
-0.475538
  0
VERTEX
  8
0
 10
411.082900
 20
336.621203
 42
-0.089702
  0
VERTEX
  8
0
 10
411.985180
 20
336.504704
 42
0.134375
  0
VERTEX
  8
0
 10
413.349625
 20
336.449850
 42
0.333619
  0
VERTEX
  8
0
 10
413.956295
 20
337.170389
 42
0.131426
  0
VERTEX
  8
0
 10
413.628029
 20
338.744791
 42
0.029715
  0
VERTEX
  8
0
 10
412.243411
 20
341.127999
 42
0.047915
  0
VERTEX
  8
0
 10
410.618115
 20
343.131735
 42
0.016623
  0
VERTEX
  8
0
 10
407.918604
 20
345.699058
 42
0.013996
  0
VERTEX
  8
0
 10
404.322440
 20
348.722370
 42
0.007833
  0
VERTEX
  8
0
 10
399.791807
 20
352.205462
 42
-0.071292
  0
VERTEX
  8
0
 10
398.530128
 20
353.458832
 42
-0.738109
  0
VERTEX
  8
0
 10
398.796277
 20
353.827462
 42
-0.044887
  0
VERTEX
  8
0
 10
401.496410
 20
352.634752
 42
-0.011857
  0
SEQEND
  0
POLYLINE
  8
0
 66
1
 70
1
  0
VERTEX
  8
0
 10
326.431564
 20
340.250000
 42
-0.049757
  0
VERTEX
  8
0
 10
325.344882
 20
336.374903
 42
-0.016158
  0
VERTEX
  8
0
 10
322.997258
 20
330.901018
 42
-0.016262
  0
VERTEX
  8
0
 10
320.290829
 20
325.572858
 42
-0.047283
  0
VERTEX
  8
0
 10
317.971514
 20
322.160832
 42
-0.042800
  0
VERTEX
  8
0
 10
315.972605
 20
320.128259
 42
-0.476715
  0
VERTEX
  8
0
 10
314.998824
 20
320.306960
 42
-0.226210
  0
VERTEX
  8
0
 10
314.914439
 20
321.848691
 42
-0.027264
  0
VERTEX
  8
0
 10
316.418970
 20
325.005377
 42
0.003304
  0
VERTEX
  8
0
 10
317.613717
 20
327.230947
 42
0.001303
  0
VERTEX
  8
0
 10
319.229955
 20
330.309392
 42
0.001289
  0
VERTEX
  8
0
 10
320.959218
 20
333.645011
 42
0.001612
  0
VERTEX
  8
0
 10
322.546126
 20
336.750000
 42
-0.004460
  0
VERTEX
  8
0
 10
323.986625
 20
339.529339
 42
-0.007164
  0
VERTEX
  8
0
 10
325.269819
 20
341.870313
 42
-0.002287
  0
VERTEX
  8
0
 10
326.408101
 20
343.856895
 42
-0.267603
  0
VERTEX
  8
0
 10
326.656338
 20
344.000000
 42
-0.417035
  0
VERTEX
  8
0
 10
326.802611
 20
343.852312
 42
-0.012562
  0
VERTEX
  8
0
 10
326.769454
 20
342.898438
 42
-0.017976
  0
VERTEX
  8
0
 10
326.653124
 20
341.688048
 42
-0.010553
  0
SEQEND
  0
POLYLINE
  8
0
 66
1
 70
1
  0
VERTEX
  8
0
 10
413.794329
 20
323.250000
 42
-0.026290
  0
VERTEX
  8
0
 10
414.806252
 20
320.069356
 42
-0.032137
  0
VERTEX
  8
0
 10
415.399324
 20
317.005482
 42
-0.031753
  0
VERTEX
  8
0
 10
415.553567
 20
314.578558
 42
-0.414209
  0
VERTEX
  8
0
 10
414.975000
 20
314.000000
 42
-0.211705
  0
VERTEX
  8
0
 10
414.599359
 20
314.166513
 42
-0.078714
  0
VERTEX
  8
0
 10
414.275997
 20
314.660937
 42
-0.060316
  0
VERTEX
  8
0
 10
414.049632
 20
315.388578
 42
-0.041366
  0
VERTEX
  8
0
 10
413.964565
 20
316.250000
 42
0.047186
  0
VERTEX
  8
0
 10
413.849538
 20
317.290998
 42
0.023687
  0
VERTEX
  8
0
 10
413.519732
 20
318.573438
 42
0.023286
  0
VERTEX
  8
0
 10
413.049890
 20
319.878189
 42
0.031787
  0
VERTEX
  8
0
 10
412.500000
 20
321.000000
 42
-0.018313
  0
VERTEX
  8
0
 10
411.950363
 20
322.048852
 42
-0.018436
  0
VERTEX
  8
0
 10
411.480268
 20
323.132812
 42
-0.018599
  0
VERTEX
  8
0
 10
411.141543
 20
324.105386
 42
-0.067503
  0
VERTEX
  8
0
 10
411.035435
 20
324.750000
 42
-0.156814
  0
VERTEX
  8
0
 10
411.321851
 20
325.735812
 42
-0.386408
  0
VERTEX
  8
0
 10
411.994421
 20
325.900030
 42
-0.133050
  0
VERTEX
  8
0
 10
412.951045
 20
324.986175
 42
-0.045812
  0
SEQEND
  0
POLYLINE
  8
0
 66
1
 70
1
  0
VERTEX
  8
0
 10
438.983928
 20
311.250000
 42
0.007948
  0
VERTEX
  8
0
 10
441.629474
 20
303.013280
 42
0.076910
  0
VERTEX
  8
0
 10
443.320430
 20
299.766799
 42
0.573331
  0
VERTEX
  8
0
 10
444.470076
 20
299.886882
 42
0.083277
  0
VERTEX
  8
0
 10
445.229863
 20
302.750000
 42
-0.342319
  0
VERTEX
  8
0
 10
445.962369
 20
303.531809
 42
-0.363582
  0
VERTEX
  8
0
 10
446.851961
 20
302.999610
 42
-0.031952
  0
VERTEX
  8
0
 10
448.238703
 20
297.995455
 42
-0.006644
  0
VERTEX
  8
0
 10
449.990204
 20
289.041084
 42
0.012368
  0
VERTEX
  8
0
 10
450.545831
 20
286.363557
 42
0.011613
  0
VERTEX
  8
0
 10
451.243675
 20
283.659594
 42
0.011665
  0
VERTEX
  8
0
 10
451.973965
 20
281.291421
 42
0.038719
  0
VERTEX
  8
0
 10
452.608034
 20
279.791084
 42
-0.022475
  0
VERTEX
  8
0
 10
453.102235
 20
278.720035
 42
-0.043527
  0
VERTEX
  8
0
 10
453.381048
 20
277.819881
 42
-0.068204
  0
VERTEX
  8
0
 10
453.428706
 20
277.203551
 42
-0.397029
  0
VERTEX
  8
0
 10
453.212771
 20
277.000000
 42
-0.193635
  0
VERTEX
  8
0
 10
452.124815
 20
277.437747
 42
-0.013993
  0
VERTEX
  8
0
 10
449.804766
 20
279.793615
 42
-0.020114
  0
VERTEX
  8
0
 10
447.421088
 20
282.569493
 42
-0.025930
  0
VERTEX
  8
0
 10
445.475347
 20
285.309668
 42
0.020682
  0
VERTEX
  8
0
 10
444.584418
 20
286.592657
 42
0.096966
  0
VERTEX
  8
0
 10
443.917567
 20
287.188403
 42
0.230001
  0
VERTEX
  8
0
 10
443.376302
 20
287.233799
 42
0.163626
  0
VERTEX
  8
0
 10
442.900267
 20
286.838629
 42
-0.162422
  0
VERTEX
  8
0
 10
442.191296
 20
286.247277
 42
-0.384826
  0
VERTEX
  8
0
 10
441.599733
 20
286.470994
 42
-0.054774
  0
VERTEX
  8
0
 10
440.986535
 20
288.075288
 42
-0.003424
  0
VERTEX
  8
0
 10
439.735333
 20
293.000000
 42
-0.024676
  0
VERTEX
  8
0
 10
438.649056
 20
298.569817
 42
-0.009774
  0
VERTEX
  8
0
 10
437.686468
 20
306.310387
 42
-0.002788
  0
VERTEX
  8
0
 10
436.886482
 20
314.397706
 42
-0.441729
  0
VERTEX
  8
0
 10
437.435202
 20
315.000000
 42
-0.294096
  0
VERTEX
  8
0
 10
437.638115
 20
314.869348
 42
-0.008754
  0
VERTEX
  8
0
 10
438.059139
 20
313.898438
 42
-0.014828
  0
VERTEX
  8
0
 10
438.517743
 20
312.687417
 42
-0.009366
  0
SEQEND
  0
POLYLINE
  8
0
 66
1
 70
1
  0
VERTEX
  8
0
 10
336.294451
 20
299.320077
 42
0.048061
  0
VERTEX
  8
0
 10
335.416069
 20
296.855361
 42
0.032346
  0
VERTEX
  8
0
 10
334.875948
 20
293.914419
 42
0.022070
  0
VERTEX
  8
0
 10
334.586672
 20
289.949500
 42
0.007136
  0
VERTEX
  8
0
 10
334.501751
 20
284.062920
 42
0.000000
  0
VERTEX
  8
0
 10
334.500000
 20
272.625841
 42
0.000000
  0
VERTEX
  8
0
 10
329.843072
 20
267.949093
 42
-0.016553
  0
VERTEX
  8
0
 10
327.086731
 20
265.358456
 42
-0.059228
  0
VERTEX
  8
0
 10
325.098540
 20
263.989500
 42
-0.069106
  0
VERTEX
  8
0
 10
323.009139
 20
263.234649
 42
-0.028232
  0
VERTEX
  8
0
 10
320.018580
 20
262.775807
 42
0.072616
  0
VERTEX
  8
0
 10
315.054440
 20
261.556940
 42
0.071362
  0
VERTEX
  8
0
 10
310.613407
 20
258.965394
 42
0.076699
  0
VERTEX
  8
0
 10
307.349208
 20
255.440238
 42
0.110850
  0
VERTEX
  8
0
 10
305.806944
 20
251.500000
 42
0.220531
  0
VERTEX
  8
0
 10
306.218226
 20
250.079514
 42
0.148860
  0
VERTEX
  8
0
 10
307.671541
 20
249.169769
 42
0.117828
  0
VERTEX
  8
0
 10
309.680039
 20
249.111143
 42
0.122439
  0
VERTEX
  8
0
 10
311.466014
 20
249.971794
 42
-0.044520
  0
VERTEX
  8
0
 10
312.114995
 20
250.419360
 42
-0.119685
  0
VERTEX
  8
0
 10
312.650756
 20
250.571406
 42
-0.161933
  0
VERTEX
  8
0
 10
313.095765
 20
250.442096
 42
-0.103707
  0
VERTEX
  8
0
 10
313.469989
 20
250.048558
 42
0.226447
  0
VERTEX
  8
0
 10
314.169085
 20
249.598643
 42
0.010157
  0
VERTEX
  8
0
 10
317.096286
 20
249.286761
 42
0.014222
  0
VERTEX
  8
0
 10
320.885286
 20
249.069065
 42
0.007238
  0
VERTEX
  8
0
 10
325.656248
 20
249.000000
 42
0.000000
  0
VERTEX
  8
0
 10
337.194461
 20
249.000000
 42
0.000000
  0
VERTEX
  8
0
 10
343.847231
 20
255.367668
 42
-0.007049
  0
VERTEX
  8
0
 10
346.559285
 20
257.891212
 42
-0.008230
  0
VERTEX
  8
0
 10
349.206687
 20
260.207791
 42
-0.007408
  0
VERTEX
  8
0
 10
351.501892
 20
262.092771
 42
-0.048565
  0
VERTEX
  8
0
 10
352.750000
 20
262.902851
 42
0.064991
  0
VERTEX
  8
0
 10
353.657142
 20
263.534778
 42
0.064014
  0
VERTEX
  8
0
 10
354.376991
 20
264.381315
 42
0.066066
  0
VERTEX
  8
0
 10
354.841345
 20
265.355255
 42
0.078400
  0
VERTEX
  8
0
 10
355.000000
 20
266.360870
 42
-0.078029
  0
VERTEX
  8
0
 10
355.161692
 20
267.390657
 42
-0.040356
  0
VERTEX
  8
0
 10
355.660937
 20
268.597800
 42
-0.038867
  0
VERTEX
  8
0
 10
356.388949
 20
269.783835
 42
-0.047467
  0
VERTEX
  8
0
 10
357.250000
 20
270.759501
 42
-0.061056
  0
VERTEX
  8
0
 10
360.355422
 20
273.027971
 42
-0.022075
  0
VERTEX
  8
0
 10
365.247753
 20
275.481137
 42
-0.022407
  0
VERTEX
  8
0
 10
370.471882
 20
277.542577
 42
-0.045578
  0
VERTEX
  8
0
 10
374.755441
 20
278.590577
 42
0.016877
  0
VERTEX
  8
0
 10
376.429913
 20
278.899781
 42
0.022255
  0
VERTEX
  8
0
 10
377.929603
 20
279.300103
 42
0.020492
  0
VERTEX
  8
0
 10
379.120427
 20
279.729850
 42
0.158792
  0
VERTEX
  8
0
 10
379.566119
 20
280.106984
 42
0.238309
  0
VERTEX
  8
0
 10
379.615592
 20
280.682959
 42
0.019435
  0
VERTEX
  8
0
 10
378.978074
 20
282.106437
 42
0.022786
  0
VERTEX
  8
0
 10
378.030342
 20
283.818798
 42
0.015409
  0
VERTEX
  8
0
 10
376.803823
 20
285.683212
 42
-0.011918
  0
VERTEX
  8
0
 10
375.357318
 20
287.848940
 42
-0.007119
  0
VERTEX
  8
0
 10
373.736123
 20
290.488502
 42
-0.007124
  0
VERTEX
  8
0
 10
372.195652
 20
293.164682
 42
-0.012259
  0
VERTEX
  8
0
 10
371.000000
 20
295.441616
 42
0.000000
  0
VERTEX
  8
0
 10
368.500000
 20
300.500000
 42
0.000000
  0
VERTEX
  8
0
 10
356.500000
 20
301.090439
 42
-0.004327
  0
VERTEX
  8
0
 10
351.670498
 20
301.369984
 42
-0.005029
  0
VERTEX
  8
0
 10
347.082856
 20
301.721767
 42
-0.004495
  0
VERTEX
  8
0
 10
343.208880
 20
302.093165
 42
-0.029789
  0
VERTEX
  8
0
 10
341.292700
 20
302.410515
 42
0.033727
  0
VERTEX
  8
0
 10
339.364140
 20
302.714342
 42
0.162046
  0
VERTEX
  8
0
 10
338.296635
 20
302.461609
 42
0.127537
  0
VERTEX
  8
0
 10
337.454660
 20
301.581613
 42
0.017807
  0
SEQEND
  0
POLYLINE
  8
0
 66
1
 70
1
  0
VERTEX
  8
0
 10
732.047144
 20
454.576281
 42
-0.057075
  0
VERTEX
  8
0
 10
728.027806
 20
449.477908
 42
-0.015023
  0
VERTEX
  8
0
 10
720.476415
 20
442.313237
 42
-0.015906
  0
VERTEX
  8
0
 10
712.206046
 20
435.385678
 42
-0.034293
  0
VERTEX
  8
0
 10
705.339196
 20
430.718970
 42
-0.023309
  0
VERTEX
  8
0
 10
695.143394
 20
425.388437
 42
-0.026573
  0
VERTEX
  8
0
 10
684.924999
 20
421.283478
 42
-0.023783
  0
VERTEX
  8
0
 10
673.414202
 20
417.957289
 42
-0.013478
  0
VERTEX
  8
0
 10
659.209727
 20
414.977372
 42
-0.002123
  0
VERTEX
  8
0
 10
649.666705
 20
413.284297
 42
-0.071607
  0
VERTEX
  8
0
 10
647.363769
 20
413.218938
 42
-0.665224
  0
VERTEX
  8
0
 10
647.166763
 20
413.898433
 42
-0.024931
  0
VERTEX
  8
0
 10
650.091354
 20
416.026906
 42
0.030015
  0
VERTEX
  8
0
 10
652.094315
 20
417.515988
 42
0.017324
  0
VERTEX
  8
0
 10
654.325381
 20
419.528517
 42
0.017270
  0
VERTEX
  8
0
 10
656.432297
 20
421.711493
 42
0.027590
  0
VERTEX
  8
0
 10
658.057628
 20
423.729776
 42
0.023748
  0
VERTEX
  8
0
 10
659.813923
 20
426.438057
 42
0.049119
  0
VERTEX
  8
0
 10
660.863432
 20
428.728473
 42
0.046990
  0
VERTEX
  8
0
 10
661.472659
 20
431.244154
 42
0.020027
  0
VERTEX
  8
0
 10
661.831416
 20
434.693385
 42
0.013058
  0
VERTEX
  8
0
 10
662.078339
 20
441.279354
 42
0.371834
  0
VERTEX
  8
0
 10
661.060923
 20
442.485744
 42
0.232990
  0
VERTEX
  8
0
 10
659.196582
 20
441.909802
 42
0.006990
  0
VERTEX
  8
0
 10
653.192657
 20
436.071445
 42
-0.013108
  0
VERTEX
  8
0
 10
648.597075
 20
431.710702
 42
-0.029424
  0
VERTEX
  8
0
 10
644.841796
 20
428.710189
 42
-0.028860
  0
VERTEX
  8
0
 10
640.715567
 20
426.137007
 42
-0.012159
  0
VERTEX
  8
0
 10
634.903169
 20
423.143565
 42
-0.013178
  0
VERTEX
  8
0
 10
630.299152
 20
421.060350
 42
-0.009484
  0
VERTEX
  8
0
 10
625.059056
 20
418.969870
 42
-0.009588
  0
VERTEX
  8
0
 10
619.994864
 20
417.170223
 42
-0.020376
  0
VERTEX
  8
0
 10
616.000000
 20
416.014879
 42
0.006861
  0
VERTEX
  8
0
 10
608.622860
 20
414.095769
 42
0.036193
  0
VERTEX
  8
0
 10
604.683979
 20
412.699878
 42
0.059217
  0
VERTEX
  8
0
 10
601.936604
 20
411.085604
 42
0.041509
  0
VERTEX
  8
0
 10
599.265394
 20
408.683060
 42
0.047068
  0
VERTEX
  8
0
 10
597.095346
 20
405.894274
 42
0.043635
  0
VERTEX
  8
0
 10
595.421641
 20
402.679259
 42
0.044445
  0
VERTEX
  8
0
 10
594.357771
 20
399.287411
 42
0.053828
  0
VERTEX
  8
0
 10
594.000000
 20
395.973765
 42
0.051493
  0
VERTEX
  8
0
 10
594.165394
 20
394.372037
 42
0.007558
  0
VERTEX
  8
0
 10
594.881250
 20
391.184384
 42
0.008468
  0
VERTEX
  8
0
 10
595.851383
 20
387.431384
 42
0.007180
  0
VERTEX
  8
0
 10
597.000000
 20
383.500000
 42
-0.022173
  0
VERTEX
  8
0
 10
599.165068
 20
375.169688
 42
-0.046754
  0
VERTEX
  8
0
 10
599.940700
 20
368.541906
 42
-0.057845
  0
VERTEX
  8
0
 10
599.413819
 20
362.862407
 42
-0.059154
  0
VERTEX
  8
0
 10
597.599584
 20
357.500000
 42
-0.007891
  0
VERTEX
  8
0
 10
596.582505
 20
355.448126
 42
-0.007756
  0
VERTEX
  8
0
 10
595.495524
 20
353.417495
 42
-0.007666
  0
VERTEX
  8
0
 10
594.488106
 20
351.667457
 42
-0.029096
  0
VERTEX
  8
0
 10
593.780188
 20
350.623388
 42
-0.149425
  0
VERTEX
  8
0
 10
592.366758
 20
349.614045
 42
-0.176511
  0
VERTEX
  8
0
 10
590.733059
 20
349.656441
 42
-0.070108
  0
VERTEX
  8
0
 10
588.372881
 20
350.993269
 42
-0.010165
  0
VERTEX
  8
0
 10
584.051456
 20
354.457010
 42
-0.007106
  0
VERTEX
  8
0
 10
581.797907
 20
356.394837
 42
-0.075582
  0
VERTEX
  8
0
 10
581.024926
 20
357.320989
 42
-0.416181
  0
VERTEX
  8
0
 10
581.141631
 20
357.789485
 42
-0.135293
  0
VERTEX
  8
0
 10
581.905386
 20
358.000000
 42
0.025594
  0
VERTEX
  8
0
 10
582.708045
 20
358.041113
 42
0.040552
  0
VERTEX
  8
0
 10
583.384707
 20
358.166631
 42
0.048828
  0
VERTEX
  8
0
 10
583.863979
 20
358.348154
 42
0.285164
  0
VERTEX
  8
0
 10
584.000000
 20
358.567256
 42
0.168773
  0
VERTEX
  8
0
 10
583.623982
 20
359.649499
 42
0.004172
  0
VERTEX
  8
0
 10
580.288483
 20
363.798474
 42
0.009472
  0
VERTEX
  8
0
 10
576.541695
 20
368.207095
 42
0.010238
  0
VERTEX
  8
0
 10
572.724349
 20
372.355658
 42
0.000000
  0
VERTEX
  8
0
 10
567.948699
 20
377.337015
 42
0.000000
  0
VERTEX
  8
0
 10
570.410731
 20
379.918508
 42
0.047164
  0
VERTEX
  8
0
 10
572.135191
 20
382.106555
 42
0.029989
  0
VERTEX
  8
0
 10
573.728908
 20
384.934181
 42
0.023157
  0
VERTEX
  8
0
 10
574.892324
 20
387.633263
 42
0.294624
  0
VERTEX
  8
0
 10
574.670287
 20
388.663047
 42
0.241942
  0
VERTEX
  8
0
 10
574.337586
 20
388.769854
 42
0.005643
  0
VERTEX
  8
0
 10
572.667042
 20
388.473779
 42
0.011251
  0
VERTEX
  8
0
 10
570.678582
 20
388.051621
 42
0.007237
  0
VERTEX
  8
0
 10
568.392308
 20
387.477152
 42
-0.022890
  0
VERTEX
  8
0
 10
565.222821
 20
386.785430
 42
-0.025121
  0
VERTEX
  8
0
 10
562.100153
 20
386.412473
 42
-0.023162
  0
VERTEX
  8
0
 10
558.744772
 20
386.337546
 42
-0.014948
  0
VERTEX
  8
0
 10
554.862060
 20
386.546955
 42
0.029076
  0
VERTEX
  8
0
 10
547.492485
 20
386.735948
 42
0.047252
  0
VERTEX
  8
0
 10
541.286002
 20
385.943904
 42
0.055883
  0
VERTEX
  8
0
 10
536.157424
 20
384.169960
 42
0.072640
  0
VERTEX
  8
0
 10
532.030652
 20
381.408727
 42
-0.010678
  0
VERTEX
  8
0
 10
530.521370
 20
380.102622
 42
-0.014711
  0
VERTEX
  8
0
 10
529.107785
 20
378.999675
 42
-0.011300
  0
VERTEX
  8
0
 10
527.898743
 20
378.153641
 42
-0.146438
  0
VERTEX
  8
0
 10
527.378799
 20
377.994423
 42
0.068847
  0
VERTEX
  8
0
 10
524.754913
 20
377.614427
 42
0.031031
  0
VERTEX
  8
0
 10
521.472613
 20
376.441005
 42
0.030969
  0
VERTEX
  8
0
 10
518.380495
 20
374.880797
 42
0.073675
  0
VERTEX
  8
0
 10
516.377288
 20
373.273091
 42
0.093530
  0
VERTEX
  8
0
 10
514.868174
 20
370.870776
 42
0.062192
  0
VERTEX
  8
0
 10
514.060670
 20
367.710303
 42
0.063263
  0
VERTEX
  8
0
 10
514.062047
 20
364.520355
 42
0.109736
  0
VERTEX
  8
0
 10
514.955036
 20
362.038512
 42
0.100590
  0
VERTEX
  8
0
 10
515.529418
 20
361.439595
 42
0.253724
  0
VERTEX
  8
0
 10
516.110840
 20
361.376063
 42
0.113444
  0
VERTEX
  8
0
 10
516.834103
 20
361.885932
 42
0.016080
  0
VERTEX
  8
0
 10
518.012304
 20
363.288512
 42
-0.092022
  0
VERTEX
  8
0
 10
520.016608
 20
365.049091
 42
-0.097747
  0
VERTEX
  8
0
 10
522.477964
 20
365.926272
 42
-0.086878
  0
VERTEX
  8
0
 10
525.326167
 20
365.852634
 42
-0.057151
  0
VERTEX
  8
0
 10
528.452947
 20
364.839485
 42
-0.031956
  0
VERTEX
  8
0
 10
530.552257
 20
363.715914
 42
-0.374934
  0
VERTEX
  8
0
 10
530.803865
 20
362.896916
 42
-0.234112
  0
VERTEX
  8
0
 10
529.962900
 20
362.200726
 42
-0.018249
  0
VERTEX
  8
0
 10
527.017102
 20
361.618725
 42
0.077260
  0
VERTEX
  8
0
 10
523.840171
 20
360.591327
 42
0.100395
  0
VERTEX
  8
0
 10
521.442504
 20
358.703013
 42
0.138877
  0
VERTEX
  8
0
 10
520.438151
 20
356.498989
 42
0.214269
  0
VERTEX
  8
0
 10
520.988903
 20
354.513371
 42
0.046963
  0
VERTEX
  8
0
 10
521.743267
 20
353.760790
 42
0.174710
  0
VERTEX
  8
0
 10
522.365078
 20
353.537729
 42
0.130981
  0
VERTEX
  8
0
 10
523.097175
 20
353.734034
 42
0.022143
  0
VERTEX
  8
0
 10
524.329699
 20
354.518377
 42
-0.074039
  0
VERTEX
  8
0
 10
525.471901
 20
355.088844
 42
-0.026259
  0
VERTEX
  8
0
 10
527.240380
 20
355.564773
 42
-0.025385
  0
VERTEX
  8
0
 10
529.266304
 20
355.890936
 42
-0.027223
  0
VERTEX
  8
0
 10
531.267961
 20
356.000000
 42
-0.023443
  0
VERTEX
  8
0
 10
533.770744
 20
355.882591
 42
-0.056509
  0
VERTEX
  8
0
 10
535.582630
 20
355.502740
 42
-0.067874
  0
VERTEX
  8
0
 10
537.057234
 20
354.781146
 42
-0.048731
  0
VERTEX
  8
0
 10
538.475957
 20
353.614952
 42
-0.082591
  0
VERTEX
  8
0
 10
540.532429
 20
350.737970
 42
-0.051201
  0
VERTEX
  8
0
 10
541.973370
 20
346.832635
 42
-0.048022
  0
VERTEX
  8
0
 10
542.666231
 20
342.403900
 42
-0.049013
  0
VERTEX
  8
0
 10
542.493853
 20
337.955303
 42
0.024419
  0
VERTEX
  8
0
 10
541.833142
 20
330.453750
 42
0.029924
  0
VERTEX
  8
0
 10
541.979521
 20
323.420014
 42
0.054783
  0
VERTEX
  8
0
 10
542.792712
 20
319.193838
 42
0.643959
  0
VERTEX
  8
0
 10
544.022723
 20
319.036767
 42
-0.399653
  0
VERTEX
  8
0
 10
544.408957
 20
319.138194
 42
-0.169625
  0
VERTEX
  8
0
 10
544.800635
 20
318.701524
 42
-0.049460
  0
VERTEX
  8
0
 10
545.183675
 20
317.446592
 42
-0.013783
  0
VERTEX
  8
0
 10
545.531416
 20
315.418895
 42
0.034923
  0
VERTEX
  8
0
 10
546.610005
 20
310.410021
 42
0.035140
  0
VERTEX
  8
0
 10
548.373670
 20
305.610735
 42
0.037366
  0
VERTEX
  8
0
 10
550.632380
 20
301.447687
 42
0.061195
  0
VERTEX
  8
0
 10
553.195552
 20
298.367566
 42
0.000000
  0
VERTEX
  8
0
 10
556.245967
 20
295.500000
 42
0.000000
  0
VERTEX
  8
0
 10
555.545698
 20
300.356782
 42
-0.011093
  0
VERTEX
  8
0
 10
555.277410
 20
302.562971
 42
-0.047171
  0
VERTEX
  8
0
 10
555.271364
 20
303.890251
 42
-0.147669
  0
VERTEX
  8
0
 10
555.507417
 20
304.476249
 42
-0.378749
  0
VERTEX
  8
0
 10
555.922714
 20
304.547765
 42
-0.084854
  0
VERTEX
  8
0
 10
556.335063
 20
304.184003
 42
-0.053423
  0
VERTEX
  8
0
 10
556.683547
 20
303.642553
 42
-0.051837
  0
VERTEX
  8
0
 10
556.920126
 20
303.016964
 42
-0.064581
  0
VERTEX
  8
0
 10
557.000000
 20
302.401145
 42
0.104114
  0
VERTEX
  8
0
 10
557.471806
 20
300.159901
 42
0.019517
  0
VERTEX
  8
0
 10
559.321434
 20
296.369573
 42
0.021968
  0
VERTEX
  8
0
 10
561.602433
 20
292.537814
 42
0.043045
  0
VERTEX
  8
0
 10
563.797110
 20
289.750000
 42
0.020036
  0
VERTEX
  8
0
 10
565.696653
 20
287.879171
 42
0.104225
  0
VERTEX
  8
0
 10
566.958692
 20
287.139692
 42
0.326963
  0
VERTEX
  8
0
 10
567.682791
 20
287.371398
 42
0.158582
  0
VERTEX
  8
0
 10
568.000000
 20
288.346390
 42
-0.510851
  0
VERTEX
  8
0
 10
568.312134
 20
288.572167
 42
-0.057611
  0
VERTEX
  8
0
 10
569.248438
 20
288.138831
 42
-0.033841
  0
VERTEX
  8
0
 10
570.617674
 20
287.169130
 42
-0.016041
  0
VERTEX
  8
0
 10
572.250000
 20
285.749132
 42
0.024982
  0
VERTEX
  8
0
 10
574.387600
 20
283.955690
 42
0.010998
  0
VERTEX
  8
0
 10
577.379848
 20
281.791719
 42
0.010853
  0
VERTEX
  8
0
 10
580.660111
 20
279.631221
 42
0.014320
  0
VERTEX
  8
0
 10
583.745226
 20
277.814976
 42
-0.007551
  0
VERTEX
  8
0
 10
588.470803
 20
275.118436
 42
-0.039284
  0
VERTEX
  8
0
 10
590.925399
 20
273.394933
 42
-0.235093
  0
VERTEX
  8
0
 10
591.317200
 20
272.513554
 42
-0.401528
  0
VERTEX
  8
0
 10
590.780805
 20
272.000000
 42
-0.107303
  0
VERTEX
  8
0
 10
588.700256
 20
272.451698
 42
-0.004900
  0
VERTEX
  8
0
 10
582.069070
 20
275.552282
 42
-0.008395
  0
VERTEX
  8
0
 10
575.666786
 20
278.755951
 42
-0.034519
  0
VERTEX
  8
0
 10
571.970888
 20
281.020730
 42
0.011353
  0
VERTEX
  8
0
 10
569.616270
 20
282.618065
 42
0.166151
  0
VERTEX
  8
0
 10
568.656616
 20
282.857053
 42
0.344020
  0
VERTEX
  8
0
 10
568.135877
 20
282.373976
 42
0.040077
  0
VERTEX
  8
0
 10
568.000000
 20
280.681501
 42
-0.060277
  0
VERTEX
  8
0
 10
567.576639
 20
277.182467
 42
-0.024321
  0
VERTEX
  8
0
 10
566.201136
 20
272.563792
 42
-0.024055
  0
VERTEX
  8
0
 10
564.260839
 20
267.791786
 42
-0.032758
  0
VERTEX
  8
0
 10
562.035014
 20
263.715272
 42
0.013096
  0
VERTEX
  8
0
 10
560.119615
 20
260.513213
 42
0.049156
  0
VERTEX
  8
0
 10
559.177311
 20
258.372469
 42
0.264681
  0
VERTEX
  8
0
 10
559.334745
 20
257.600085
 42
0.366673
  0
VERTEX
  8
0
 10
560.000000
 20
257.500000
 42
-0.282078
  0
VERTEX
  8
0
 10
560.714517
 20
257.502648
 42
-0.375801
  0
VERTEX
  8
0
 10
560.900539
 20
256.913184
 42
-0.067601
  0
VERTEX
  8
0
 10
559.903060
 20
255.279861
 42
-0.033922
  0
VERTEX
  8
0
 10
558.250000
 20
253.509220
 42
-0.048523
  0
VERTEX
  8
0
 10
555.505451
 20
251.401329
 42
-0.097601
  0
VERTEX
  8
0
 10
552.963546
 20
250.434712
 42
-0.092838
  0
VERTEX
  8
0
 10
550.160124
 20
250.480538
 42
-0.040853
  0
VERTEX
  8
0
 10
546.583980
 20
251.521078
 42
0.024940
  0
VERTEX
  8
0
 10
544.549149
 20
252.183990
 42
0.030020
  0
VERTEX
  8
0
 10
542.579913
 20
252.593534
 42
0.033220
  0
VERTEX
  8
0
 10
540.815837
 20
252.732497
 42
0.064615
  0
VERTEX
  8
0
 10
539.415238
 20
252.568082
 42
0.089672
  0
VERTEX
  8
0
 10
536.730049
 20
251.353554
 42
0.046597
  0
VERTEX
  8
0
 10
533.900059
 20
248.985506
 42
0.046477
  0
VERTEX
  8
0
 10
531.675341
 20
246.279082
 42
0.149891
  0
VERTEX
  8
0
 10
531.000000
 20
244.076923
 42
0.036624
  0
VERTEX
  8
0
 10
531.109479
 20
242.584301
 42
0.314810
  0
VERTEX
  8
0
 10
531.543975
 20
242.123852
 42
0.180115
  0
VERTEX
  8
0
 10
532.348489
 20
242.247085
 42
0.013490
  0
VERTEX
  8
0
 10
534.285183
 20
243.395875
 42
-0.022129
  0
VERTEX
  8
0
 10
535.314233
 20
243.982489
 42
-0.013244
  0
VERTEX
  8
0
 10
536.583773
 20
244.591636
 42
-0.013249
  0
VERTEX
  8
0
 10
537.882198
 20
245.132034
 42
-0.022369
  0
VERTEX
  8
0
 10
539.000000
 20
245.506387
 42
-0.032373
  0
VERTEX
  8
0
 10
540.263520
 20
245.780596
 42
-0.593408
  0
VERTEX
  8
0
 10
540.460474
 20
245.520796
 42
-0.095940
  0
VERTEX
  8
0
 10
539.975609
 20
244.832570
 42
-0.003871
  0
VERTEX
  8
0
 10
537.750000
 20
242.725642
 42
0.022740
  0
VERTEX
  8
0
 10
535.861513
 20
240.797677
 42
0.060278
  0
VERTEX
  8
0
 10
534.759361
 20
239.217962
 42
0.073594
  0
VERTEX
  8
0
 10
534.190036
 20
237.617880
 42
0.048768
  0
VERTEX
  8
0
 10
534.000000
 20
235.674147
 42
0.039258
  0
VERTEX
  8
0
 10
534.190318
 20
233.253949
 42
0.119280
  0
VERTEX
  8
0
 10
534.820132
 20
231.740686
 42
0.386910
  0
VERTEX
  8
0
 10
535.603976
 20
231.581281
 42
0.168229
  0
VERTEX
  8
0
 10
536.348414
 20
232.465568
 42
-0.126242
  0
VERTEX
  8
0
 10
537.421752
 20
233.976807
 42
-0.011759
  0
VERTEX
  8
0
 10
541.010845
 20
236.870636
 42
-0.007348
  0
VERTEX
  8
0
 10
544.824059
 20
239.711813
 42
-0.368163
  0
VERTEX
  8
0
 10
545.690905
 20
239.642429
 42
-0.283641
  0
VERTEX
  8
0
 10
545.758474
 20
239.357236
 42
-0.015807
  0
VERTEX
  8
0
 10
545.430072
 20
238.462411
 42
-0.020520
  0
VERTEX
  8
0
 10
544.937007
 20
237.371176
 42
-0.013203
  0
VERTEX
  8
0
 10
544.281223
 20
236.147086
 42
0.021252
  0
VERTEX
  8
0
 10
543.318391
 20
234.278220
 42
0.096505
  0
VERTEX
  8
0
 10
543.027667
 20
233.094419
 42
0.109127
  0
VERTEX
  8
0
 10
543.220836
 20
231.962231
 42
0.030921
  0
VERTEX
  8
0
 10
544.000000
 20
230.341819
 42
0.043699
  0
VERTEX
  8
0
 10
545.321574
 20
228.399135
 42
0.110539
  0
VERTEX
  8
0
 10
546.657507
 20
227.349623
 42
0.299353
  0
VERTEX
  8
0
 10
547.565183
 20
227.473844
 42
0.216558
  0
VERTEX
  8
0
 10
548.000000
 20
228.430691
 42
-0.124969
  0
VERTEX
  8
0
 10
548.599043
 20
230.790018
 42
-0.040134
  0
VERTEX
  8
0
 10
550.586906
 20
233.840593
 42
-0.040519
  0
VERTEX
  8
0
 10
553.157635
 20
236.663133
 42
-0.076672
  0
VERTEX
  8
0
 10
555.694727
 20
238.391468
 42
-0.111655
  0
VERTEX
  8
0
 10
559.490578
 20
239.250585
 42
-0.088172
  0
VERTEX
  8
0
 10
563.648108
 20
238.512505
 42
-0.101090
  0
VERTEX
  8
0
 10
566.850833
 20
236.535292
 42
-0.206935
  0
VERTEX
  8
0
 10
568.000000
 20
233.877555
 42
0.158604
  0
VERTEX
  8
0
 10
568.441882
 20
232.519557
 42
0.282310
  0
VERTEX
  8
0
 10
569.491653
 20
232.086419
 42
0.150229
  0
VERTEX
  8
0
 10
570.982039
 20
232.819647
 42
0.058899
  0
VERTEX
  8
0
 10
572.469758
 20
234.594189
 42
0.091555
  0
VERTEX
  8
0
 10
573.614339
 20
237.320832
 42
0.145891
  0
VERTEX
  8
0
 10
573.426512
 20
239.823764
 42
0.125383
  0
VERTEX
  8
0
 10
571.836204
 20
242.079368
 42
0.058939
  0
VERTEX
  8
0
 10
568.850307
 20
244.076368
 42
0.000000
  0
VERTEX
  8
0
 10
564.732614
 20
246.177058
 42
0.000000
  0
VERTEX
  8
0
 10
566.776282
 20
248.220727
 42
0.000000
  0
VERTEX
  8
0
 10
568.819951
 20
250.264395
 42
0.000000
  0
VERTEX
  8
0
 10
571.967551
 20
248.023106
 42
0.030817
  0
VERTEX
  8
0
 10
573.941707
 20
246.793199
 42
0.127809
  0
VERTEX
  8
0
 10
575.294009
 20
246.460392
 42
0.238719
  0
VERTEX
  8
0
 10
576.160284
 20
246.913145
 42
0.121848
  0
VERTEX
  8
0
 10
576.625000
 20
248.083333
 42
-0.002337
  0
VERTEX
  8
0
 10
576.681970
 20
248.487016
 42
-0.001619
  0
VERTEX
  8
0
 10
576.750000
 20
248.942965
 42
-0.001632
  0
VERTEX
  8
0
 10
576.818199
 20
249.380536
 42
-0.003358
  0
VERTEX
  8
0
 10
576.875000
 20
249.722506
 42
-0.484607
  0
VERTEX
  8
0
 10
577.048661
 20
249.816695
 42
-0.080877
  0
VERTEX
  8
0
 10
577.420563
 20
249.579915
 42
-0.039935
  0
VERTEX
  8
0
 10
577.949815
 20
249.025985
 42
-0.017947
  0
VERTEX
  8
0
 10
578.556704
 20
248.222506
 42
0.052447
  0
VERTEX
  8
0
 10
579.296151
 20
247.372257
 42
0.046140
  0
VERTEX
  8
0
 10
580.226969
 20
246.652861
 42
0.048718
  0
VERTEX
  8
0
 10
581.199260
 20
246.160925
 42
0.093028
  0
VERTEX
  8
0
 10
582.056704
 20
246.000000
 42
0.094988
  0
VERTEX
  8
0
 10
583.023009
 20
246.185247
 42
0.175209
  0
VERTEX
  8
0
 10
583.614013
 20
246.709603
 42
0.103070
  0
VERTEX
  8
0
 10
583.919111
 20
247.721769
 42
0.021842
  0
VERTEX
  8
0
 10
584.000000
 20
249.572580
 42
0.000000
  0
VERTEX
  8
0
 10
584.000000
 20
253.145160
 42
0.000000
  0
VERTEX
  8
0
 10
586.617537
 20
251.086205
 42
0.048756
  0
VERTEX
  8
0
 10
588.874403
 20
249.642544
 42
0.313207
  0
VERTEX
  8
0
 10
590.145694
 20
249.815748
 42
0.219040
  0
VERTEX
  8
0
 10
590.741996
 20
251.237768
 42
0.028669
  0
VERTEX
  8
0
 10
590.434433
 20
254.588668
 42
-0.033666
  0
VERTEX
  8
0
 10
590.214955
 20
257.274233
 42
-0.140589
  0
VERTEX
  8
0
 10
590.635782
 20
258.824245
 42
-0.413924
  0
VERTEX
  8
0
 10
591.461894
 20
259.027667
 42
-0.118996
  0
VERTEX
  8
0
 10
592.500000
 20
258.000000
 42
0.115038
  0
VERTEX
  8
0
 10
593.340652
 20
257.154702
 42
0.324785
  0
VERTEX
  8
0
 10
594.125174
 20
257.208912
 42
0.147264
  0
VERTEX
  8
0
 10
594.799949
 20
258.235911
 42
0.032012
  0
VERTEX
  8
0
 10
595.278055
 20
260.326023
 42
-0.032178
  0
VERTEX
  8
0
 10
595.621818
 20
261.826551
 42
-0.018130
  0
VERTEX
  8
0
 10
596.219953
 20
263.597037
 42
-0.018037
  0
VERTEX
  8
0
 10
596.956001
 20
265.347103
 42
-0.028054
  0
VERTEX
  8
0
 10
597.726585
 20
266.790801
 42
0.000000
  0
VERTEX
  8
0
 10
599.635375
 20
269.929556
 42
0.000000
  0
VERTEX
  8
0
 10
605.296756
 20
263.214778
 42
-0.014278
  0
VERTEX
  8
0
 10
607.559994
 20
260.369390
 42
-0.020785
  0
VERTEX
  8
0
 10
609.374747
 20
257.727074
 42
-0.021145
  0
VERTEX
  8
0
 10
610.649344
 20
255.490411
 42
-0.117221
  0
VERTEX
  8
0
 10
610.979068
 20
254.156380
 42
0.064210
  0
VERTEX
  8
0
 10
611.120561
 20
253.131386
 42
0.087382
  0
VERTEX
  8
0
 10
611.517120
 20
252.288476
 42
0.092905
  0
VERTEX
  8
0
 10
612.155095
 20
251.668050
 42
0.082788
  0
VERTEX
  8
0
 10
613.000000
 20
251.289749
 42
-0.050710
  0
VERTEX
  8
0
 10
614.425172
 20
250.758005
 42
-0.262602
  0
VERTEX
  8
0
 10
614.881582
 20
250.089069
 42
-0.157810
  0
VERTEX
  8
0
 10
614.649864
 20
249.089995
 42
-0.017520
  0
VERTEX
  8
0
 10
613.357550
 20
247.100086
 42
-0.053636
  0
VERTEX
  8
0
 10
612.259955
 20
245.844050
 42
-0.122088
  0
VERTEX
  8
0
 10
611.163258
 20
245.241397
 42
-0.080065
  0
VERTEX
  8
0
 10
609.621804
 20
245.087189
 42
-0.014453
  0
VERTEX
  8
0
 10
606.743012
 20
245.344031
 42
0.082828
  0
VERTEX
  8
0
 10
601.141518
 20
245.078364
 42
0.122642
  0
VERTEX
  8
0
 10
596.749550
 20
242.920200
 42
0.126663
  0
VERTEX
  8
0
 10
593.974983
 20
239.017386
 42
0.091764
  0
VERTEX
  8
0
 10
593.000000
 20
233.749660
 42
0.047822
  0
VERTEX
  8
0
 10
593.272183
 20
230.910398
 42
0.144552
  0
VERTEX
  8
0
 10
594.157228
 20
229.203130
 42
0.338766
  0
VERTEX
  8
0
 10
595.299335
 20
229.027993
 42
0.151497
  0
VERTEX
  8
0
 10
596.421830
 20
230.187958
 42
-0.073681
  0
VERTEX
  8
0
 10
597.096714
 20
231.142608
 42
-0.027433
  0
VERTEX
  8
0
 10
598.298122
 20
232.269662
 42
-0.026470
  0
VERTEX
  8
0
 10
599.763241
 20
233.373534
 42
-0.028933
  0
VERTEX
  8
0
 10
601.295181
 20
234.281274
 42
-0.030119
  0
VERTEX
  8
0
 10
603.828566
 20
235.403056
 42
-0.121595
  0
VERTEX
  8
0
 10
605.495390
 20
235.594963
 42
-0.466510
  0
VERTEX
  8
0
 10
605.898793
 20
234.966188
 42
-0.121296
  0
VERTEX
  8
0
 10
605.183333
 20
233.783333
 42
0.128489
  0
VERTEX
  8
0
 10
604.350393
 20
232.361146
 42
0.063929
  0
VERTEX
  8
0
 10
604.043280
 20
230.280654
 42
0.059421
  0
VERTEX
  8
0
 10
604.272542
 20
227.991757
 42
0.068322
  0
VERTEX
  8
0
 10
605.035184
 20
225.934259
 42
0.062959
  0
VERTEX
  8
0
 10
605.955392
 20
224.637482
 42
0.154499
  0
VERTEX
  8
0
 10
606.957830
 20
224.061762
 42
0.296030
  0
VERTEX
  8
0
 10
607.688106
 20
224.337366
 42
0.159919
  0
VERTEX
  8
0
 10
608.000000
 20
225.287592
 42
-0.155337
  0
VERTEX
  8
0
 10
608.234497
 20
226.024182
 42
-0.014183
  0
VERTEX
  8
0
 10
609.405403
 20
227.581223
 42
-0.017283
  0
VERTEX
  8
0
 10
610.951836
 20
229.388745
 42
-0.012676
  0
VERTEX
  8
0
 10
612.784349
 20
231.287592
 42
-0.013838
  0
VERTEX
  8
0
 10
615.687396
 20
233.992865
 42
-0.066093
  0
VERTEX
  8
0
 10
617.565371
 20
235.251577
 42
-0.084219
  0
VERTEX
  8
0
 10
619.485825
 20
235.825590
 42
-0.030610
  0
VERTEX
  8
0
 10
622.332098
 20
236.000000
 42
-0.023381
  0
VERTEX
  8
0
 10
624.872687
 20
235.881131
 42
-0.063453
  0
VERTEX
  8
0
 10
626.628631
 20
235.488019
 42
-0.075252
  0
VERTEX
  8
0
 10
628.053430
 20
234.714820
 42
-0.044020
  0
VERTEX
  8
0
 10
629.496480
 20
233.409297
 42
0.052465
  0
VERTEX
  8
0
 10
631.340611
 20
231.796586
 42
0.216762
  0
VERTEX
  8
0
 10
632.760530
 20
231.528219
 42
0.266329
  0
VERTEX
  8
0
 10
633.694629
 20
232.417272
 42
0.072508
  0
VERTEX
  8
0
 10
634.000000
 20
234.511964
 42
0.064137
  0
VERTEX
  8
0
 10
633.614680
 20
237.503503
 42
0.093280
  0
VERTEX
  8
0
 10
632.479076
 20
239.901856
 42
0.094849
  0
VERTEX
  8
0
 10
630.566296
 20
241.696062
 42
0.068405
  0
VERTEX
  8
0
 10
627.897631
 20
242.912524
 42
-0.026321
  0
VERTEX
  8
0
 10
626.101774
 20
243.555326
 42
-0.067751
  0
VERTEX
  8
0
 10
624.916204
 20
244.252606
 42
-0.100265
  0
VERTEX
  8
0
 10
624.240098
 20
245.048846
 42
-0.126702
  0
VERTEX
  8
0
 10
624.000000
 20
245.981125
 42
-0.114936
  0
VERTEX
  8
0
 10
624.391457
 20
247.661557
 42
-0.206765
  0
VERTEX
  8
0
 10
625.450370
 20
248.563061
 42
-0.115901
  0
VERTEX
  8
0
 10
627.374081
 20
248.691600
 42
-0.027241
  0
VERTEX
  8
0
 10
630.544389
 20
247.987572
 42
0.020438
  0
VERTEX
  8
0
 10
632.341454
 20
247.562777
 42
0.022372
  0
VERTEX
  8
0
 10
634.113934
 20
247.301209
 42
0.022525
  0
VERTEX
  8
0
 10
635.638334
 20
247.214629
 42
0.094808
  0
VERTEX
  8
0
 10
636.536421
 20
247.375603
 42
0.084458
  0
VERTEX
  8
0
 10
637.308431
 20
247.833058
 42
0.256556
  0
VERTEX
  8
0
 10
637.518907
 20
248.383742
 42
0.109188
  0
VERTEX
  8
0
 10
637.210324
 20
249.216887
 42
0.011637
  0
VERTEX
  8
0
 10
636.044659
 20
250.937282
 42
0.000000
  0
VERTEX
  8
0
 10
633.947252
 20
253.882819
 42
0.000000
  0
VERTEX
  8
0
 10
637.429939
 20
253.317656
 42
0.023079
  0
VERTEX
  8
0
 10
638.888684
 20
253.149564
 42
0.021509
  0
VERTEX
  8
0
 10
640.391560
 20
253.111136
 42
0.022057
  0
VERTEX
  8
0
 10
641.728890
 20
253.193558
 42
0.065279
  0
VERTEX
  8
0
 10
642.621472
 20
253.408239
 42
0.129605
  0
VERTEX
  8
0
 10
643.329756
 20
253.918374
 42
0.274061
  0
VERTEX
  8
0
 10
643.429800
 20
254.563473
 42
0.087842
  0
VERTEX
  8
0
 10
642.812930
 20
255.555391
 42
0.009545
  0
VERTEX
  8
0
 10
640.968992
 20
257.531992
 42
0.000000
  0
VERTEX
  8
0
 10
637.607666
 20
261.000000
 42
0.000000
  0
VERTEX
  8
0
 10
640.744816
 20
261.000000
 42
0.065010
  0
VERTEX
  8
0
 10
642.904434
 20
261.281986
 42
0.114612
  0
VERTEX
  8
0
 10
644.485493
 20
262.121051
 42
0.297540
  0
VERTEX
  8
0
 10
644.753248
 20
263.065455
 42
0.241253
  0
VERTEX
  8
0
 10
644.000432
 20
263.833189
 42
-0.104046
  0
VERTEX
  8
0
 10
641.360606
 20
265.376707
 42
-0.019775
  0
VERTEX
  8
0
 10
637.364049
 20
269.298738
 42
-0.022035
  0
VERTEX
  8
0
 10
633.395053
 20
273.905156
 42
-0.034268
  0
VERTEX
  8
0
 10
630.441841
 20
278.234546
 42
-0.002746
  0
VERTEX
  8
0
 10
629.122658
 20
280.513990
 42
-0.004250
  0
VERTEX
  8
0
 10
628.011041
 20
282.498308
 42
-0.001414
  0
VERTEX
  8
0
 10
627.071418
 20
284.221083
 42
-0.124763
  0
VERTEX
  8
0
 10
627.000000
 20
284.502842
 42
-0.588091
  0
VERTEX
  8
0
 10
627.714681
 20
284.900321
 42
-0.003574
  0
VERTEX
  8
0
 10
635.518994
 20
279.976716
 42
-0.010212
  0
VERTEX
  8
0
 10
643.076737
 20
274.912107
 42
-0.023529
  0
VERTEX
  8
0
 10
648.489301
 20
270.729888
 42
0.022035
  0
VERTEX
  8
0
 10
653.947322
 20
266.486463
 42
0.027233
  0
VERTEX
  8
0
 10
659.396169
 20
263.052574
 42
0.029442
  0
VERTEX
  8
0
 10
664.266244
 20
260.705975
 42
0.096752
  0
VERTEX
  8
0
 10
667.750000
 20
260.009769
 42
0.073871
  0
VERTEX
  8
0
 10
669.157958
 20
260.212682
 42
0.206021
  0
VERTEX
  8
0
 10
669.907383
 20
260.840034
 42
0.269943
  0
VERTEX
  8
0
 10
669.857496
 20
261.672704
 42
0.107932
  0
VERTEX
  8
0
 10
669.005377
 20
262.496677
 42
-0.063949
  0
VERTEX
  8
0
 10
668.552435
 20
262.863927
 42
-0.022274
  0
VERTEX
  8
0
 10
667.999332
 20
263.498085
 42
-0.021701
  0
VERTEX
  8
0
 10
667.445990
 20
264.258131
 42
-0.023630
  0
VERTEX
  8
0
 10
666.977246
 20
265.042516
 42
-0.063044
  0
VERTEX
  8
0
 10
666.618626
 20
265.979675
 42
-0.533934
  0
VERTEX
  8
0
 10
666.871494
 20
266.255893
 42
-0.080394
  0
VERTEX
  8
0
 10
667.801959
 20
265.956001
 42
-0.004114
  0
VERTEX
  8
0
 10
670.620808
 20
264.486823
 42
0.047115
  0
VERTEX
  8
0
 10
674.711056
 20
262.783810
 42
0.065118
  0
VERTEX
  8
0
 10
678.625017
 20
262.110673
 42
0.069414
  0
VERTEX
  8
0
 10
682.384097
 20
262.481537
 42
0.063800
  0
VERTEX
  8
0
 10
686.015602
 20
263.866608
 42
0.045368
  0
VERTEX
  8
0
 10
688.558134
 20
265.541408
 42
0.149010
  0
VERTEX
  8
0
 10
689.683716
 20
267.180321
 42
0.269584
  0
VERTEX
  8
0
 10
689.375950
 20
268.552174
 42
0.132156
  0
VERTEX
  8
0
 10
687.806870
 20
269.537377
 42
-0.028780
  0
VERTEX
  8
0
 10
683.883663
 20
270.993638
 42
-0.006555
  0
VERTEX
  8
0
 10
677.426942
 20
273.924259
 42
-0.001568
  0
VERTEX
  8
0
 10
670.473939
 20
277.217381
 42
-0.517670
  0
VERTEX
  8
0
 10
670.387529
 20
277.720863
 42
-0.259541
  0
VERTEX
  8
0
 10
670.762362
 20
277.827642
 42
-0.003798
  0
VERTEX
  8
0
 10
673.080542
 20
277.265378
 42
-0.009264
  0
VERTEX
  8
0
 10
675.805076
 20
276.528700
 42
-0.005845
  0
VERTEX
  8
0
 10
678.958028
 20
275.573073
 42
0.023169
  0
VERTEX
  8
0
 10
685.682139
 20
273.786837
 42
0.046005
  0
VERTEX
  8
0
 10
691.150946
 20
273.119780
 42
0.057272
  0
VERTEX
  8
0
 10
695.779297
 20
273.514087
 42
0.068190
  0
VERTEX
  8
0
 10
699.914047
 20
274.956150
 42
0.050609
  0
VERTEX
  8
0
 10
703.054798
 20
276.982038
 42
0.036403
  0
VERTEX
  8
0
 10
706.119478
 20
279.818712
 42
0.032999
  0
VERTEX
  8
0
 10
708.454070
 20
282.674797
 42
0.239007
  0
VERTEX
  8
0
 10
708.711307
 20
284.375891
 42
0.269837
  0
VERTEX
  8
0
 10
708.132931
 20
284.887836
 42
0.012358
  0
VERTEX
  8
0
 10
705.433096
 20
285.358819
 42
0.016092
  0
VERTEX
  8
0
 10
701.833899
 20
285.777537
 42
0.007536
  0
VERTEX
  8
0
 10
697.154393
 20
286.098877
 42
-0.004047
  0
VERTEX
  8
0
 10
692.830107
 20
286.365520
 42
-0.006277
  0
VERTEX
  8
0
 10
689.103849
 20
286.672632
 42
-0.002323
  0
VERTEX
  8
0
 10
685.918689
 20
286.990389
 42
-0.171997
  0
VERTEX
  8
0
 10
685.455559
 20
287.211108
 42
-0.621036
  0
VERTEX
  8
0
 10
685.530023
 20
287.431313
 42
-0.005105
  0
VERTEX
  8
0
 10
687.846179
 20
287.717673
 42
-0.009738
  0
VERTEX
  8
0
 10
690.755583
 20
287.989988
 42
-0.005398
  0
VERTEX
  8
0
 10
694.314720
 20
288.214705
 42
0.010352
  0
VERTEX
  8
0
 10
699.488894
 20
288.592894
 42
0.032764
  0
VERTEX
  8
0
 10
702.917161
 20
289.143227
 42
0.041750
  0
VERTEX
  8
0
 10
705.773610
 20
290.052330
 42
0.026720
  0
VERTEX
  8
0
 10
708.918481
 20
291.552148
 42
0.052861
  0
VERTEX
  8
0
 10
712.565438
 20
294.068942
 42
0.048822
  0
VERTEX
  8
0
 10
715.712504
 20
297.356618
 42
0.051110
  0
VERTEX
  8
0
 10
718.020717
 20
301.006952
 42
0.076328
  0
VERTEX
  8
0
 10
719.168086
 20
304.596723
 42
0.124397
  0
VERTEX
  8
0
 10
719.032623
 20
306.089063
 42
0.302807
  0
VERTEX
  8
0
 10
718.190360
 20
306.722324
 42
0.085655
  0
VERTEX
  8
0
 10
716.221764
 20
306.496398
 42
0.007843
  0
VERTEX
  8
0
 10
711.500000
 20
305.031417
 42
-0.043724
  0
VERTEX
  8
0
 10
698.356299
 20
301.965871
 42
-0.040229
  0
VERTEX
  8
0
 10
684.503476
 20
301.115220
 42
-0.038953
  0
VERTEX
  8
0
 10
670.261232
 20
302.500373
 42
-0.035610
  0
VERTEX
  8
0
 10
655.959129
 20
306.091551
 42
0.014109
  0
VERTEX
  8
0
 10
651.538312
 20
307.405881
 42
0.102112
  0
VERTEX
  8
0
 10
649.334983
 20
307.532151
 42
0.072555
  0
VERTEX
  8
0
 10
646.976231
 20
306.825368
 42
0.005141
  0
VERTEX
  8
0
 10
640.763569
 20
303.852862
 42
-0.108254
  0
VERTEX
  8
0
 10
637.173903
 20
302.971059
 42
-0.074830
  0
VERTEX
  8
0
 10
633.008564
 20
303.490941
 42
-0.059686
  0
VERTEX
  8
0
 10
628.338917
 20
305.425620
 42
-0.034502
  0
VERTEX
  8
0
 10
623.250000
 20
308.766902
 42
-0.011933
  0
VERTEX
  8
0
 10
620.091944
 20
311.288626
 42
-0.510725
  0
VERTEX
  8
0
 10
620.144346
 20
312.022557
 42
-0.274393
  0
VERTEX
  8
0
 10
621.240476
 20
312.043971
 42
-0.010027
  0
VERTEX
  8
0
 10
624.965354
 20
309.830756
 42
0.034219
  0
VERTEX
  8
0
 10
628.713479
 20
307.842300
 42
0.033167
  0
VERTEX
  8
0
 10
632.736520
 20
306.359881
 42
0.034314
  0
VERTEX
  8
0
 10
636.381538
 20
305.551924
 42
0.118369
  0
VERTEX
  8
0
 10
638.775810
 20
305.758603
 42
0.214792
  0
VERTEX
  8
0
 10
639.754549
 20
306.661123
 42
0.206392
  0
VERTEX
  8
0
 10
639.748691
 20
308.013302
 42
0.091984
  0
VERTEX
  8
0
 10
638.495080
 20
309.866097
 42
0.028895
  0
VERTEX
  8
0
 10
636.000387
 20
312.119931
 42
-0.009198
  0
VERTEX
  8
0
 10
634.492406
 20
313.378120
 42
-0.015485
  0
VERTEX
  8
0
 10
633.280714
 20
314.494997
 42
-0.009341
  0
VERTEX
  8
0
 10
632.354892
 20
315.437547
 42
-0.406143
  0
VERTEX
  8
0
 10
632.358404
 20
315.691738
 42
-0.294211
  0
VERTEX
  8
0
 10
632.665685
 20
315.758236
 42
-0.004265
  0
VERTEX
  8
0
 10
634.488626
 20
315.056045
 42
-0.010112
  0
VERTEX
  8
0
 10
636.631864
 20
314.158894
 42
-0.006305
  0
VERTEX
  8
0
 10
639.108017
 20
313.025473
 42
0.030925
  0
VERTEX
  8
0
 10
644.223627
 20
310.981957
 42
0.062527
  0
VERTEX
  8
0
 10
648.474293
 20
310.149804
 42
0.074694
  0
VERTEX
  8
0
 10
652.281259
 20
310.457604
 42
0.065598
  0
VERTEX
  8
0
 10
656.015602
 20
311.866608
 42
0.046300
  0
VERTEX
  8
0
 10
659.032385
 20
313.861860
 42
0.275837
  0
VERTEX
  8
0
 10
659.662857
 20
315.559281
 42
0.213072
  0
VERTEX
  8
0
 10
658.495441
 20
317.256502
 42
0.029779
  0
VERTEX
  8
0
 10
654.641340
 20
319.306662
 42
-0.018063
  0
VERTEX
  8
0
 10
650.071507
 20
321.601922
 42
-0.018089
  0
VERTEX
  8
0
 10
645.681507
 20
324.220037
 42
-0.019855
  0
VERTEX
  8
0
 10
642.547782
 20
326.427250
 42
-0.717029
  0
VERTEX
  8
0
 10
642.741834
 20
327.000000
 42
-0.077951
  0
VERTEX
  8
0
 10
643.530752
 20
326.876254
 42
-0.004709
  0
VERTEX
  8
0
 10
645.812063
 20
326.118750
 42
-0.006952
  0
VERTEX
  8
0
 10
648.519312
 20
325.149154
 42
-0.005077
  0
VERTEX
  8
0
 10
651.500000
 20
324.000000
 42
0.028378
  0
VERTEX
  8
0
 10
657.755531
 20
321.917361
 42
0.058324
  0
VERTEX
  8
0
 10
662.854440
 20
321.156499
 42
0.068812
  0
VERTEX
  8
0
 10
667.420556
 20
321.641382
 42
0.057184
  0
VERTEX
  8
0
 10
672.000000
 20
323.351752
 42
0.041844
  0
VERTEX
  8
0
 10
675.906552
 20
325.775605
 42
0.243512
  0
VERTEX
  8
0
 10
676.935880
 20
327.884328
 42
0.265779
  0
VERTEX
  8
0
 10
675.777370
 20
329.803208
 42
0.047916
  0
VERTEX
  8
0
 10
671.806558
 20
331.540028
 42
-0.021080
  0
VERTEX
  8
0
 10
667.309578
 20
333.226132
 42
-0.009075
  0
VERTEX
  8
0
 10
661.457598
 20
335.832616
 42
-0.002588
  0
VERTEX
  8
0
 10
655.450884
 20
338.677723
 42
-0.288440
  0
VERTEX
  8
0
 10
655.000000
 20
339.394287
 42
-0.479876
  0
VERTEX
  8
0
 10
655.140497
 20
339.506965
 42
-0.000927
  0
VERTEX
  8
0
 10
658.368152
 20
338.782708
 42
-0.004725
  0
VERTEX
  8
0
 10
662.069085
 20
337.908191
 42
-0.002801
  0
VERTEX
  8
0
 10
666.466050
 20
336.799064
 42
0.004400
  0
VERTEX
  8
0
 10
673.861110
 20
334.958796
 42
0.039311
  0
VERTEX
  8
0
 10
677.166596
 20
334.437169
 42
0.066240
  0
VERTEX
  8
0
 10
679.836782
 20
334.582445
 42
0.024072
  0
VERTEX
  8
0
 10
683.532202
 20
335.466338
 42
0.028368
  0
VERTEX
  8
0
 10
686.100685
 20
336.373837
 42
0.026291
  0
VERTEX
  8
0
 10
688.618019
 20
337.586500
 42
0.027034
  0
VERTEX
  8
0
 10
690.913971
 20
339.011741
 42
0.036200
  0
VERTEX
  8
0
 10
692.816152
 20
340.556171
 42
0.008671
  0
VERTEX
  8
0
 10
695.021239
 20
342.701573
 42
0.101332
  0
VERTEX
  8
0
 10
695.675703
 20
343.700929
 42
0.251534
  0
VERTEX
  8
0
 10
695.584992
 20
344.486128
 42
0.076570
  0
VERTEX
  8
0
 10
694.731745
 20
345.382596
 42
0.071376
  0
VERTEX
  8
0
 10
693.723801
 20
345.952692
 42
0.020244
  0
VERTEX
  8
0
 10
692.016347
 20
346.540882
 42
0.019956
  0
VERTEX
  8
0
 10
690.011963
 20
347.055598
 42
0.019896
  0
VERTEX
  8
0
 10
687.970917
 20
347.409470
 42
-0.026313
  0
VERTEX
  8
0
 10
682.806624
 20
348.373234
 42
-0.013469
  0
VERTEX
  8
0
 10
676.442397
 20
350.093874
 42
-0.008843
  0
VERTEX
  8
0
 10
670.416182
 20
352.015400
 42
-0.121887
  0
VERTEX
  8
0
 10
668.500000
 20
353.240725
 42
-0.037466
  0
VERTEX
  8
0
 10
668.130653
 20
353.693384
 42
-0.454871
  0
VERTEX
  8
0
 10
668.178588
 20
353.885682
 42
-0.190232
  0
VERTEX
  8
0
 10
668.493852
 20
353.916274
 42
-0.015016
  0
VERTEX
  8
0
 10
669.310673
 20
353.655281
 42
0.047079
  0
VERTEX
  8
0
 10
670.528128
 20
353.350616
 42
0.003439
  0
VERTEX
  8
0
 10
673.948582
 20
352.853786
 42
0.004777
  0
VERTEX
  8
0
 10
678.044743
 20
352.327378
 42
0.003599
  0
VERTEX
  8
0
 10
682.556650
 20
351.824212
 42
0.005847
  0
VERTEX
  8
0
 10
689.164046
 20
351.213489
 42
0.027544
  0
VERTEX
  8
0
 10
692.971296
 20
351.116765
 42
0.041640
  0
VERTEX
  8
0
 10
695.977307
 20
351.457614
 42
0.027313
  0
VERTEX
  8
0
 10
699.355237
 20
352.322845
 42
0.038379
  0
VERTEX
  8
0
 10
703.842212
 20
354.125848
 42
0.032122
  0
VERTEX
  8
0
 10
708.288871
 20
356.689725
 42
0.033325
  0
VERTEX
  8
0
 10
712.087195
 20
359.600502
 42
0.067668
  0
VERTEX
  8
0
 10
714.550138
 20
362.436176
 42
0.078479
  0
VERTEX
  8
0
 10
715.649398
 20
364.875392
 42
0.333905
  0
VERTEX
  8
0
 10
715.095586
 20
366.271017
 42
0.144694
  0
VERTEX
  8
0
 10
712.870433
 20
366.865605
 42
0.017987
  0
VERTEX
  8
0
 10
707.816758
 20
366.550602
 42
-0.035609
  0
VERTEX
  8
0
 10
700.799140
 20
366.360858
 42
-0.014903
  0
VERTEX
  8
0
 10
691.362028
 20
367.060105
 42
-0.019255
  0
VERTEX
  8
0
 10
684.087627
 20
368.102063
 42
-0.798439
  0
VERTEX
  8
0
 10
684.048395
 20
369.025788
 42
-0.040182
  0
VERTEX
  8
0
 10
685.547899
 20
369.306939
 42
-0.006813
  0
VERTEX
  8
0
 10
688.448989
 20
369.572831
 42
-0.007404
  0
VERTEX
  8
0
 10
691.873983
 20
369.788764
 42
-0.006530
  0
VERTEX
  8
0
 10
695.450544
 20
369.914338
 42
0.027171
  0
VERTEX
  8
0
 10
706.775938
 20
370.780888
 42
0.050159
  0
VERTEX
  8
0
 10
715.755680
 20
372.892215
 42
0.060836
  0
VERTEX
  8
0
 10
722.886631
 20
376.360479
 42
0.070114
  0
VERTEX
  8
0
 10
728.597416
 20
381.310949
 42
0.034079
  0
VERTEX
  8
0
 10
731.349401
 20
384.942577
 42
0.025253
  0
VERTEX
  8
0
 10
733.895813
 20
389.290229
 42
0.017492
  0
VERTEX
  8
0
 10
735.843474
 20
393.380917
 42
0.307907
  0
VERTEX
  8
0
 10
735.582921
 20
394.750413
 42
0.256112
  0
VERTEX
  8
0
 10
735.072413
 20
394.899399
 42
0.004453
  0
VERTEX
  8
0
 10
732.159583
 20
394.228431
 42
0.010046
  0
VERTEX
  8
0
 10
728.720238
 20
393.330422
 42
0.006373
  0
VERTEX
  8
0
 10
724.749363
 20
392.153095
 42
-0.006081
  0
VERTEX
  8
0
 10
720.421970
 20
390.867308
 42
-0.005417
  0
VERTEX
  8
0
 10
715.895125
 20
389.634798
 42
-0.005443
  0
VERTEX
  8
0
 10
711.800779
 20
388.615018
 42
-0.016705
  0
VERTEX
  8
0
 10
709.000000
 20
388.047825
 42
-0.008965
  0
VERTEX
  8
0
 10
702.719404
 20
387.108410
 42
-0.009915
  0
VERTEX
  8
0
 10
696.616299
 20
386.429930
 42
-0.004968
  0
VERTEX
  8
0
 10
691.310265
 20
385.999463
 42
-0.685618
  0
VERTEX
  8
0
 10
691.113476
 20
386.417694
 42
-0.130463
  0
VERTEX
  8
0
 10
691.648456
 20
386.745041
 42
-0.002856
  0
VERTEX
  8
0
 10
694.597784
 20
387.605733
 42
-0.006318
  0
VERTEX
  8
0
 10
698.088745
 20
388.555347
 42
-0.004202
  0
VERTEX
  8
0
 10
702.113476
 20
389.559721
 42
0.008053
  0
VERTEX
  8
0
 10
710.585743
 20
391.743430
 42
0.020336
  0
VERTEX
  8
0
 10
716.649287
 20
393.679260
 42
0.024876
  0
VERTEX
  8
0
 10
721.773052
 20
395.842152
 42
0.019283
  0
VERTEX
  8
0
 10
727.123237
 20
398.680358
 42
0.048095
  0
VERTEX
  8
0
 10
733.328277
 20
403.132867
 42
0.056080
  0
VERTEX
  8
0
 10
738.219640
 20
408.487426
 42
0.056108
  0
VERTEX
  8
0
 10
741.797050
 20
414.792682
 42
0.048218
  0
VERTEX
  8
0
 10
744.107021
 20
422.063418
 42
0.027986
  0
VERTEX
  8
0
 10
744.842790
 20
426.762861
 42
0.347764
  0
VERTEX
  8
0
 10
743.931552
 20
428.184470
 42
0.229633
  0
VERTEX
  8
0
 10
741.881633
 20
427.937245
 42
0.015782
  0
VERTEX
  8
0
 10
736.935281
 20
424.531273
 42
-0.015835
  0
VERTEX
  8
0
 10
730.727243
 20
420.257495
 42
-0.016791
  0
VERTEX
  8
0
 10
724.379230
 20
416.472389
 42
-0.016693
  0
VERTEX
  8
0
 10
717.756288
 20
413.102271
 42
-0.015259
  0
VERTEX
  8
0
 10
710.723969
 20
410.072461
 42
-0.002280
  0
VERTEX
  8
0
 10
703.077829
 20
407.091559
 42
-0.242748
  0
VERTEX
  8
0
 10
702.000896
 20
407.209533
 42
-0.571925
  0
VERTEX
  8
0
 10
702.033822
 20
407.822802
 42
-0.002756
  0
VERTEX
  8
0
 10
708.856119
 20
411.310669
 42
0.034789
  0
VERTEX
  8
0
 10
718.152480
 20
416.840814
 42
0.043162
  0
VERTEX
  8
0
 10
725.896731
 20
423.264518
 42
0.047489
  0
VERTEX
  8
0
 10
731.783754
 20
430.294282
 42
0.065044
  0
VERTEX
  8
0
 10
735.534686
 20
437.635803
 42
0.037412
  0
VERTEX
  8
0
 10
736.067763
 20
439.579695
 42
0.014680
  0
VERTEX
  8
0
 10
736.520459
 20
442.323680
 42
0.014434
  0
VERTEX
  8
0
 10
736.838341
 20
445.331932
 42
0.017459
  0
VERTEX
  8
0
 10
736.956107
 20
448.168213
 42
0.013886
  0
VERTEX
  8
0
 10
736.812055
 20
454.965916
 42
0.152348
  0
VERTEX
  8
0
 10
735.883856
 20
457.498271
 42
0.458607
  0
VERTEX
  8
0
 10
734.385073
 20
457.583972
 42
0.053642
  0
SEQEND
  0
POLYLINE
  8
0
 66
1
 70
1
  0
VERTEX
  8
0
 10
626.985034
 20
394.202732
 42
0.028189
  0
VERTEX
  8
0
 10
625.976487
 20
391.018752
 42
0.040877
  0
VERTEX
  8
0
 10
625.481639
 20
388.113114
 42
0.029195
  0
VERTEX
  8
0
 10
625.378791
 20
384.518831
 42
0.007671
  0
VERTEX
  8
0
 10
625.638631
 20
378.762337
 42
-0.034096
  0
VERTEX
  8
0
 10
625.543465
 20
366.429668
 42
-0.067827
  0
VERTEX
  8
0
 10
623.498349
 20
356.896710
 42
-0.072594
  0
VERTEX
  8
0
 10
619.096531
 20
348.677967
 42
-0.044505
  0
VERTEX
  8
0
 10
611.790114
 20
340.440815
 42
-0.010472
  0
VERTEX
  8
0
 10
606.677946
 20
335.816707
 42
-0.082540
  0
VERTEX
  8
0
 10
603.960651
 20
334.151981
 42
-0.781373
  0
VERTEX
  8
0
 10
603.557960
 20
334.705219
 42
-0.019668
  0
VERTEX
  8
0
 10
607.000000
 20
338.500000
 42
0.000000
  0
VERTEX
  8
0
 10
611.416416
 20
343.000000
 42
0.000000
  0
VERTEX
  8
0
 10
608.511205
 20
343.000000
 42
0.000000
  0
VERTEX
  8
0
 10
605.605995
 20
343.000000
 42
0.000000
  0
VERTEX
  8
0
 10
609.833748
 20
346.109125
 42
0.074690
  0
VERTEX
  8
0
 10
614.520934
 20
350.775754
 42
0.070542
  0
VERTEX
  8
0
 10
617.740056
 20
356.701482
 42
0.052365
  0
VERTEX
  8
0
 10
619.814523
 20
364.753241
 42
0.020678
  0
VERTEX
  8
0
 10
621.028224
 20
376.141676
 42
-0.006802
  0
VERTEX
  8
0
 10
621.541609
 20
382.674332
 42
-0.020909
  0
VERTEX
  8
0
 10
622.133459
 20
387.069896
 42
-0.030369
  0
VERTEX
  8
0
 10
622.922849
 20
390.347074
 42
-0.042464
  0
VERTEX
  8
0
 10
624.045428
 20
393.141676
 42
-0.007315
  0
VERTEX
  8
0
 10
626.961142
 20
398.722139
 42
-0.184112
  0
VERTEX
  8
0
 10
628.246086
 20
399.827804
 42
-0.626019
  0
VERTEX
  8
0
 10
628.795010
 20
399.293111
 42
-0.010748
  0
SEQEND
  0
POLYLINE
  8
0
 66
1
 70
1
  0
VERTEX
  8
0
 10
545.324657
 20
376.342009
 42
-0.292922
  0
VERTEX
  8
0
 10
545.518042
 20
375.458558
 42
-0.103147
  0
VERTEX
  8
0
 10
544.796891
 20
374.308226
 42
-0.082460
  0
VERTEX
  8
0
 10
543.500708
 20
373.341725
 42
-0.121993
  0
VERTEX
  8
0
 10
542.127555
 20
373.015313
 42
-0.047596
  0
VERTEX
  8
0
 10
541.395537
 20
373.092109
 42
-0.027461
  0
VERTEX
  8
0
 10
540.537469
 20
373.315379
 42
-0.027237
  0
VERTEX
  8
0
 10
539.693094
 20
373.636995
 42
-0.040651
  0
VERTEX
  8
0
 10
539.000000
 20
374.015313
 42
-0.025210
  0
VERTEX
  8
0
 10
538.185322
 20
374.610943
 42
-0.226004
  0
VERTEX
  8
0
 10
538.000000
 20
375.000000
 42
-0.226004
  0
VERTEX
  8
0
 10
538.185322
 20
375.389057
 42
-0.025210
  0
VERTEX
  8
0
 10
539.000000
 20
375.984687
 42
-0.082297
  0
VERTEX
  8
0
 10
540.502838
 20
376.649834
 42
-0.049044
  0
VERTEX
  8
0
 10
542.440502
 20
376.951499
 42
-0.049601
  0
VERTEX
  8
0
 10
544.261061
 20
376.873745
 42
-0.162302
  0
SEQEND
  0
POLYLINE
  8
0
 66
1
 70
1
  0
VERTEX
  8
0
 10
565.113799
 20
366.939097
 42
-0.059356
  0
VERTEX
  8
0
 10
565.950405
 20
366.354415
 42
-0.101330
  0
VERTEX
  8
0
 10
566.457738
 20
365.673416
 42
-0.109323
  0
VERTEX
  8
0
 10
566.634219
 20
364.886179
 42
-0.077676
  0
VERTEX
  8
0
 10
566.496533
 20
363.989075
 42
0.091806
  0
VERTEX
  8
0
 10
566.378639
 20
363.044989
 42
0.035528
  0
VERTEX
  8
0
 10
566.550092
 20
361.732441
 42
0.033687
  0
VERTEX
  8
0
 10
566.943642
 20
360.300783
 42
0.035424
  0
VERTEX
  8
0
 10
567.520829
 20
358.959721
 42
-0.027826
  0
VERTEX
  8
0
 10
568.104326
 20
357.658745
 42
-0.031001
  0
VERTEX
  8
0
 10
568.515978
 20
356.346566
 42
-0.032577
  0
VERTEX
  8
0
 10
568.721102
 20
355.198997
 42
-0.120111
  0
VERTEX
  8
0
 10
568.628230
 20
354.473567
 42
0.136894
  0
VERTEX
  8
0
 10
568.563181
 20
353.785875
 42
0.045052
  0
VERTEX
  8
0
 10
568.834554
 20
352.796992
 42
0.040934
  0
VERTEX
  8
0
 10
569.350025
 20
351.701198
 42
0.036266
  0
VERTEX
  8
0
 10
570.055876
 20
350.656094
 42
-0.012862
  0
VERTEX
  8
0
 10
571.721695
 20
348.422431
 42
-0.213259
  0
VERTEX
  8
0
 10
571.897102
 20
347.533630
 42
-0.491761
  0
VERTEX
  8
0
 10
571.384802
 20
347.297839
 42
-0.024335
  0
VERTEX
  8
0
 10
569.535183
 20
348.384990
 42
0.027423
  0
VERTEX
  8
0
 10
567.022547
 20
349.841058
 42
0.225143
  0
VERTEX
  8
0
 10
565.734598
 20
349.876454
 42
0.295269
  0
VERTEX
  8
0
 10
565.116854
 20
348.935936
 42
0.041976
  0
VERTEX
  8
0
 10
565.303314
 20
346.518323
 42
-0.031427
  0
VERTEX
  8
0
 10
565.577136
 20
343.734363
 42
-0.245606
  0
VERTEX
  8
0
 10
565.032727
 20
342.597118
 42
-0.506397
  0
VERTEX
  8
0
 10
564.268507
 20
342.829218
 42
-0.038987
  0
VERTEX
  8
0
 10
563.620897
 20
345.258750
 42
-0.042739
  0
VERTEX
  8
0
 10
563.377859
 20
347.752860
 42
-0.026414
  0
VERTEX
  8
0
 10
563.498987
 20
350.698133
 42
-0.025559
  0
VERTEX
  8
0
 10
563.897509
 20
353.426800
 42
-0.089599
  0
VERTEX
  8
0
 10
564.545393
 20
355.073448
 42
0.177081
  0
VERTEX
  8
0
 10
564.645662
 20
355.560461
 42
0.015536
  0
VERTEX
  8
0
 10
564.418237
 20
356.820634
 42
0.018857
  0
VERTEX
  8
0
 10
564.033058
 20
358.346112
 42
0.013538
  0
VERTEX
  8
0
 10
563.493209
 20
360.019247
 42
-0.020492
  0
VERTEX
  8
0
 10
562.563968
 20
363.042427
 42
-0.035398
  0
VERTEX
  8
0
 10
562.076494
 20
365.626414
 42
-0.043880
  0
VERTEX
  8
0
 10
562.024320
 20
367.489981
 42
-0.396830
  0
VERTEX
  8
0
 10
562.565741
 20
368.000000
 42
-0.087016
  0
VERTEX
  8
0
 10
562.894365
 20
367.942372
 42
-0.011835
  0
VERTEX
  8
0
 10
563.547602
 20
367.688360
 42
-0.013328
  0
VERTEX
  8
0
 10
564.313349
 20
367.345312
 42
-0.010891
  0
SEQEND
  0
POLYLINE
  8
0
 66
1
 70
1
  0
VERTEX
  8
0
 10
134.450597
 20
324.731855
 42
-0.155716
  0
VERTEX
  8
0
 10
132.690484
 20
322.534495
 42
-0.007661
  0
VERTEX
  8
0
 10
124.774169
 20
317.447361
 42
-0.009986
  0
VERTEX
  8
0
 10
116.834530
 20
312.732561
 42
-0.096185
  0
VERTEX
  8
0
 10
113.129659
 20
311.487850
 42
0.001160
  0
VERTEX
  8
0
 10
112.102760
 20
311.348729
 42
0.001667
  0
VERTEX
  8
0
 10
111.194076
 20
311.220388
 42
0.000878
  0
VERTEX
  8
0
 10
110.424946
 20
311.107762
 42
0.026388
  0
VERTEX
  8
0
 10
110.233154
 20
311.068900
 42
0.499754
  0
VERTEX
  8
0
 10
109.902585
 20
310.267467
 42
0.008072
  0
VERTEX
  8
0
 10
112.863616
 20
305.457714
 42
0.015861
  0
VERTEX
  8
0
 10
116.024742
 20
300.834101
 42
0.054766
  0
VERTEX
  8
0
 10
118.470574
 20
298.159980
 42
0.107151
  0
VERTEX
  8
0
 10
123.398070
 20
295.422817
 42
0.108038
  0
VERTEX
  8
0
 10
129.001436
 20
294.983071
 42
0.101100
  0
VERTEX
  8
0
 10
134.571579
 20
296.943650
 42
0.083024
  0
VERTEX
  8
0
 10
139.381176
 20
301.041155
 42
0.074917
  0
VERTEX
  8
0
 10
142.077319
 20
305.439163
 42
0.111110
  0
VERTEX
  8
0
 10
142.879418
 20
309.870099
 42
0.091129
  0
VERTEX
  8
0
 10
141.745256
 20
314.848672
 42
0.037796
  0
VERTEX
  8
0
 10
138.538280
 20
320.989222
 42
0.008455
  0
VERTEX
  8
0
 10
136.731013
 20
323.785595
 42
0.059762
  0
VERTEX
  8
0
 10
135.678243
 20
325.010285
 42
0.245070
  0
VERTEX
  8
0
 10
134.986770
 20
325.194747
 42
0.251196
  0
SEQEND
  0
POLYLINE
  8
0
 66
1
 70
1
  0
VERTEX
  8
0
 10
137.584440
 20
313.519588
 42
-0.174903
  0
VERTEX
  8
0
 10
137.180251
 20
309.507264
 42
-0.087468
  0
VERTEX
  8
0
 10
134.172172
 20
305.304348
 42
-0.081135
  0
VERTEX
  8
0
 10
129.629120
 20
302.107472
 42
-0.113301
  0
VERTEX
  8
0
 10
124.804557
 20
301.000000
 42
-0.066428
  0
VERTEX
  8
0
 10
123.592036
 20
301.161804
 42
-0.042441
  0
VERTEX
  8
0
 10
122.254532
 20
301.650264
 42
-0.041608
  0
VERTEX
  8
0
 10
120.982255
 20
302.375604
 42
-0.053770
  0
VERTEX
  8
0
 10
119.962398
 20
303.250000
 42
0.000000
  0
VERTEX
  8
0
 10
117.846886
 20
305.500000
 42
0.000000
  0
VERTEX
  8
0
 10
120.486772
 20
307.492533
 42
-0.025028
  0
VERTEX
  8
0
 10
123.973587
 20
309.860160
 42
-0.009957
  0
VERTEX
  8
0
 10
128.974291
 20
312.767027
 42
-0.005713
  0
VERTEX
  8
0
 10
134.029701
 20
315.497455
 42
-0.111727
  0
VERTEX
  8
0
 10
135.730948
 20
315.952309
 42
-0.172975
  0
VERTEX
  8
0
 10
136.247796
 20
315.790253
 42
-0.068437
  0
VERTEX
  8
0
 10
136.783177
 20
315.257370
 42
-0.056847
  0
VERTEX
  8
0
 10
137.255338
 20
314.465205
 42
-0.044536
  0
SEQEND
  0
POLYLINE
  8
0
 66
1
 70
1
  0
VERTEX
  8
0
 10
835.636001
 20
320.196249
 42
0.057455
  0
VERTEX
  8
0
 10
833.723354
 20
316.620993
 42
0.090800
  0
VERTEX
  8
0
 10
833.050333
 20
313.219586
 42
0.103848
  0
VERTEX
  8
0
 10
833.653169
 20
310.130265
 42
0.096733
  0
VERTEX
  8
0
 10
835.454545
 20
307.454545
 42
0.095433
  0
VERTEX
  8
0
 10
838.005678
 20
305.727483
 42
0.094271
  0
VERTEX
  8
0
 10
841.026989
 20
305.061904
 42
0.077471
  0
VERTEX
  8
0
 10
844.566483
 20
305.509493
 42
0.042630
  0
VERTEX
  8
0
 10
848.652323
 20
307.073738
 42
-0.038106
  0
VERTEX
  8
0
 10
852.329411
 20
308.519717
 42
-0.102545
  0
VERTEX
  8
0
 10
855.112411
 20
308.782416
 42
-0.171687
  0
VERTEX
  8
0
 10
856.928424
 20
307.904466
 42
-0.161429
  0
VERTEX
  8
0
 10
857.844970
 20
306.056028
 42
-0.124315
  0
VERTEX
  8
0
 10
857.634910
 20
304.102857
 42
-0.121275
  0
VERTEX
  8
0
 10
856.522797
 20
302.462785
 42
-0.106130
  0
VERTEX
  8
0
 10
854.632683
 20
301.375325
 42
-0.077812
  0
VERTEX
  8
0
 10
852.235546
 20
301.000000
 42
0.144354
  0
VERTEX
  8
0
 10
850.648272
 20
300.531990
 42
0.315419
  0
VERTEX
  8
0
 10
850.193944
 20
299.414852
 42
0.153088
  0
VERTEX
  8
0
 10
851.128520
 20
297.814808
 42
0.050882
  0
VERTEX
  8
0
 10
853.337475
 20
296.181580
 42
0.031784
  0
VERTEX
  8
0
 10
855.186706
 20
295.238884
 42
0.190072
  0
VERTEX
  8
0
 10
856.247336
 20
295.204688
 42
0.118775
  0
VERTEX
  8
0
 10
857.311090
 20
295.901436
 42
0.009438
  0
VERTEX
  8
0
 10
859.587475
 20
298.416610
 42
0.064753
  0
VERTEX
  8
0
 10
862.175132
 20
302.303150
 42
0.106576
  0
VERTEX
  8
0
 10
863.131824
 20
306.117819
 42
0.116756
  0
VERTEX
  8
0
 10
862.400784
 20
309.741145
 42
0.088694
  0
VERTEX
  8
0
 10
860.076923
 20
313.076923
 42
0.067964
  0
VERTEX
  8
0
 10
857.447415
 20
315.074557
 42
0.113650
  0
VERTEX
  8
0
 10
854.796404
 20
315.858819
 42
0.081997
  0
VERTEX
  8
0
 10
851.473024
 20
315.517562
 42
0.023022
  0
VERTEX
  8
0
 10
846.491147
 20
313.910803
 42
-0.023916
  0
VERTEX
  8
0
 10
842.339716
 20
312.580070
 42
-0.105197
  0
VERTEX
  8
0
 10
839.785721
 20
312.445214
 42
-0.238378
  0
VERTEX
  8
0
 10
838.492802
 20
313.377825
 42
-0.156303
  0
VERTEX
  8
0
 10
838.179863
 20
315.225406
 42
-0.087000
  0
VERTEX
  8
0
 10
838.514034
 20
316.247907
 42
-0.078196
  0
VERTEX
  8
0
 10
839.185188
 20
317.139039
 42
-0.068139
  0
VERTEX
  8
0
 10
840.188220
 20
317.875202
 42
-0.045366
  0
VERTEX
  8
0
 10
841.500000
 20
318.439745
 42
0.008712
  0
VERTEX
  8
0
 10
844.284408
 20
319.403315
 42
0.210423
  0
VERTEX
  8
0
 10
844.864457
 20
319.960592
 42
0.319201
  0
VERTEX
  8
0
 10
844.711918
 20
320.619985
 42
0.017595
  0
VERTEX
  8
0
 10
842.985060
 20
322.046157
 42
0.039791
  0
VERTEX
  8
0
 10
840.666681
 20
323.550532
 42
0.187826
  0
VERTEX
  8
0
 10
839.122406
 20
323.744152
 42
0.155622
  0
VERTEX
  8
0
 10
837.678836
 20
322.848402
 42
0.025168
  0
SEQEND
  0
POLYLINE
  8
0
 66
1
 70
1
  0
VERTEX
  8
0
 10
827.185006
 20
304.259816
 42
0.022564
  0
VERTEX
  8
0
 10
825.609361
 20
301.821258
 42
0.107778
  0
VERTEX
  8
0
 10
825.100689
 20
300.253854
 42
0.270122
  0
VERTEX
  8
0
 10
825.505923
 20
299.366915
 42
0.154865
  0
VERTEX
  8
0
 10
826.662142
 20
299.000000
 42
-0.114181
  0
VERTEX
  8
0
 10
828.726387
 20
298.522376
 42
-0.014842
  0
VERTEX
  8
0
 10
832.753472
 20
296.403065
 42
-0.017712
  0
VERTEX
  8
0
 10
837.176573
 20
293.694036
 42
-0.019540
  0
VERTEX
  8
0
 10
841.250000
 20
290.761084
 42
-0.025697
  0
VERTEX
  8
0
 10
842.992967
 20
289.249276
 42
-0.054695
  0
VERTEX
  8
0
 10
844.135198
 20
287.881102
 42
-0.069709
  0
VERTEX
  8
0
 10
844.779272
 20
286.538053
 42
-0.077145
  0
VERTEX
  8
0
 10
845.000000
 20
285.115971
 42
-0.068601
  0
VERTEX
  8
0
 10
844.702611
 20
282.958640
 42
-0.111713
  0
VERTEX
  8
0
 10
843.826005
 20
281.340499
 42
-0.123059
  0
VERTEX
  8
0
 10
842.410092
 20
280.357346
 42
-0.094668
  0
VERTEX
  8
0
 10
840.550000
 20
280.031785
 42
-0.140875
  0
VERTEX
  8
0
 10
837.622306
 20
280.922730
 42
-0.010867
  0
VERTEX
  8
0
 10
830.759168
 20
285.588432
 42
-0.008327
  0
VERTEX
  8
0
 10
823.948540
 20
290.611149
 42
-0.233801
  0
VERTEX
  8
0
 10
823.000000
 20
292.528785
 42
0.220671
  0
VERTEX
  8
0
 10
822.477911
 20
293.654137
 42
0.307162
  0
VERTEX
  8
0
 10
821.407622
 20
293.768020
 42
0.097150
  0
VERTEX
  8
0
 10
819.713500
 20
292.387607
 42
0.030716
  0
VERTEX
  8
0
 10
817.777116
 20
289.742803
 42
0.000000
  0
VERTEX
  8
0
 10
815.054232
 20
285.500000
 42
0.000000
  0
VERTEX
  8
0
 10
817.277116
 20
285.164754
 42
-0.083460
  0
VERTEX
  8
0
 10
818.528244
 20
284.755383
 42
-0.011965
  0
VERTEX
  8
0
 10
820.892092
 20
283.443411
 42
-0.013312
  0
VERTEX
  8
0
 10
823.633462
 20
281.735240
 42
-0.011015
  0
VERTEX
  8
0
 10
826.461919
 20
279.775633
 42
0.028497
  0
VERTEX
  8
0
 10
833.764111
 20
275.085472
 42
0.107579
  0
VERTEX
  8
0
 10
838.926620
 20
273.490627
 42
0.156570
  0
VERTEX
  8
0
 10
843.185689
 20
274.466877
 42
0.084034
  0
VERTEX
  8
0
 10
847.338667
 20
277.990636
 42
0.078929
  0
VERTEX
  8
0
 10
849.141323
 20
280.984500
 42
0.074932
  0
VERTEX
  8
0
 10
849.969049
 20
284.443834
 42
0.077752
  0
VERTEX
  8
0
 10
849.728717
 20
287.875514
 42
0.096776
  0
VERTEX
  8
0
 10
848.432950
 20
290.792265
 42
0.059272
  0
VERTEX
  8
0
 10
847.399513
 20
291.948401
 42
0.010748
  0
VERTEX
  8
0
 10
845.196937
 20
293.809168
 42
0.011443
  0
VERTEX
  8
0
 10
842.507292
 20
295.884119
 42
0.010151
  0
VERTEX
  8
0
 10
839.617274
 20
297.920865
 42
-0.010732
  0
VERTEX
  8
0
 10
836.732221
 20
299.959137
 42
-0.012162
  0
VERTEX
  8
0
 10
834.057507
 20
302.038676
 42
-0.011424
  0
VERTEX
  8
0
 10
831.875886
 20
303.906375
 42
-0.063531
  0
VERTEX
  8
0
 10
830.869329
 20
305.070281
 42
0.000000
  0
VERTEX
  8
0
 10
829.370011
 20
307.328374
 42
0.000000
  0
SEQEND
  0
POLYLINE
  8
0
 66
1
 70
1
  0
VERTEX
  8
0
 10
145.829833
 20
300.636304
 42
-0.078966
  0
VERTEX
  8
0
 10
142.840986
 20
297.648058
 42
-0.013428
  0
VERTEX
  8
0
 10
136.175868
 20
293.080003
 42
-0.010708
  0
VERTEX
  8
0
 10
129.240365
 20
288.803253
 42
-0.133575
  0
VERTEX
  8
0
 10
126.287255
 20
288.000000
 42
0.069653
  0
VERTEX
  8
0
 10
124.652960
 20
287.771224
 42
0.352851
  0
VERTEX
  8
0
 10
124.159191
 20
287.071044
 42
0.123848
  0
VERTEX
  8
0
 10
124.590376
 20
285.728011
 42
0.009937
  0
VERTEX
  8
0
 10
126.635407
 20
282.585918
 42
0.007356
  0
VERTEX
  8
0
 10
128.386133
 20
280.089307
 42
0.133931
  0
VERTEX
  8
0
 10
129.136324
 20
279.484825
 42
0.295945
  0
VERTEX
  8
0
 10
129.826404
 20
279.598666
 42
0.039473
  0
VERTEX
  8
0
 10
130.885407
 20
280.728768
 42
-0.050462
  0
VERTEX
  8
0
 10
132.736248
 20
282.619017
 42
-0.031361
  0
VERTEX
  8
0
 10
135.242206
 20
284.455343
 42
-0.024681
  0
VERTEX
  8
0
 10
137.672561
 20
285.847961
 42
-0.324850
  0
VERTEX
  8
0
 10
138.638485
 20
285.694849
 42
-0.286670
  0
VERTEX
  8
0
 10
138.743718
 20
285.239323
 42
-0.012195
  0
VERTEX
  8
0
 10
138.142511
 20
283.621119
 42
-0.017739
  0
VERTEX
  8
0
 10
137.277460
 20
281.660843
 42
-0.011332
  0
VERTEX
  8
0
 10
136.141117
 20
279.444289
 42
0.009012
  0
VERTEX
  8
0
 10
134.319545
 20
275.931365
 42
0.069517
  0
VERTEX
  8
0
 10
133.735470
 20
274.177847
 42
0.118625
  0
VERTEX
  8
0
 10
133.812540
 20
272.736730
 42
0.046953
  0
VERTEX
  8
0
 10
134.559521
 20
270.884899
 42
0.068215
  0
VERTEX
  8
0
 10
135.856477
 20
269.042877
 42
0.132168
  0
VERTEX
  8
0
 10
137.372852
 20
268.095781
 42
0.268953
  0
VERTEX
  8
0
 10
138.492418
 20
268.357907
 42
0.206705
  0
VERTEX
  8
0
 10
139.000000
 20
269.533244
 42
-0.079777
  0
VERTEX
  8
0
 10
139.140438
 20
270.407834
 42
-0.012505
  0
VERTEX
  8
0
 10
139.730300
 20
272.057275
 42
-0.013631
  0
VERTEX
  8
0
 10
140.534279
 20
273.981839
 42
-0.011514
  0
VERTEX
  8
0
 10
141.486128
 20
275.972624
 42
-0.011982
  0
VERTEX
  8
0
 10
143.108792
 20
278.993052
 42
-0.106289
  0
VERTEX
  8
0
 10
144.109471
 20
280.114093
 42
-0.161421
  0
VERTEX
  8
0
 10
145.308565
 20
280.498463
 42
-0.037767
  0
VERTEX
  8
0
 10
147.439737
 20
280.316066
 42
0.039960
  0
VERTEX
  8
0
 10
149.409951
 20
280.156133
 42
0.094125
  0
VERTEX
  8
0
 10
150.853347
 20
280.428606
 42
0.079835
  0
VERTEX
  8
0
 10
152.237504
 20
281.246327
 42
0.023119
  0
VERTEX
  8
0
 10
154.076923
 20
282.923077
 42
0.023083
  0
VERTEX
  8
0
 10
155.757880
 20
284.766842
 42
0.080328
  0
VERTEX
  8
0
 10
156.573991
 20
286.150910
 42
0.094329
  0
VERTEX
  8
0
 10
156.843818
 20
287.597899
 42
0.039303
  0
VERTEX
  8
0
 10
156.679856
 20
289.585388
 42
0.083529
  0
VERTEX
  8
0
 10
155.634403
 20
292.662185
 42
0.018109
  0
VERTEX
  8
0
 10
152.784901
 20
297.520685
 42
0.011687
  0
VERTEX
  8
0
 10
149.610900
 20
302.260950
 42
0.256577
  0
VERTEX
  8
0
 10
148.164831
 20
302.968575
 42
0.165138
  0
VERTEX
  8
0
 10
147.814078
 20
302.830690
 42
0.020737
  0
VERTEX
  8
0
 10
147.204683
 20
302.270508
 42
0.022577
  0
VERTEX
  8
0
 10
146.518022
 20
301.519751
 42
0.016951
  0
SEQEND
  0
POLYLINE
  8
0
 66
1
 70
1
  0
VERTEX
  8
0
 10
150.844970
 20
290.977700
 42
-0.192620
  0
VERTEX
  8
0
 10
150.212676
 20
288.345803
 42
-0.135863
  0
VERTEX
  8
0
 10
147.828961
 20
286.400889
 42
-0.160281
  0
VERTEX
  8
0
 10
145.065657
 20
286.133563
 42
-0.250812
  0
VERTEX
  8
0
 10
143.300268
 20
287.659898
 42
-0.132199
  0
VERTEX
  8
0
 10
143.209158
 20
288.536747
 42
-0.090133
  0
VERTEX
  8
0
 10
143.544375
 20
289.487051
 42
-0.064510
  0
VERTEX
  8
0
 10
144.327534
 20
290.522089
 42
-0.029870
  0
VERTEX
  8
0
 10
145.581652
 20
291.654603
 42
-0.031810
  0
VERTEX
  8
0
 10
147.860970
 20
293.251630
 42
-0.170493
  0
VERTEX
  8
0
 10
149.322200
 20
293.562824
 42
-0.258528
  0
VERTEX
  8
0
 10
150.290223
 20
292.851250
 42
-0.071655
  0
SEQEND
  0
POLYLINE
  8
0
 66
1
 70
1
  0
VERTEX
  8
0
 10
810.494133
 20
277.664024
 42
0.090973
  0
VERTEX
  8
0
 10
807.168844
 20
275.355051
 42
0.023728
  0
VERTEX
  8
0
 10
802.789754
 20
270.510404
 42
0.020787
  0
VERTEX
  8
0
 10
798.907633
 20
265.360605
 42
0.152257
  0
VERTEX
  8
0
 10
798.000000
 20
262.449110
 42
0.296297
  0
VERTEX
  8
0
 10
798.144839
 20
262.226152
 42
0.082118
  0
VERTEX
  8
0
 10
798.568497
 20
262.115849
 42
0.055206
  0
VERTEX
  8
0
 10
799.193398
 20
262.128015
 42
0.031514
  0
VERTEX
  8
0
 10
799.935308
 20
262.272832
 42
-0.138263
  0
VERTEX
  8
0
 10
801.774479
 20
262.237873
 42
-0.065785
  0
VERTEX
  8
0
 10
803.949471
 20
261.253061
 42
-0.028690
  0
VERTEX
  8
0
 10
807.229698
 20
258.941277
 42
-0.003925
  0
VERTEX
  8
0
 10
813.750000
 20
253.677935
 42
-0.012749
  0
VERTEX
  8
0
 10
816.670268
 20
251.155275
 42
-0.021190
  0
VERTEX
  8
0
 10
818.981422
 20
248.867347
 42
-0.020457
  0
VERTEX
  8
0
 10
820.627942
 20
246.940718
 42
-0.168122
  0
VERTEX
  8
0
 10
821.000000
 20
245.865479
 42
0.139523
  0
VERTEX
  8
0
 10
821.385845
 20
244.509671
 42
0.377308
  0
VERTEX
  8
0
 10
822.268499
 20
244.241754
 42
0.099612
  0
VERTEX
  8
0
 10
823.844511
 20
245.379915
 42
0.015076
  0
VERTEX
  8
0
 10
826.411836
 20
248.327102
 42
0.037919
  0
VERTEX
  8
0
 10
830.473218
 20
254.129740
 42
0.079611
  0
VERTEX
  8
0
 10
832.489010
 20
259.236077
 42
0.095810
  0
VERTEX
  8
0
 10
832.615211
 20
264.077834
 42
0.076842
  0
VERTEX
  8
0
 10
830.980245
 20
269.038723
 42
0.094189
  0
VERTEX
  8
0
 10
827.244070
 20
273.857028
 42
0.081404
  0
VERTEX
  8
0
 10
821.816977
 20
277.266764
 42
0.085319
  0
VERTEX
  8
0
 10
815.835268
 20
278.656481
 42
0.121477
  0
SEQEND
  0
POLYLINE
  8
0
 66
1
 70
1
  0
VERTEX
  8
0
 10
818.997967
 20
270.501051
 42
-0.081790
  0
VERTEX
  8
0
 10
823.042843
 20
267.486535
 42
-0.085639
  0
VERTEX
  8
0
 10
825.831523
 20
263.377386
 42
-0.099818
  0
VERTEX
  8
0
 10
826.812048
 20
259.121019
 42
-0.166209
  0
VERTEX
  8
0
 10
825.729012
 20
255.644079
 42
-0.192983
  0
VERTEX
  8
0
 10
824.684586
 20
254.991972
 42
-0.157989
  0
VERTEX
  8
0
 10
823.370752
 20
255.172461
 42
-0.047222
  0
VERTEX
  8
0
 10
821.208561
 20
256.481164
 42
-0.004517
  0
VERTEX
  8
0
 10
816.289247
 20
260.202950
 42
-0.009614
  0
VERTEX
  8
0
 10
813.155022
 20
262.716559
 42
-0.014042
  0
VERTEX
  8
0
 10
810.502355
 20
265.058483
 42
-0.009425
  0
VERTEX
  8
0
 10
808.411825
 20
267.086394
 42
-0.186735
  0
VERTEX
  8
0
 10
808.060235
 20
267.889757
 42
-0.221781
  0
VERTEX
  8
0
 10
808.989736
 20
270.130713
 42
-0.127373
  0
VERTEX
  8
0
 10
811.625118
 20
271.528742
 42
-0.095561
  0
VERTEX
  8
0
 10
815.310600
 20
271.690314
 42
-0.082818
  0
SEQEND
  0
POLYLINE
  8
0
 66
1
 70
1
  0
VERTEX
  8
0
 10
154.556738
 20
271.915157
 42
-0.004938
  0
VERTEX
  8
0
 10
149.850105
 20
270.032311
 42
-0.006839
  0
VERTEX
  8
0
 10
145.591079
 20
268.443827
 42
-0.004468
  0
VERTEX
  8
0
 10
141.998269
 20
267.195614
 42
-0.081540
  0
VERTEX
  8
0
 10
140.806738
 20
267.000000
 42
0.150217
  0
VERTEX
  8
0
 10
139.585867
 20
266.624742
 42
0.256191
  0
VERTEX
  8
0
 10
139.112787
 20
265.699834
 42
0.129037
  0
VERTEX
  8
0
 10
139.551283
 20
264.205640
 42
0.038309
  0
VERTEX
  8
0
 10
140.943562
 20
262.250000
 42
0.018427
  0
VERTEX
  8
0
 10
142.392337
 20
260.637991
 42
0.132889
  0
VERTEX
  8
0
 10
143.281113
 20
260.108129
 42
0.383967
  0
VERTEX
  8
0
 10
143.803893
 20
260.367041
 42
0.094714
  0
VERTEX
  8
0
 10
144.000000
 20
261.393011
 42
-0.171516
  0
VERTEX
  8
0
 10
144.350156
 20
262.383748
 42
-0.093235
  0
VERTEX
  8
0
 10
145.344932
 20
263.230878
 42
-0.074311
  0
VERTEX
  8
0
 10
146.822181
 20
263.805764
 42
-0.055752
  0
VERTEX
  8
0
 10
148.558734
 20
264.000000
 42
-0.197756
  0
VERTEX
  8
0
 10
150.072694
 20
263.376841
 42
-0.064691
  0
VERTEX
  8
0
 10
151.583286
 20
261.433068
 42
-0.063422
  0
VERTEX
  8
0
 10
152.588620
 20
259.086515
 42
-0.147411
  0
VERTEX
  8
0
 10
152.560926
 20
257.191960
 42
-0.067865
  0
VERTEX
  8
0
 10
152.183808
 20
256.396806
 42
-0.042440
  0
VERTEX
  8
0
 10
151.548451
 20
255.583553
 42
-0.041915
  0
VERTEX
  8
0
 10
150.770776
 20
254.874916
 42
-0.058524
  0
VERTEX
  8
0
 10
149.963681
 20
254.392997
 42
0.052431
  0
VERTEX
  8
0
 10
148.850013
 20
253.746243
 42
0.271251
  0
VERTEX
  8
0
 10
148.577265
 20
253.118936
 42
0.112872
  0
VERTEX
  8
0
 10
148.908841
 20
252.194573
 42
0.007010
  0
VERTEX
  8
0
 10
150.521735
 20
249.750000
 42
0.018170
  0
VERTEX
  8
0
 10
152.603405
 20
246.916295
 42
0.190353
  0
VERTEX
  8
0
 10
153.826959
 20
246.208116
 42
0.313180
  0
VERTEX
  8
0
 10
154.827361
 20
246.701942
 42
0.042481
  0
VERTEX
  8
0
 10
155.834588
 20
248.955343
 42
-0.035770
  0
VERTEX
  8
0
 10
156.490524
 20
250.477255
 42
-0.009721
  0
VERTEX
  8
0
 10
157.742766
 20
252.781024
 42
-0.009783
  0
VERTEX
  8
0
 10
159.269640
 20
255.346275
 42
-0.010024
  0
VERTEX
  8
0
 10
160.883795
 20
257.828881
 42
0.006443
  0
VERTEX
  8
0
 10
165.828287
 20
265.315773
 42
0.024620
  0
VERTEX
  8
0
 10
168.613879
 20
270.163481
 42
0.037401
  0
VERTEX
  8
0
 10
170.004940
 20
273.476235
 42
0.211311
  0
VERTEX
  8
0
 10
169.829807
 20
275.339634
 42
0.173206
  0
VERTEX
  8
0
 10
168.571326
 20
276.438035
 42
0.149893
  0
VERTEX
  8
0
 10
166.815691
 20
276.573490
 42
0.039821
  0
VERTEX
  8
0
 10
163.573803
 20
275.570054
 42
0.002662
  0
SEQEND
  0
POLYLINE
  8
0
 66
1
 70
1
  0
VERTEX
  8
0
 10
158.295311
 20
265.850866
 42
-0.073051
  0
VERTEX
  8
0
 10
156.849031
 20
264.775048
 42
-0.131440
  0
VERTEX
  8
0
 10
155.420064
 20
264.436950
 42
-0.204559
  0
VERTEX
  8
0
 10
154.413175
 20
264.901905
 42
-0.185754
  0
VERTEX
  8
0
 10
154.000000
 20
265.975684
 42
-0.282444
  0
VERTEX
  8
0
 10
154.467863
 20
266.737852
 42
-0.022962
  0
VERTEX
  8
0
 10
156.699063
 20
267.744398
 42
-0.023402
  0
VERTEX
  8
0
 10
159.017259
 20
268.541229
 42
-0.256843
  0
VERTEX
  8
0
 10
159.944444
 20
268.335317
 42
-0.338171
  0
VERTEX
  8
0
 10
159.998641
 20
268.064128
 42
-0.032775
  0
VERTEX
  8
0
 10
159.643345
 20
267.444275
 42
-0.031063
  0
VERTEX
  8
0
 10
159.065851
 20
266.681630
 42
-0.018798
  0
SEQEND
  0
POLYLINE
  8
0
 66
1
 70
1
  0
VERTEX
  8
0
 10
792.608340
 20
257.758806
 42
0.006946
  0
VERTEX
  8
0
 10
790.985626
 20
255.624934
 42
0.128952
  0
VERTEX
  8
0
 10
790.674229
 20
254.844795
 42
0.301629
  0
VERTEX
  8
0
 10
790.939722
 20
254.312428
 42
0.042018
  0
VERTEX
  8
0
 10
792.113116
 20
253.762452
 42
-0.068536
  0
VERTEX
  8
0
 10
794.495183
 20
252.488298
 42
-0.012477
  0
VERTEX
  8
0
 10
798.480878
 20
249.439541
 42
-0.006987
  0
VERTEX
  8
0
 10
802.477155
 20
246.128402
 42
-0.219662
  0
VERTEX
  8
0
 10
803.000000
 20
244.995713
 42
-0.427018
  0
VERTEX
  8
0
 10
802.735539
 20
244.742518
 42
-0.010423
  0
VERTEX
  8
0
 10
800.870312
 20
244.862741
 42
-0.016270
  0
VERTEX
  8
0
 10
798.530278
 20
245.139557
 42
-0.009541
  0
VERTEX
  8
0
 10
795.750000
 20
245.614997
 42
0.010065
  0
VERTEX
  8
0
 10
789.282173
 20
246.714050
 42
0.053017
  0
VERTEX
  8
0
 10
785.689360
 20
246.865952
 42
0.098038
  0
VERTEX
  8
0
 10
783.255229
 20
246.220682
 42
0.090754
  0
VERTEX
  8
0
 10
781.174314
 20
244.685549
 42
0.036787
  0
VERTEX
  8
0
 10
779.618392
 20
242.764023
 42
0.131663
  0
VERTEX
  8
0
 10
779.088157
 20
241.289903
 42
0.274721
  0
VERTEX
  8
0
 10
779.533778
 20
240.373829
 42
0.146494
  0
VERTEX
  8
0
 10
780.782315
 20
240.000000
 42
-0.182908
  0
VERTEX
  8
0
 10
783.535517
 20
238.957973
 42
-0.007829
  0
VERTEX
  8
0
 10
791.334586
 20
231.846862
 42
-0.007460
  0
VERTEX
  8
0
 10
798.940820
 20
224.473290
 42
-0.199071
  0
VERTEX
  8
0
 10
800.000000
 20
221.918414
 42
0.093138
  0
VERTEX
  8
0
 10
800.262140
 20
220.523360
 42
0.365594
  0
VERTEX
  8
0
 10
800.973956
 20
220.136046
 42
0.133787
  0
VERTEX
  8
0
 10
802.208462
 20
220.761075
 42
0.018038
  0
VERTEX
  8
0
 10
804.312909
 20
222.804719
 42
0.029423
  0
VERTEX
  8
0
 10
806.209032
 20
225.032478
 42
0.124241
  0
VERTEX
  8
0
 10
806.885242
 20
226.635852
 42
0.294659
  0
VERTEX
  8
0
 10
806.452678
 20
227.601346
 42
0.145128
  0
VERTEX
  8
0
 10
805.108154
 20
228.000000
 42
-0.162495
  0
VERTEX
  8
0
 10
803.123546
 20
228.662471
 42
-0.010931
  0
VERTEX
  8
0
 10
798.360407
 20
232.406801
 42
-0.009478
  0
VERTEX
  8
0
 10
793.705973
 20
236.383430
 42
-0.214401
  0
VERTEX
  8
0
 10
793.000000
 20
237.954136
 42
-0.424886
  0
VERTEX
  8
0
 10
793.272303
 20
238.216730
 42
-0.008252
  0
VERTEX
  8
0
 10
795.423437
 20
238.103042
 42
-0.014452
  0
VERTEX
  8
0
 10
798.086318
 20
237.840688
 42
-0.008522
  0
VERTEX
  8
0
 10
801.250000
 20
237.381460
 42
0.008241
  0
VERTEX
  8
0
 10
808.210099
 20
236.367176
 42
0.032631
  0
VERTEX
  8
0
 10
812.523534
 20
236.095119
 42
0.056238
  0
VERTEX
  8
0
 10
815.307096
 20
236.415541
 42
0.164230
  0
VERTEX
  8
0
 10
816.930902
 20
237.416742
 42
0.295892
  0
VERTEX
  8
0
 10
817.064731
 20
238.551866
 42
0.064524
  0
VERTEX
  8
0
 10
815.919974
 20
240.273179
 42
0.029114
  0
VERTEX
  8
0
 10
813.327400
 20
242.925735
 42
0.004872
  0
VERTEX
  8
0
 10
808.017717
 20
247.666742
 42
-0.009089
  0
VERTEX
  8
0
 10
804.111608
 20
251.214158
 42
-0.012323
  0
VERTEX
  8
0
 10
800.724124
 20
254.566168
 42
-0.009322
  0
VERTEX
  8
0
 10
798.042348
 20
257.460060
 42
-0.120441
  0
VERTEX
  8
0
 10
797.355963
 20
258.750000
 42
0.065242
  0
VERTEX
  8
0
 10
796.684157
 20
260.434067
 42
0.327715
  0
VERTEX
  8
0
 10
795.815226
 20
260.830004
 42
0.158265
  0
VERTEX
  8
0
 10
794.622895
 20
260.147722
 42
0.018270
  0
SEQEND
  0
POLYLINE
  8
0
 66
1
 70
1
  0
VERTEX
  8
0
 10
170.436291
 20
258.587462
 42
0.079737
  0
VERTEX
  8
0
 10
167.129950
 20
256.468804
 42
0.039869
  0
VERTEX
  8
0
 10
163.691352
 20
252.866067
 42
0.039896
  0
VERTEX
  8
0
 10
160.906652
 20
248.818706
 42
0.090754
  0
VERTEX
  8
0
 10
159.666937
 20
245.335001
 42
0.039032
  0
VERTEX
  8
0
 10
159.529323
 20
243.677823
 42
0.029021
  0
VERTEX
  8
0
 10
159.626992
 20
241.843606
 42
0.029203
  0
VERTEX
  8
0
 10
159.934144
 20
240.050103
 42
0.041969
  0
VERTEX
  8
0
 10
160.428390
 20
238.517145
 42
0.074842
  0
VERTEX
  8
0
 10
162.021730
 20
235.890032
 42
0.049423
  0
VERTEX
  8
0
 10
164.543046
 20
233.408523
 42
0.050663
  0
VERTEX
  8
0
 10
167.343684
 20
231.583872
 42
0.119615
  0
VERTEX
  8
0
 10
169.749383
 20
231.000000
 42
0.138051
  0
VERTEX
  8
0
 10
171.378217
 20
231.458461
 42
0.042569
  0
VERTEX
  8
0
 10
173.452748
 20
232.983211
 42
0.069062
  0
VERTEX
  8
0
 10
174.715909
 20
234.441029
 42
0.567574
  0
VERTEX
  8
0
 10
174.404988
 20
235.074310
 42
-0.056952
  0
VERTEX
  8
0
 10
170.215545
 20
235.904856
 42
-0.102917
  0
VERTEX
  8
0
 10
167.183322
 20
237.619332
 42
-0.135580
  0
VERTEX
  8
0
 10
165.599135
 20
240.029091
 42
-0.140399
  0
VERTEX
  8
0
 10
165.504958
 20
242.875777
 42
-0.063436
  0
VERTEX
  8
0
 10
166.680532
 20
245.883394
 42
-0.055954
  0
VERTEX
  8
0
 10
168.613520
 20
248.642601
 42
-0.053038
  0
VERTEX
  8
0
 10
171.220673
 20
251.032394
 42
-0.046311
  0
VERTEX
  8
0
 10
174.389237
 20
252.946381
 42
-0.016641
  0
VERTEX
  8
0
 10
176.825700
 20
254.027319
 42
-0.062866
  0
VERTEX
  8
0
 10
178.435742
 20
254.453411
 42
-0.087362
  0
VERTEX
  8
0
 10
179.812730
 20
254.396738
 42
-0.053078
  0
VERTEX
  8
0
 10
181.363036
 20
253.880451
 42
-0.077051
  0
VERTEX
  8
0
 10
183.201488
 20
252.672473
 42
-0.102331
  0
VERTEX
  8
0
 10
184.379945
 20
251.062021
 42
-0.103606
  0
VERTEX
  8
0
 10
184.814100
 20
249.132254
 42
-0.080712
  0
VERTEX
  8
0
 10
184.500000
 20
247.000000
 42
0.169684
  0
VERTEX
  8
0
 10
184.540279
 20
245.603461
 42
0.314544
  0
VERTEX
  8
0
 10
185.436528
 20
244.995153
 42
0.140330
  0
VERTEX
  8
0
 10
187.127980
 20
245.503637
 42
0.053685
  0
VERTEX
  8
0
 10
189.060130
 20
247.060130
 42
0.023749
  0
VERTEX
  8
0
 10
190.308670
 20
248.433267
 42
0.170111
  0
VERTEX
  8
0
 10
190.614374
 20
249.261934
 42
0.131295
  0
VERTEX
  8
0
 10
190.378365
 20
250.207198
 42
0.012090
  0
VERTEX
  8
0
 10
189.146365
 20
252.310130
 42
0.078255
  0
VERTEX
  8
0
 10
185.455860
 20
256.600987
 42
0.095433
  0
VERTEX
  8
0
 10
180.851245
 20
259.200821
 42
0.097787
  0
VERTEX
  8
0
 10
175.701841
 20
259.867491
 42
0.086346
  0
SEQEND
  0
POLYLINE
  8
0
 66
1
 70
1
  0
VERTEX
  8
0
 10
187.500000
 20
240.427407
 42
0.052829
  0
VERTEX
  8
0
 10
182.888329
 20
237.371918
 42
0.074811
  0
VERTEX
  8
0
 10
179.607263
 20
233.711036
 42
0.078894
  0
VERTEX
  8
0
 10
177.664248
 20
229.405644
 42
0.066716
  0
VERTEX
  8
0
 10
177.000000
 20
224.449660
 42
0.027529
  0
VERTEX
  8
0
 10
177.143980
 20
221.836551
 42
0.072517
  0
VERTEX
  8
0
 10
177.615618
 20
220.026269
 42
0.070993
  0
VERTEX
  8
0
 10
178.591176
 20
218.403930
 42
0.025569
  0
VERTEX
  8
0
 10
180.400000
 20
216.400000
 42
0.025569
  0
VERTEX
  8
0
 10
182.403930
 20
214.591176
 42
0.070993
  0
VERTEX
  8
0
 10
184.026269
 20
213.615618
 42
0.072517
  0
VERTEX
  8
0
 10
185.836551
 20
213.143980
 42
0.027529
  0
VERTEX
  8
0
 10
188.449660
 20
213.000000
 42
0.045196
  0
VERTEX
  8
0
 10
192.286986
 20
213.347576
 42
0.065586
  0
VERTEX
  8
0
 10
195.520224
 20
214.389145
 42
0.059820
  0
VERTEX
  8
0
 10
198.580638
 20
216.316957
 42
0.030909
  0
VERTEX
  8
0
 10
201.915066
 20
219.382593
 42
0.028495
  0
VERTEX
  8
0
 10
203.698434
 20
221.463309
 42
0.061058
  0
VERTEX
  8
0
 10
204.765092
 20
223.285229
 42
0.057905
  0
VERTEX
  8
0
 10
205.392411
 20
225.372083
 42
0.023402
  0
VERTEX
  8
0
 10
205.777003
 20
228.324498
 42
0.036421
  0
VERTEX
  8
0
 10
205.818654
 20
232.519736
 42
0.086901
  0
VERTEX
  8
0
 10
205.091875
 20
235.538604
 42
0.098090
  0
VERTEX
  8
0
 10
203.453100
 20
237.907614
 42
0.055687
  0
VERTEX
  8
0
 10
200.686178
 20
240.049773
 42
0.068508
  0
VERTEX
  8
0
 10
197.614793
 20
241.387433
 42
0.061406
  0
VERTEX
  8
0
 10
194.178133
 20
241.911365
 42
0.061060
  0
VERTEX
  8
0
 10
190.698237
 20
241.585614
 42
0.066168
  0
SEQEND
  0
POLYLINE
  8
0
 66
1
 70
1
  0
VERTEX
  8
0
 10
199.428571
 20
235.428571
 42
-0.041486
  0
VERTEX
  8
0
 10
200.029933
 20
234.718185
 42
-0.035954
  0
VERTEX
  8
0
 10
200.538393
 20
233.884520
 42
-0.037605
  0
VERTEX
  8
0
 10
200.888552
 20
233.057748
 42
-0.081542
  0
VERTEX
  8
0
 10
201.000000
 20
232.378912
 42
-0.147554
  0
VERTEX
  8
0
 10
199.745489
 20
228.220436
 42
-0.050175
  0
VERTEX
  8
0
 10
195.703106
 20
223.285024
 42
-0.050178
  0
VERTEX
  8
0
 10
190.756763
 20
219.252247
 42
-0.146978
  0
VERTEX
  8
0
 10
186.588794
 20
218.000000
 42
-0.120886
  0
VERTEX
  8
0
 10
185.882514
 20
218.173291
 42
-0.045725
  0
VERTEX
  8
0
 10
185.022449
 20
218.727722
 42
-0.041920
  0
VERTEX
  8
0
 10
184.157986
 20
219.529467
 42
-0.039819
  0
VERTEX
  8
0
 10
183.422883
 20
220.477352
 42
-0.039363
  0
VERTEX
  8
0
 10
182.562672
 20
222.046898
 42
-0.122876
  0
VERTEX
  8
0
 10
182.350783
 20
223.223713
 42
-0.083855
  0
VERTEX
  8
0
 10
182.680811
 20
224.610088
 42
-0.012456
  0
VERTEX
  8
0
 10
183.872197
 20
227.235995
 42
-0.038693
  0
VERTEX
  8
0
 10
185.015500
 20
229.195433
 42
-0.031436
  0
VERTEX
  8
0
 10
186.522777
 20
231.104275
 42
-0.031060
  0
VERTEX
  8
0
 10
188.280307
 20
232.834120
 42
-0.035040
  0
VERTEX
  8
0
 10
190.172536
 20
234.258643
 42
-0.026026
  0
VERTEX
  8
0
 10
193.423301
 20
236.133826
 42
-0.086578
  0
VERTEX
  8
0
 10
195.771869
 20
236.856347
 42
-0.130208
  0
VERTEX
  8
0
 10
197.671898
 20
236.601697
 42
-0.098620
  0
SEQEND
  0
POLYLINE
  8
0
 66
1
 70
1
  0
VERTEX
  8
0
 10
767.265188
 20
230.548977
 42
0.000000
  0
VERTEX
  8
0
 10
764.500000
 20
228.167759
 42
0.000000
  0
VERTEX
  8
0
 10
766.713295
 20
225.808499
 42
-0.069048
  0
VERTEX
  8
0
 10
769.182855
 20
222.316971
 42
-0.008455
  0
VERTEX
  8
0
 10
773.355277
 20
213.912821
 42
-0.006781
  0
VERTEX
  8
0
 10
777.325925
 20
205.263006
 42
-0.104576
  0
VERTEX
  8
0
 10
778.000000
 20
202.075355
 42
0.100248
  0
VERTEX
  8
0
 10
778.370911
 20
200.243977
 42
0.277471
  0
VERTEX
  8
0
 10
779.391755
 20
199.499951
 42
0.171184
  0
VERTEX
  8
0
 10
780.998183
 20
199.911148
 42
0.043606
  0
VERTEX
  8
0
 10
783.125845
 20
201.620567
 42
0.000000
  0
VERTEX
  8
0
 10
786.089169
 20
204.459612
 42
0.000000
  0
VERTEX
  8
0
 10
783.544584
 20
206.313212
 42
-0.078460
  0
VERTEX
  8
0
 10
781.710347
 20
208.150262
 42
-0.165348
  0
VERTEX
  8
0
 10
781.121484
 20
210.051864
 42
-0.160757
  0
VERTEX
  8
0
 10
781.808486
 20
211.956254
 42
-0.073197
  0
VERTEX
  8
0
 10
783.750000
 20
213.800313
 42
-0.095636
  0
VERTEX
  8
0
 10
786.204232
 20
214.904662
 42
-0.131043
  0
VERTEX
  8
0
 10
788.614207
 20
214.836059
 42
-0.161227
  0
VERTEX
  8
0
 10
790.337861
 20
213.634536
 42
-0.161977
  0
VERTEX
  8
0
 10
791.000000
 20
211.644238
 42
0.127605
  0
VERTEX
  8
0
 10
791.213833
 20
210.820013
 42
0.392906
  0
VERTEX
  8
0
 10
791.714071
 20
210.657361
 42
0.078356
  0
VERTEX
  8
0
 10
792.721760
 20
211.333201
 42
0.006582
  0
VERTEX
  8
0
 10
795.000000
 20
213.500000
 42
0.011165
  0
VERTEX
  8
0
 10
797.725616
 20
216.283053
 42
0.082528
  0
VERTEX
  8
0
 10
798.752231
 20
217.823116
 42
0.346184
  0
VERTEX
  8
0
 10
798.551580
 20
218.631611
 42
0.166768
  0
VERTEX
  8
0
 10
797.477803
 20
219.000000
 42
-0.109514
  0
VERTEX
  8
0
 10
795.459793
 20
219.447367
 42
-0.004530
  0
VERTEX
  8
0
 10
788.738732
 20
222.655770
 42
-0.008568
  0
VERTEX
  8
0
 10
781.607160
 20
226.292466
 42
-0.011012
  0
VERTEX
  8
0
 10
775.185477
 20
229.890639
 42
0.000000
  0
VERTEX
  8
0
 10
770.030375
 20
232.930196
 42
0.000000
  0
SEQEND
  0
POLYLINE
  8
0
 66
1
 70
1
  0
VERTEX
  8
0
 10
781.000000
 20
218.096765
 42
-0.117046
  0
VERTEX
  8
0
 10
780.903006
 20
217.688101
 42
-0.036687
  0
VERTEX
  8
0
 10
780.577668
 20
217.144623
 42
-0.034386
  0
VERTEX
  8
0
 10
780.112483
 20
216.571124
 42
-0.031969
  0
VERTEX
  8
0
 10
779.562273
 20
216.051682
 42
-0.092165
  0
VERTEX
  8
0
 10
778.760364
 20
215.604270
 42
-0.221607
  0
VERTEX
  8
0
 10
778.100330
 20
215.677878
 42
-0.117376
  0
VERTEX
  8
0
 10
777.443355
 20
216.328984
 42
-0.019741
  0
VERTEX
  8
0
 10
776.562273
 20
217.879577
 42
-0.007380
  0
VERTEX
  8
0
 10
775.166415
 20
220.679389
 42
-0.241949
  0
VERTEX
  8
0
 10
775.186236
 20
221.412154
 42
-0.391915
  0
VERTEX
  8
0
 10
775.737682
 20
221.596089
 42
-0.013041
  0
VERTEX
  8
0
 10
778.000000
 20
220.500000
 42
-0.020884
  0
VERTEX
  8
0
 10
779.148959
 20
219.843657
 42
-0.028664
  0
VERTEX
  8
0
 10
780.118750
 20
219.154113
 42
-0.028410
  0
VERTEX
  8
0
 10
780.826407
 20
218.518004
 42
-0.197974
  0
SEQEND
  0
POLYLINE
  8
0
 66
1
 70
1
  0
VERTEX
  8
0
 10
746.856984
 20
212.184777
 42
0.000000
  0
VERTEX
  8
0
 10
742.500000
 20
208.097728
 42
0.000000
  0
VERTEX
  8
0
 10
745.500000
 20
207.004139
 42
-0.115436
  0
VERTEX
  8
0
 10
748.608807
 20
204.969951
 42
-0.011545
  0
VERTEX
  8
0
 10
754.628099
 20
198.357032
 42
-0.011139
  0
VERTEX
  8
0
 10
760.353179
 20
191.463634
 42
-0.124320
  0
VERTEX
  8
0
 10
761.808549
 20
188.234418
 42
0.109502
  0
VERTEX
  8
0
 10
762.846457
 20
185.739230
 42
0.350143
  0
VERTEX
  8
0
 10
764.460575
 20
185.266570
 42
0.083684
  0
VERTEX
  8
0
 10
767.317584
 20
187.040774
 42
0.005924
  0
VERTEX
  8
0
 10
774.307826
 20
193.353898
 42
0.010205
  0
VERTEX
  8
0
 10
776.742116
 20
195.699284
 42
0.116819
  0
VERTEX
  8
0
 10
777.434447
 20
196.825963
 42
0.172074
  0
VERTEX
  8
0
 10
777.408927
 20
197.965631
 42
0.028521
  0
VERTEX
  8
0
 10
776.499164
 20
200.001616
 42
0.054994
  0
VERTEX
  8
0
 10
775.142682
 20
202.040202
 42
0.226826
  0
VERTEX
  8
0
 10
773.830806
 20
202.638187
 42
0.285081
  0
VERTEX
  8
0
 10
772.765643
 20
201.949658
 42
0.075533
  0
VERTEX
  8
0
 10
772.158825
 20
199.921672
 42
-0.073894
  0
VERTEX
  8
0
 10
771.594668
 20
198.013628
 42
-0.047971
  0
VERTEX
  8
0
 10
770.428082
 20
196.026551
 42
-0.048470
  0
VERTEX
  8
0
 10
769.046907
 20
194.463189
 42
-0.189814
  0
VERTEX
  8
0
 10
767.870751
 20
194.000000
 42
-0.220258
  0
VERTEX
  8
0
 10
766.382055
 20
194.689231
 42
-0.003156
  0
VERTEX
  8
0
 10
759.933589
 20
202.387208
 42
-0.003788
  0
VERTEX
  8
0
 10
753.671662
 20
210.076959
 42
-0.167943
  0
VERTEX
  8
0
 10
752.984790
 20
212.000000
 42
0.045926
  0
VERTEX
  8
0
 10
752.915668
 20
212.674892
 42
0.026575
  0
VERTEX
  8
0
 10
752.716077
 20
213.466487
 42
0.026382
  0
VERTEX
  8
0
 10
752.429036
 20
214.245869
 42
0.039750
  0
VERTEX
  8
0
 10
752.091671
 20
214.885914
 42
0.226174
  0
VERTEX
  8
0
 10
751.415826
 20
215.310939
 42
0.149318
  0
VERTEX
  8
0
 10
750.496846
 20
215.143784
 42
0.058354
  0
VERTEX
  8
0
 10
749.119944
 20
214.215985
 42
0.010981
  0
SEQEND
  0
POLYLINE
  8
0
 66
1
 70
1
  0
VERTEX
  8
0
 10
232.000000
 20
205.112898
 42
-0.163202
  0
VERTEX
  8
0
 10
230.969769
 20
202.040662
 42
-0.009540
  0
VERTEX
  8
0
 10
224.783713
 20
194.170956
 42
-0.011652
  0
VERTEX
  8
0
 10
218.355506
 20
186.670432
 42
-0.110429
  0
VERTEX
  8
0
 10
214.931266
 20
184.231185
 42
0.000000
  0
VERTEX
  8
0
 10
211.921838
 20
182.962371
 42
0.000000
  0
VERTEX
  8
0
 10
216.710919
 20
178.815620
 42
0.018569
  0
VERTEX
  8
0
 10
218.866004
 20
177.085309
 42
0.013442
  0
VERTEX
  8
0
 10
221.385787
 20
175.314840
 42
0.013611
  0
VERTEX
  8
0
 10
223.873576
 20
173.760717
 42
0.028621
  0
VERTEX
  8
0
 10
225.900270
 20
172.721169
 42
0.019787
  0
VERTEX
  8
0
 10
228.405072
 20
171.729014
 42
0.059930
  0
VERTEX
  8
0
 10
230.192541
 20
171.333327
 42
0.067377
  0
VERTEX
  8
0
 10
231.904487
 20
171.395696
 42
0.030042
  0
VERTEX
  8
0
 10
234.105203
 20
171.913374
 42
0.102191
  0
VERTEX
  8
0
 10
240.753702
 20
175.500457
 42
0.093550
  0
VERTEX
  8
0
 10
245.685613
 20
181.527576
 42
0.101353
  0
VERTEX
  8
0
 10
247.821064
 20
188.499547
 42
0.145457
  0
VERTEX
  8
0
 10
246.585319
 20
194.799660
 42
0.068785
  0
VERTEX
  8
0
 10
244.189575
 20
198.155969
 42
0.022465
  0
VERTEX
  8
0
 10
239.806865
 20
202.393781
 42
0.017903
  0
VERTEX
  8
0
 10
235.197003
 20
206.181969
 42
0.164476
  0
VERTEX
  8
0
 10
232.777494
 20
207.000000
 42
0.221777
  0
VERTEX
  8
0
 10
232.479900
 20
206.861173
 42
0.076902
  0
VERTEX
  8
0
 10
232.228389
 20
206.445664
 42
0.058479
  0
VERTEX
  8
0
 10
232.056899
 20
205.835498
 42
0.039310
  0
SEQEND
  0
POLYLINE
  8
0
 66
1
 70
1
  0
VERTEX
  8
0
 10
239.171259
 20
196.345012
 42
-0.165533
  0
VERTEX
  8
0
 10
240.823856
 20
193.370645
 42
-0.105656
  0
VERTEX
  8
0
 10
240.698154
 20
189.378746
 42
-0.083348
  0
VERTEX
  8
0
 10
238.785886
 20
184.958719
 42
-0.060037
  0
VERTEX
  8
0
 10
235.339276
 20
180.821323
 42
-0.047494
  0
VERTEX
  8
0
 10
232.476862
 20
178.593431
 42
-0.092632
  0
VERTEX
  8
0
 10
229.801668
 20
177.519550
 42
-0.115456
  0
VERTEX
  8
0
 10
227.324108
 20
177.601087
 42
-0.104848
  0
VERTEX
  8
0
 10
225.040762
 20
178.765909
 42
0.000000
  0
VERTEX
  8
0
 10
222.707981
 20
180.654881
 42
0.000000
  0
VERTEX
  8
0
 10
229.603990
 20
189.279880
 42
-0.002536
  0
VERTEX
  8
0
 10
232.277964
 20
192.589720
 42
-0.004059
  0
VERTEX
  8
0
 10
234.598042
 20
195.385257
 42
-0.000935
  0
VERTEX
  8
0
 10
236.649880
 20
197.807926
 42
-0.190711
  0
VERTEX
  8
0
 10
236.921259
 20
197.952440
 42
-0.171728
  0
VERTEX
  8
0
 10
237.172027
 20
197.894328
 42
-0.013121
  0
VERTEX
  8
0
 10
237.755966
 20
197.499877
 42
-0.016822
  0
VERTEX
  8
0
 10
238.440056
 20
196.975526
 42
-0.011988
  0
SEQEND
  0
POLYLINE
  8
0
 66
1
 70
1
  0
VERTEX
  8
0
 10
730.727844
 20
198.927196
 42
0.014279
  0
VERTEX
  8
0
 10
727.998234
 20
196.543121
 42
0.138972
  0
VERTEX
  8
0
 10
727.206743
 20
195.246746
 42
0.337354
  0
VERTEX
  8
0
 10
727.569322
 20
194.335717
 42
0.071431
  0
VERTEX
  8
0
 10
729.250000
 20
193.627761
 42
-0.073979
  0
VERTEX
  8
0
 10
730.255018
 20
193.198403
 42
-0.033335
  0
VERTEX
  8
0
 10
731.426562
 20
192.365419
 42
-0.032082
  0
VERTEX
  8
0
 10
732.568857
 20
191.303676
 42
-0.037762
  0
VERTEX
  8
0
 10
733.500000
 20
190.157611
 42
0.005865
  0
VERTEX
  8
0
 10
734.581280
 20
188.638335
 42
0.001594
  0
VERTEX
  8
0
 10
736.326857
 20
186.261539
 42
0.001612
  0
VERTEX
  8
0
 10
738.324780
 20
183.577386
 42
0.001675
  0
VERTEX
  8
0
 10
740.314833
 20
180.940180
 42
-0.014032
  0
VERTEX
  8
0
 10
742.290933
 20
178.182286
 42
-0.025838
  0
VERTEX
  8
0
 10
743.714584
 20
175.818039
 42
-0.028933
  0
VERTEX
  8
0
 10
744.592460
 20
173.916387
 42
-0.158923
  0
VERTEX
  8
0
 10
744.658713
 20
172.802918
 42
0.160061
  0
VERTEX
  8
0
 10
744.754575
 20
171.249987
 42
0.387501
  0
VERTEX
  8
0
 10
745.704074
 20
170.788577
 42
0.079915
  0
VERTEX
  8
0
 10
748.015236
 20
171.895083
 42
0.010493
  0
VERTEX
  8
0
 10
752.437344
 20
175.098986
 42
0.011603
  0
VERTEX
  8
0
 10
757.247425
 20
178.919069
 42
0.079901
  0
VERTEX
  8
0
 10
759.223973
 20
181.186590
 42
0.166164
  0
VERTEX
  8
0
 10
759.689379
 20
183.190861
 42
0.097871
  0
VERTEX
  8
0
 10
758.963896
 20
185.567461
 42
0.066947
  0
VERTEX
  8
0
 10
757.692400
 20
187.329455
 42
0.200091
  0
VERTEX
  8
0
 10
756.360606
 20
187.919482
 42
0.295426
  0
VERTEX
  8
0
 10
755.373686
 20
187.311087
 42
0.111421
  0
VERTEX
  8
0
 10
755.000000
 20
185.654988
 42
-0.111092
  0
VERTEX
  8
0
 10
754.597295
 20
183.864881
 42
-0.060596
  0
VERTEX
  8
0
 10
753.388501
 20
181.952151
 42
-0.062338
  0
VERTEX
  8
0
 10
751.839198
 20
180.474771
 42
-0.173547
  0
VERTEX
  8
0
 10
750.421259
 20
180.046305
 42
-0.173847
  0
VERTEX
  8
0
 10
749.913816
 20
180.257550
 42
-0.015001
  0
VERTEX
  8
0
 10
748.889370
 20
181.248393
 42
-0.018367
  0
VERTEX
  8
0
 10
747.716264
 20
182.545241
 42
-0.013203
  0
VERTEX
  8
0
 10
746.500000
 20
184.073498
 42
0.001136
  0
VERTEX
  8
0
 10
745.278113
 20
185.687253
 42
0.001251
  0
VERTEX
  8
0
 10
744.087500
 20
187.244199
 42
0.001164
  0
VERTEX
  8
0
 10
743.063810
 20
188.569547
 42
0.006372
  0
VERTEX
  8
0
 10
742.500000
 20
189.277193
 42
-0.011620
  0
VERTEX
  8
0
 10
739.695569
 20
192.873877
 42
-0.022827
  0
VERTEX
  8
0
 10
737.667207
 20
195.881310
 42
-0.027168
  0
VERTEX
  8
0
 10
736.362978
 20
198.306573
 42
-0.110213
  0
VERTEX
  8
0
 10
736.000000
 20
199.933278
 42
0.087587
  0
VERTEX
  8
0
 10
735.738066
 20
201.417087
 42
0.367836
  0
VERTEX
  8
0
 10
735.010334
 20
201.830277
 42
0.114862
  0
VERTEX
  8
0
 10
733.638094
 20
201.221936
 42
0.010842
  0
SEQEND
  0
POLYLINE
  8
0
 66
1
 70
1
  0
VERTEX
  8
0
 10
718.500000
 20
189.506886
 42
0.005186
  0
VERTEX
  8
0
 10
715.947654
 20
187.250225
 42
0.111023
  0
VERTEX
  8
0
 10
715.369861
 20
186.432782
 42
0.386914
  0
VERTEX
  8
0
 10
715.565585
 20
185.886771
 42
0.053086
  0
VERTEX
  8
0
 10
716.789678
 20
185.394755
 42
-0.159821
  0
VERTEX
  8
0
 10
719.416783
 20
183.624058
 42
-0.008650
  0
VERTEX
  8
0
 10
725.498230
 20
175.514867
 42
-0.010107
  0
VERTEX
  8
0
 10
731.206106
 20
167.277359
 42
-0.120278
  0
VERTEX
  8
0
 10
732.513489
 20
163.654583
 42
0.004063
  0
VERTEX
  8
0
 10
732.611373
 20
162.807567
 42
0.005530
  0
VERTEX
  8
0
 10
732.714309
 20
162.045359
 42
0.003746
  0
VERTEX
  8
0
 10
732.812307
 20
161.408960
 42
0.061152
  0
VERTEX
  8
0
 10
732.872377
 20
161.201959
 42
0.479464
  0
VERTEX
  8
0
 10
733.434196
 20
161.045234
 42
0.004165
  0
VERTEX
  8
0
 10
737.537989
 20
164.040229
 42
0.004874
  0
VERTEX
  8
0
 10
741.563378
 20
167.091034
 42
0.232171
  0
VERTEX
  8
0
 10
742.000000
 20
167.980653
 42
0.172311
  0
VERTEX
  8
0
 10
741.864005
 20
168.363557
 42
0.057336
  0
VERTEX
  8
0
 10
741.431877
 20
168.785697
 42
0.049067
  0
VERTEX
  8
0
 10
740.806146
 20
169.178962
 42
0.038949
  0
VERTEX
  8
0
 10
740.065964
 20
169.479064
 42
-0.149916
  0
VERTEX
  8
0
 10
737.179892
 20
171.474564
 42
-0.010694
  0
VERTEX
  8
0
 10
731.230272
 20
179.352368
 42
-0.010055
  0
VERTEX
  8
0
 10
725.587591
 20
187.506338
 42
-0.168522
  0
VERTEX
  8
0
 10
724.782451
 20
190.642093
 42
0.127039
  0
VERTEX
  8
0
 10
724.496810
 20
192.304616
 42
0.344394
  0
VERTEX
  8
0
 10
723.505292
 20
192.826594
 42
0.115401
  0
VERTEX
  8
0
 10
721.623279
 20
192.011851
 42
0.018823
  0
SEQEND
  0
POLYLINE
  8
0
 66
1
 70
1
  0
VERTEX
  8
0
 10
703.277012
 20
179.207666
 42
0.011455
  0
VERTEX
  8
0
 10
700.126119
 20
176.911892
 42
0.016708
  0
VERTEX
  8
0
 10
697.468124
 20
174.736002
 42
0.012210
  0
VERTEX
  8
0
 10
695.407045
 20
172.839545
 42
0.202546
  0
VERTEX
  8
0
 10
695.049248
 20
172.000000
 42
0.085618
  0
VERTEX
  8
0
 10
695.175268
 20
171.255299
 42
0.026972
  0
VERTEX
  8
0
 10
695.608617
 20
170.208167
 42
0.026054
  0
VERTEX
  8
0
 10
696.227336
 20
169.071313
 42
0.026156
  0
VERTEX
  8
0
 10
696.960191
 20
168.006525
 42
0.007891
  0
VERTEX
  8
0
 10
698.202935
 20
166.440762
 42
0.174360
  0
VERTEX
  8
0
 10
698.694969
 20
166.146573
 42
0.351390
  0
VERTEX
  8
0
 10
699.071966
 20
166.343896
 42
0.026197
  0
VERTEX
  8
0
 10
699.510106
 20
167.506525
 42
-0.019170
  0
VERTEX
  8
0
 10
700.249826
 20
169.556209
 42
-0.037607
  0
VERTEX
  8
0
 10
701.019146
 20
171.109527
 42
-0.048665
  0
VERTEX
  8
0
 10
701.798969
 20
172.173941
 42
-0.135306
  0
VERTEX
  8
0
 10
702.571443
 20
172.671551
 42
-0.334123
  0
VERTEX
  8
0
 10
703.945159
 20
172.183097
 42
-0.003572
  0
VERTEX
  8
0
 10
709.765152
 20
163.243474
 42
-0.005903
  0
VERTEX
  8
0
 10
715.218031
 20
154.510146
 42
-0.137442
  0
VERTEX
  8
0
 10
716.000000
 20
151.719154
 42
0.203088
  0
VERTEX
  8
0
 10
716.449827
 20
150.657361
 42
0.255427
  0
VERTEX
  8
0
 10
717.463583
 20
150.377687
 42
0.077977
  0
VERTEX
  8
0
 10
719.389045
 20
151.161551
 42
0.013213
  0
VERTEX
  8
0
 10
722.742607
 20
153.304839
 42
0.035152
  0
VERTEX
  8
0
 10
724.841984
 20
154.952352
 42
0.173248
  0
VERTEX
  8
0
 10
725.541781
 20
156.257884
 42
0.307843
  0
VERTEX
  8
0
 10
725.073581
 20
157.231319
 42
0.089045
  0
VERTEX
  8
0
 10
723.421672
 20
157.829804
 42
-0.157605
  0
VERTEX
  8
0
 10
722.349916
 20
158.391326
 42
-0.013948
  0
VERTEX
  8
0
 10
720.246803
 20
160.659487
 42
-0.016768
  0
VERTEX
  8
0
 10
717.811641
 20
163.632748
 42
-0.011194
  0
VERTEX
  8
0
 10
715.217568
 20
167.188262
 42
-0.005993
  0
VERTEX
  8
0
 10
711.938670
 20
172.023048
 42
-0.033314
  0
VERTEX
  8
0
 10
710.387963
 20
174.748152
 42
-0.070899
  0
VERTEX
  8
0
 10
709.828272
 20
176.500328
 42
-0.218466
  0
VERTEX
  8
0
 10
710.143365
 20
177.672744
 42
-0.086790
  0
VERTEX
  8
0
 10
710.801512
 20
178.232660
 42
-0.072535
  0
VERTEX
  8
0
 10
711.652184
 20
178.579318
 42
-0.066683
  0
VERTEX
  8
0
 10
712.634189
 20
178.686762
 42
-0.055485
  0
VERTEX
  8
0
 10
713.675797
 20
178.545234
 42
0.035759
  0
VERTEX
  8
0
 10
714.696191
 20
178.365433
 42
0.100503
  0
VERTEX
  8
0
 10
715.414326
 20
178.435606
 42
0.167147
  0
VERTEX
  8
0
 10
715.837774
 20
178.743682
 42
0.153845
  0
VERTEX
  8
0
 10
716.000000
 20
179.258442
 42
0.117953
  0
VERTEX
  8
0
 10
715.663516
 20
180.664938
 42
0.029818
  0
VERTEX
  8
0
 10
714.467832
 20
182.709104
 42
0.025481
  0
VERTEX
  8
0
 10
713.081074
 20
184.572323
 42
0.239688
  0
VERTEX
  8
0
 10
712.193296
 20
184.957666
 42
0.126624
  0
VERTEX
  8
0
 10
711.716287
 20
184.803343
 42
0.001993
  0
VERTEX
  8
0
 10
709.288153
 20
183.251140
 42
0.005135
  0
VERTEX
  8
0
 10
706.478632
 20
181.398188
 42
0.003363
  0
SEQEND
  0
POLYLINE
  8
0
 66
1
 70
1
  0
VERTEX
  8
0
 10
253.500000
 20
182.341153
 42
0.095192
  0
VERTEX
  8
0
 10
246.710314
 20
176.914934
 42
0.107295
  0
VERTEX
  8
0
 10
242.763577
 20
169.568144
 42
0.121273
  0
VERTEX
  8
0
 10
242.475405
 20
161.953734
 42
0.146500
  0
VERTEX
  8
0
 10
245.857108
 20
155.681353
 42
0.097658
  0
VERTEX
  8
0
 10
249.395801
 20
153.308416
 42
0.072982
  0
VERTEX
  8
0
 10
253.956785
 20
152.142373
 42
0.072571
  0
VERTEX
  8
0
 10
258.687291
 20
152.333108
 42
0.094201
  0
VERTEX
  8
0
 10
262.719757
 20
153.911241
 42
0.061096
  0
VERTEX
  8
0
 10
265.870610
 20
156.474471
 42
0.036758
  0
VERTEX
  8
0
 10
268.950883
 20
160.188785
 42
0.036981
  0
VERTEX
  8
0
 10
271.406914
 20
164.240538
 42
0.071513
  0
VERTEX
  8
0
 10
272.626157
 20
167.820784
 42
0.136195
  0
VERTEX
  8
0
 10
271.986513
 20
175.303153
 42
0.142308
  0
VERTEX
  8
0
 10
267.578927
 20
181.238816
 42
0.144288
  0
VERTEX
  8
0
 10
260.730761
 20
183.838067
 42
0.141073
  0
SEQEND
  0
POLYLINE
  8
0
 66
1
 70
1
  0
VERTEX
  8
0
 10
265.728471
 20
176.237338
 42
-0.188062
  0
VERTEX
  8
0
 10
266.533857
 20
173.587428
 42
-0.071687
  0
VERTEX
  8
0
 10
265.677577
 20
169.755605
 42
-0.058568
  0
VERTEX
  8
0
 10
263.436487
 20
165.450720
 42
-0.045416
  0
VERTEX
  8
0
 10
260.079773
 20
161.365005
 42
-0.034529
  0
VERTEX
  8
0
 10
257.420492
 20
159.017353
 42
-0.091111
  0
VERTEX
  8
0
 10
255.167317
 20
157.865752
 42
-0.125447
  0
VERTEX
  8
0
 10
253.105798
 20
157.780813
 42
-0.100992
  0
VERTEX
  8
0
 10
251.064692
 20
158.667241
 42
-0.148440
  0
VERTEX
  8
0
 10
249.527118
 20
160.627834
 42
-0.103605
  0
VERTEX
  8
0
 10
249.065654
 20
163.418870
 42
-0.077724
  0
VERTEX
  8
0
 10
249.757226
 20
166.870295
 42
-0.044329
  0
VERTEX
  8
0
 10
251.578880
 20
170.724811
 42
-0.061331
  0
VERTEX
  8
0
 10
255.046842
 20
175.262160
 42
-0.106446
  0
VERTEX
  8
0
 10
258.987616
 20
177.864319
 42
-0.149922
  0
VERTEX
  8
0
 10
262.718806
 20
178.140453
 42
-0.171709
  0
SEQEND
  0
POLYLINE
  8
0
 66
1
 70
1
  0
VERTEX
  8
0
 10
279.000000
 20
169.342559
 42
-0.130254
  0
VERTEX
  8
0
 10
278.053637
 20
165.771427
 42
-0.009539
  0
VERTEX
  8
0
 10
272.812842
 20
156.972177
 42
-0.008213
  0
VERTEX
  8
0
 10
267.199949
 20
148.266650
 42
-0.169895
  0
VERTEX
  8
0
 10
264.750000
 20
146.422987
 42
0.103267
  0
VERTEX
  8
0
 10
263.421787
 20
145.672442
 42
0.347147
  0
VERTEX
  8
0
 10
263.252606
 20
144.755145
 42
0.122234
  0
VERTEX
  8
0
 10
264.332499
 20
143.546350
 42
0.016239
  0
VERTEX
  8
0
 10
267.246824
 20
141.695070
 42
0.017503
  0
VERTEX
  8
0
 10
270.335555
 20
140.013904
 42
0.145852
  0
VERTEX
  8
0
 10
271.887059
 20
139.741530
 42
0.301519
  0
VERTEX
  8
0
 10
272.726903
 20
140.451189
 42
0.070999
  0
VERTEX
  8
0
 10
273.000000
 20
142.364737
 42
-0.115275
  0
VERTEX
  8
0
 10
273.557247
 20
144.749648
 42
-0.039587
  0
VERTEX
  8
0
 10
275.386628
 20
147.813968
 42
-0.043015
  0
VERTEX
  8
0
 10
277.398149
 20
150.186122
 42
-0.482662
  0
VERTEX
  8
0
 10
278.462888
 20
150.060048
 42
-0.129101
  0
VERTEX
  8
0
 10
278.689891
 20
149.317785
 42
-0.010687
  0
VERTEX
  8
0
 10
278.727828
 20
147.282465
 42
-0.013724
  0
VERTEX
  8
0
 10
278.653425
 20
144.818221
 42
-0.010148
  0
VERTEX
  8
0
 10
278.441101
 20
142.099040
 42
0.007382
  0
VERTEX
  8
0
 10
278.085038
 20
137.842531
 42
0.066727
  0
VERTEX
  8
0
 10
278.205262
 20
135.983030
 42
0.135997
  0
VERTEX
  8
0
 10
278.808000
 20
134.791021
 42
0.064596
  0
VERTEX
  8
0
 10
280.130760
 20
133.669410
 42
0.029191
  0
VERTEX
  8
0
 10
283.225829
 20
131.914045
 42
0.335683
  0
VERTEX
  8
0
 10
284.516275
 20
132.162462
 42
0.177833
  0
VERTEX
  8
0
 10
285.158993
 20
133.767404
 42
0.009629
  0
VERTEX
  8
0
 10
285.212588
 20
139.315025
 42
0.000000
  0
VERTEX
  8
0
 10
285.137584
 20
147.130050
 42
0.000000
  0
VERTEX
  8
0
 10
289.498453
 20
148.999337
 42
0.079938
  0
VERTEX
  8
0
 10
293.444633
 20
151.498173
 42
0.126145
  0
VERTEX
  8
0
 10
295.681267
 20
154.797093
 42
0.134717
  0
VERTEX
  8
0
 10
295.974852
 20
158.601585
 42
0.097617
  0
VERTEX
  8
0
 10
294.369089
 20
162.559452
 42
0.094436
  0
VERTEX
  8
0
 10
292.428781
 20
164.567057
 42
0.010929
  0
VERTEX
  8
0
 10
287.209837
 20
168.078622
 42
0.009146
  0
VERTEX
  8
0
 10
281.794317
 20
171.414727
 42
0.134255
  0
VERTEX
  8
0
 10
279.653900
 20
172.000000
 42
0.297922
  0
VERTEX
  8
0
 10
279.400639
 20
171.834398
 42
0.042858
  0
VERTEX
  8
0
 10
279.192083
 20
171.219377
 42
0.037117
  0
VERTEX
  8
0
 10
279.047325
 20
170.361003
 42
0.023222
  0
SEQEND
  0
POLYLINE
  8
0
 66
1
 70
1
  0
VERTEX
  8
0
 10
288.338716
 20
160.827659
 42
-0.154751
  0
VERTEX
  8
0
 10
288.880485
 20
158.748550
 42
-0.113237
  0
VERTEX
  8
0
 10
288.222414
 20
156.439814
 42
-0.113347
  0
VERTEX
  8
0
 10
286.624565
 20
154.650447
 42
-0.155267
  0
VERTEX
  8
0
 10
284.580456
 20
154.000000
 42
-0.079503
  0
VERTEX
  8
0
 10
282.498078
 20
154.333218
 42
-0.233875
  0
VERTEX
  8
0
 10
281.491838
 20
155.322375
 42
-0.168235
  0
VERTEX
  8
0
 10
281.489949
 20
157.010614
 42
-0.040464
  0
VERTEX
  8
0
 10
282.630185
 20
159.611881
 42
-0.051862
  0
VERTEX
  8
0
 10
284.087978
 20
161.753607
 42
-0.166436
  0
VERTEX
  8
0
 10
285.547991
 20
162.628163
 42
-0.217386
  0
VERTEX
  8
0
 10
286.974982
 20
162.311649
 42
-0.090858
  0
SEQEND
  0
POLYLINE
  8
0
 66
1
 70
1
  0
VERTEX
  8
0
 10
687.250000
 20
168.314060
 42
0.015138
  0
VERTEX
  8
0
 10
684.377683
 20
166.493238
 42
0.111563
  0
VERTEX
  8
0
 10
683.274178
 20
165.316581
 42
0.328318
  0
VERTEX
  8
0
 10
683.367862
 20
164.413247
 42
0.117179
  0
VERTEX
  8
0
 10
684.502772
 20
163.637310
 42
-0.153570
  0
VERTEX
  8
0
 10
686.695479
 20
161.895962
 42
-0.005742
  0
VERTEX
  8
0
 10
692.559660
 20
153.011107
 42
-0.006165
  0
VERTEX
  8
0
 10
698.178829
 20
144.039890
 42
-0.137671
  0
VERTEX
  8
0
 10
699.000000
 20
141.114050
 42
0.082932
  0
VERTEX
  8
0
 10
699.248460
 20
139.626386
 42
0.327751
  0
VERTEX
  8
0
 10
699.966269
 20
139.128545
 42
0.128643
  0
VERTEX
  8
0
 10
701.305873
 20
139.518006
 42
0.014173
  0
VERTEX
  8
0
 10
704.025024
 20
141.250000
 42
0.029275
  0
VERTEX
  8
0
 10
706.334409
 20
143.020345
 42
0.087110
  0
VERTEX
  8
0
 10
707.590389
 20
144.559447
 42
0.277145
  0
VERTEX
  8
0
 10
707.561463
 20
145.521800
 42
0.255350
  0
VERTEX
  8
0
 10
706.686153
 20
146.000000
 42
-0.246204
  0
VERTEX
  8
0
 10
704.866691
 20
146.953729
 42
-0.005287
  0
VERTEX
  8
0
 10
699.044510
 20
155.563159
 42
-0.009784
  0
VERTEX
  8
0
 10
693.727242
 20
163.960655
 42
-0.083596
  0
VERTEX
  8
0
 10
692.089109
 20
168.084735
 42
0.000000
  0
VERTEX
  8
0
 10
691.500000
 20
170.831203
 42
0.000000
  0
SEQEND
  0
POLYLINE
  8
0
 66
1
 70
1
  0
VERTEX
  8
0
 10
670.000000
 20
157.972811
 42
0.006092
  0
VERTEX
  8
0
 10
666.720301
 20
155.996797
 42
0.009084
  0
VERTEX
  8
0
 10
663.905596
 20
154.182292
 42
0.004784
  0
VERTEX
  8
0
 10
661.585848
 20
152.594099
 42
0.160814
  0
VERTEX
  8
0
 10
661.189264
 20
152.063648
 42
0.136944
  0
VERTEX
  8
0
 10
661.161686
 20
151.522245
 42
0.022298
  0
VERTEX
  8
0
 10
661.440783
 20
150.497434
 42
0.023148
  0
VERTEX
  8
0
 10
661.890734
 20
149.290211
 42
0.018551
  0
VERTEX
  8
0
 10
662.481852
 20
148.035095
 42
0.050869
  0
VERTEX
  8
0
 10
663.703298
 20
146.166287
 42
0.218965
  0
VERTEX
  8
0
 10
664.864302
 20
145.592337
 42
0.328645
  0
VERTEX
  8
0
 10
665.708460
 20
146.178640
 42
0.082359
  0
VERTEX
  8
0
 10
666.000000
 20
147.936572
 42
-0.100020
  0
VERTEX
  8
0
 10
666.379077
 20
149.812624
 42
-0.169382
  0
VERTEX
  8
0
 10
667.441578
 20
150.989588
 42
-0.202476
  0
VERTEX
  8
0
 10
668.853847
 20
151.133194
 42
-0.139763
  0
VERTEX
  8
0
 10
670.219340
 20
150.246469
 42
-0.046300
  0
VERTEX
  8
0
 10
672.865448
 20
146.575761
 42
-0.009682
  0
VERTEX
  8
0
 10
676.758896
 20
139.659104
 42
-0.005434
  0
VERTEX
  8
0
 10
680.556789
 20
132.407809
 42
-0.144549
  0
VERTEX
  8
0
 10
680.953303
 20
130.283051
 42
0.009459
  0
VERTEX
  8
0
 10
680.891476
 20
129.546077
 42
0.009416
  0
VERTEX
  8
0
 10
680.857454
 20
128.806174
 42
0.009300
  0
VERTEX
  8
0
 10
680.851940
 20
128.158887
 42
0.036050
  0
VERTEX
  8
0
 10
680.884846
 20
127.759244
 42
0.525088
  0
VERTEX
  8
0
 10
681.488516
 20
127.467978
 42
0.006101
  0
VERTEX
  8
0
 10
685.994240
 20
130.106094
 42
0.006328
  0
VERTEX
  8
0
 10
690.466424
 20
132.876095
 42
0.256298
  0
VERTEX
  8
0
 10
691.000000
 20
133.848646
 42
0.199096
  0
VERTEX
  8
0
 10
690.866171
 20
134.171417
 42
0.034085
  0
VERTEX
  8
0
 10
690.354796
 20
134.616815
 42
0.032590
  0
VERTEX
  8
0
 10
689.644692
 20
135.085358
 42
0.023935
  0
VERTEX
  8
0
 10
688.803560
 20
135.512872
 42
-0.139769
  0
VERTEX
  8
0
 10
686.228128
 20
137.682619
 42
-0.010902
  0
VERTEX
  8
0
 10
681.316817
 20
145.325718
 42
-0.008498
  0
VERTEX
  8
0
 10
676.620691
 20
153.297842
 42
-0.224080
  0
VERTEX
  8
0
 10
676.440967
 20
155.706758
 42
-0.136172
  0
VERTEX
  8
0
 10
676.857995
 20
156.270291
 42
-0.074690
  0
VERTEX
  8
0
 10
677.611266
 20
156.695534
 42
-0.062063
  0
VERTEX
  8
0
 10
678.608976
 20
156.940600
 42
-0.045724
  0
VERTEX
  8
0
 10
679.747631
 20
156.969652
 42
0.005226
  0
VERTEX
  8
0
 10
680.860530
 20
156.907908
 42
0.005932
  0
VERTEX
  8
0
 10
681.928412
 20
156.872540
 42
0.005429
  0
VERTEX
  8
0
 10
682.835548
 20
156.863119
 42
0.032551
  0
VERTEX
  8
0
 10
683.306536
 20
156.894037
 42
0.510243
  0
VERTEX
  8
0
 10
683.662786
 20
157.551533
 42
0.027010
  0
VERTEX
  8
0
 10
682.320101
 20
160.003030
 42
0.024464
  0
VERTEX
  8
0
 10
680.631729
 20
162.449853
 42
0.239465
  0
VERTEX
  8
0
 10
679.534392
 20
162.976953
 42
0.111986
  0
VERTEX
  8
0
 10
678.840944
 20
162.803340
 42
0.003742
  0
VERTEX
  8
0
 10
676.306978
 20
161.497480
 42
0.006931
  0
VERTEX
  8
0
 10
673.331918
 20
159.883027
 42
0.004754
  0
SEQEND
  0
POLYLINE
  8
0
 66
1
 70
1
  0
VERTEX
  8
0
 10
303.000000
 20
154.899694
 42
-0.122116
  0
VERTEX
  8
0
 10
302.180064
 20
151.592566
 42
-0.007867
  0
VERTEX
  8
0
 10
297.368300
 20
142.822080
 42
-0.007450
  0
VERTEX
  8
0
 10
292.268735
 20
134.166709
 42
-0.133809
  0
VERTEX
  8
0
 10
289.947757
 20
131.972040
 42
0.065896
  0
VERTEX
  8
0
 10
288.458698
 20
130.902231
 42
0.265478
  0
VERTEX
  8
0
 10
288.143061
 20
129.871685
 42
0.185832
  0
VERTEX
  8
0
 10
288.864876
 20
128.791878
 42
0.034220
  0
VERTEX
  8
0
 10
290.950340
 20
127.525680
 42
0.020526
  0
VERTEX
  8
0
 10
293.657505
 20
126.263736
 42
0.159294
  0
VERTEX
  8
0
 10
295.029652
 20
126.154803
 42
0.276675
  0
VERTEX
  8
0
 10
295.779065
 20
126.891079
 42
0.061349
  0
VERTEX
  8
0
 10
296.025596
 20
128.750000
 42
-0.078571
  0
VERTEX
  8
0
 10
296.263239
 20
130.167311
 42
-0.021059
  0
VERTEX
  8
0
 10
297.081314
 20
132.307812
 42
-0.020800
  0
VERTEX
  8
0
 10
298.229625
 20
134.692517
 42
-0.020141
  0
VERTEX
  8
0
 10
299.583585
 20
137.000000
 42
0.000000
  0
VERTEX
  8
0
 10
303.115978
 20
142.500000
 42
0.000000
  0
VERTEX
  8
0
 10
302.420981
 20
132.750000
 42
0.008054
  0
VERTEX
  8
0
 10
302.210482
 20
128.930404
 42
0.014671
  0
VERTEX
  8
0
 10
302.180466
 20
125.806655
 42
0.008798
  0
VERTEX
  8
0
 10
302.272782
 20
123.334613
 42
0.404654
  0
VERTEX
  8
0
 10
302.612992
 20
123.019671
 42
0.146906
  0
VERTEX
  8
0
 10
303.187127
 20
123.206053
 42
0.004611
  0
VERTEX
  8
0
 10
305.222587
 20
124.643410
 42
0.008623
  0
VERTEX
  8
0
 10
307.599890
 20
126.418278
 42
0.005829
  0
VERTEX
  8
0
 10
310.251135
 20
128.519671
 42
-0.003476
  0
VERTEX
  8
0
 10
312.875863
 20
130.620225
 42
-0.005413
  0
VERTEX
  8
0
 10
315.169895
 20
132.390153
 42
-0.001839
  0
VERTEX
  8
0
 10
317.165581
 20
133.884232
 42
-0.161113
  0
VERTEX
  8
0
 10
317.515531
 20
134.000000
 42
-0.561400
  0
VERTEX
  8
0
 10
317.862028
 20
133.431906
 42
-0.004321
  0
VERTEX
  8
0
 10
314.823349
 20
127.652552
 42
-0.006522
  0
VERTEX
  8
0
 10
311.728549
 20
122.064098
 42
-0.132103
  0
VERTEX
  8
0
 10
310.375428
 20
120.700310
 42
0.113845
  0
VERTEX
  8
0
 10
309.299787
 20
119.691489
 42
0.283213
  0
VERTEX
  8
0
 10
309.259660
 20
118.656721
 42
0.125180
  0
VERTEX
  8
0
 10
310.372819
 20
117.490854
 42
0.021932
  0
VERTEX
  8
0
 10
313.034296
 20
115.982503
 42
0.027972
  0
VERTEX
  8
0
 10
315.812125
 20
114.755920
 42
0.114551
  0
VERTEX
  8
0
 10
317.626502
 20
114.515432
 42
0.306943
  0
VERTEX
  8
0
 10
318.417836
 20
115.171157
 42
0.163847
  0
VERTEX
  8
0
 10
318.362635
 20
116.497371
 42
-0.201393
  0
VERTEX
  8
0
 10
318.444558
 20
119.133858
 42
-0.007145
  0
VERTEX
  8
0
 10
322.889809
 20
128.507407
 42
-0.008539
  0
VERTEX
  8
0
 10
327.561973
 20
137.610510
 42
-0.148101
  0
VERTEX
  8
0
 10
329.894937
 20
139.943772
 42
0.056061
  0
VERTEX
  8
0
 10
331.546810
 20
141.082147
 42
0.321975
  0
VERTEX
  8
0
 10
331.777784
 20
142.058036
 42
0.171809
  0
VERTEX
  8
0
 10
330.865618
 20
143.075507
 42
0.018999
  0
VERTEX
  8
0
 10
328.023291
 20
144.489497
 42
0.000000
  0
VERTEX
  8
0
 10
324.046582
 20
146.282743
 42
0.000000
  0
VERTEX
  8
0
 10
318.773291
 20
141.875628
 42
-0.001576
  0
VERTEX
  8
0
 10
311.784481
 20
136.072107
 42
-0.148117
  0
VERTEX
  8
0
 10
310.584606
 20
135.570798
 42
-0.465573
  0
VERTEX
  8
0
 10
310.000424
 20
136.137031
 42
-0.008427
  0
VERTEX
  8
0
 10
310.428229
 20
141.024330
 42
-0.003197
  0
VERTEX
  8
0
 10
310.725600
 20
143.703073
 42
-0.003130
  0
VERTEX
  8
0
 10
311.059199
 20
146.396872
 42
-0.003081
  0
VERTEX
  8
0
 10
311.381302
 20
148.757078
 42
-0.011799
  0
VERTEX
  8
0
 10
311.625549
 20
150.220340
 42
0.055446
  0
VERTEX
  8
0
 10
311.743385
 20
151.723850
 42
0.125866
  0
VERTEX
  8
0
 10
311.427304
 20
152.810845
 42
0.097523
  0
VERTEX
  8
0
 10
310.562229
 20
153.781736
 42
0.025264
  0
VERTEX
  8
0
 10
308.822941
 20
154.966602
 42
0.022548
  0
VERTEX
  8
0
 10
306.024538
 20
156.504167
 42
0.117744
  0
VERTEX
  8
0
 10
304.321433
 20
156.890237
 42
0.268735
  0
VERTEX
  8
0
 10
303.370886
 20
156.324892
 42
0.127986
  0
SEQEND
  0
POLYLINE
  8
0
 66
1
 70
1
  0
VERTEX
  8
0
 10
636.750000
 20
139.884002
 42
0.000000
  0
VERTEX
  8
0
 10
633.000000
 20
137.952221
 42
0.000000
  0
VERTEX
  8
0
 10
633.000000
 20
128.254999
 42
0.000000
  0
VERTEX
  8
0
 10
633.000000
 20
118.557777
 42
0.000000
  0
VERTEX
  8
0
 10
626.723095
 20
124.778888
 42
0.010384
  0
VERTEX
  8
0
 10
624.216492
 20
127.162087
 42
0.014627
  0
VERTEX
  8
0
 10
621.878164
 20
129.172548
 42
0.010766
  0
VERTEX
  8
0
 10
619.873964
 20
130.725985
 42
0.160825
  0
VERTEX
  8
0
 10
619.044093
 20
131.000000
 42
0.072218
  0
VERTEX
  8
0
 10
616.747756
 20
130.666589
 42
0.035723
  0
VERTEX
  8
0
 10
613.984184
 20
129.627050
 42
0.030738
  0
VERTEX
  8
0
 10
611.577143
 20
128.334935
 42
0.259789
  0
VERTEX
  8
0
 10
611.000000
 20
127.299112
 42
0.105137
  0
VERTEX
  8
0
 10
611.105394
 20
126.803429
 42
0.099182
  0
VERTEX
  8
0
 10
611.404451
 20
126.381614
 42
0.096397
  0
VERTEX
  8
0
 10
611.851272
 20
126.098889
 42
0.093257
  0
VERTEX
  8
0
 10
612.376856
 20
126.000000
 42
-0.300703
  0
VERTEX
  8
0
 10
614.491427
 20
124.601864
 42
-0.009229
  0
VERTEX
  8
0
 10
618.603606
 20
114.422724
 42
-0.012909
  0
VERTEX
  8
0
 10
622.181394
 20
104.297464
 42
-0.143375
  0
VERTEX
  8
0
 10
622.304548
 20
100.056591
 42
0.111709
  0
VERTEX
  8
0
 10
622.259261
 20
98.696393
 42
0.327473
  0
VERTEX
  8
0
 10
622.906968
 20
98.094625
 42
0.113498
  0
VERTEX
  8
0
 10
624.442873
 20
98.264748
 42
0.014860
  0
VERTEX
  8
0
 10
627.532119
 20
99.448973
 42
0.041612
  0
VERTEX
  8
0
 10
629.679447
 20
100.564045
 42
0.117849
  0
VERTEX
  8
0
 10
630.851844
 20
101.763356
 42
0.361449
  0
VERTEX
  8
0
 10
630.722123
 20
102.597705
 42
0.182714
  0
VERTEX
  8
0
 10
629.657986
 20
103.000000
 42
-0.284019
  0
VERTEX
  8
0
 10
628.633728
 20
103.632870
 42
-0.006006
  0
VERTEX
  8
0
 10
625.924594
 20
109.214711
 42
-0.010538
  0
VERTEX
  8
0
 10
623.501777
 20
114.658033
 42
-0.099753
  0
VERTEX
  8
0
 10
623.000000
 20
117.148103
 42
-0.634867
  0
VERTEX
  8
0
 10
623.170704
 20
117.228357
 42
-0.003419
  0
VERTEX
  8
0
 10
624.982813
 20
115.706080
 42
-0.007882
  0
VERTEX
  8
0
 10
627.160552
 20
113.791060
 42
-0.004418
  0
VERTEX
  8
0
 10
629.750000
 20
111.398526
 42
0.004751
  0
VERTEX
  8
0
 10
632.388669
 20
108.963777
 42
0.007263
  0
VERTEX
  8
0
 10
634.727224
 20
106.907741
 42
0.003120
  0
VERTEX
  8
0
 10
636.749483
 20
105.202915
 42
0.166254
  0
VERTEX
  8
0
 10
637.215017
 20
105.025184
 42
0.390687
  0
VERTEX
  8
0
 10
637.509857
 20
105.278452
 42
0.004676
  0
VERTEX
  8
0
 10
637.803711
 20
108.018335
 42
0.010883
  0
VERTEX
  8
0
 10
638.054337
 20
111.321599
 42
0.006542
  0
VERTEX
  8
0
 10
638.215017
 20
115.250000
 42
0.000000
  0
VERTEX
  8
0
 10
638.500000
 20
125.500000
 42
0.000000
  0
VERTEX
  8
0
 10
641.750000
 20
118.637726
 42
-0.012316
  0
VERTEX
  8
0
 10
642.994197
 20
115.834160
 42
-0.013936
  0
VERTEX
  8
0
 10
644.045313
 20
113.084902
 42
-0.013222
  0
VERTEX
  8
0
 10
644.808217
 20
110.710348
 42
-0.071226
  0
VERTEX
  8
0
 10
645.000000
 20
109.370880
 42
0.000000
  0
VERTEX
  8
0
 10
645.000000
 20
106.966308
 42
0.000000
  0
VERTEX
  8
0
 10
650.000000
 20
109.500000
 42
0.021794
  0
VERTEX
  8
0
 10
653.073405
 20
111.229665
 42
0.085420
  0
VERTEX
  8
0
 10
654.694406
 20
112.670472
 42
0.375581
  0
VERTEX
  8
0
 10
654.655146
 20
113.546160
 42
0.204645
  0
VERTEX
  8
0
 10
653.592738
 20
114.000000
 42
-0.273831
  0
VERTEX
  8
0
 10
651.850840
 20
115.031301
 42
-0.005727
  0
VERTEX
  8
0
 10
646.928351
 20
124.254962
 42
-0.011576
  0
VERTEX
  8
0
 10
642.532159
 20
133.226597
 42
-0.070692
  0
VERTEX
  8
0
 10
641.053487
 20
138.157892
 42
0.000000
  0
VERTEX
  8
0
 10
640.500000
 20
141.815783
 42
0.000000
  0
SEQEND
  0
POLYLINE
  8
0
 66
1
 70
1
  0
VERTEX
  8
0
 10
335.467632
 20
138.101983
 42
-0.178326
  0
VERTEX
  8
0
 10
335.329344
 20
135.072117
 42
-0.010020
  0
VERTEX
  8
0
 10
331.440116
 20
126.329982
 42
-0.013472
  0
VERTEX
  8
0
 10
327.215622
 20
117.921483
 42
-0.095583
  0
VERTEX
  8
0
 10
324.347484
 20
114.397112
 42
0.000000
  0
VERTEX
  8
0
 10
321.836153
 20
112.294224
 42
0.000000
  0
VERTEX
  8
0
 10
325.294602
 20
110.253689
 42
0.010477
  0
VERTEX
  8
0
 10
326.769621
 20
109.424568
 42
0.009222
  0
VERTEX
  8
0
 10
328.341645
 20
108.620696
 42
0.009306
  0
VERTEX
  8
0
 10
329.786558
 20
107.948139
 42
0.027431
  0
VERTEX
  8
0
 10
330.810967
 20
107.559997
 42
0.048013
  0
VERTEX
  8
0
 10
331.910720
 20
107.324006
 42
0.236184
  0
VERTEX
  8
0
 10
332.489680
 20
107.534319
 42
0.169885
  0
VERTEX
  8
0
 10
332.784723
 20
108.191590
 42
0.023749
  0
VERTEX
  8
0
 10
332.842028
 20
109.703420
 42
-0.094571
  0
VERTEX
  8
0
 10
333.629862
 20
114.058143
 42
-0.014085
  0
VERTEX
  8
0
 10
337.081091
 20
122.319265
 42
-0.013662
  0
VERTEX
  8
0
 10
340.986784
 20
130.379564
 42
-0.102458
  0
VERTEX
  8
0
 10
343.650175
 20
133.654720
 42
0.000000
  0
VERTEX
  8
0
 10
346.293853
 20
135.809440
 42
0.000000
  0
VERTEX
  8
0
 10
342.186765
 20
137.904720
 42
0.020105
  0
VERTEX
  8
0
 10
338.724589
 20
139.499003
 42
0.090744
  0
VERTEX
  8
0
 10
336.556800
 20
139.961829
 42
0.285575
  0
VERTEX
  8
0
 10
335.584501
 20
139.396065
 42
0.201356
  0
SEQEND
  0
POLYLINE
  8
0
 66
1
 70
1
  0
VERTEX
  8
0
 10
349.000000
 20
131.050015
 42
-0.090419
  0
VERTEX
  8
0
 10
348.242499
 20
126.895421
 42
-0.012530
  0
VERTEX
  8
0
 10
344.929923
 20
118.738377
 42
-0.011752
  0
VERTEX
  8
0
 10
341.217300
 20
110.734534
 42
-0.105256
  0
VERTEX
  8
0
 10
338.833163
 20
107.710081
 42
0.031610
  0
VERTEX
  8
0
 10
337.901124
 20
106.830065
 42
0.095889
  0
VERTEX
  8
0
 10
337.440191
 20
106.094387
 42
0.155186
  0
VERTEX
  8
0
 10
337.401253
 20
105.452595
 42
0.135337
  0
VERTEX
  8
0
 10
337.734656
 20
104.865344
 42
0.097150
  0
VERTEX
  8
0
 10
339.927433
 20
103.391736
 42
0.006057
  0
VERTEX
  8
0
 10
347.201516
 20
100.436512
 42
0.003389
  0
VERTEX
  8
0
 10
354.858253
 20
97.493089
 42
0.232510
  0
VERTEX
  8
0
 10
356.199228
 20
97.623130
 42
0.092124
  0
VERTEX
  8
0
 10
356.606562
 20
97.993053
 42
0.014434
  0
VERTEX
  8
0
 10
357.240430
 20
98.879258
 42
0.015631
  0
VERTEX
  8
0
 10
357.932676
 20
99.981519
 42
0.013066
  0
VERTEX
  8
0
 10
358.599284
 20
101.191995
 42
0.000000
  0
VERTEX
  8
0
 10
360.184346
 20
104.257165
 42
0.000000
  0
VERTEX
  8
0
 10
356.695949
 20
103.602738
 42
-0.067046
  0
VERTEX
  8
0
 10
353.766530
 20
103.451583
 42
-0.065308
  0
VERTEX
  8
0
 10
350.873771
 20
104.076536
 42
-0.077891
  0
VERTEX
  8
0
 10
348.720945
 20
105.248912
 42
-0.233263
  0
VERTEX
  8
0
 10
348.000000
 20
106.710175
 42
-0.096984
  0
VERTEX
  8
0
 10
348.360988
 20
108.553733
 42
-0.029723
  0
VERTEX
  8
0
 10
349.591183
 20
111.125625
 42
-0.024310
  0
VERTEX
  8
0
 10
351.049236
 20
113.481537
 42
-0.246835
  0
VERTEX
  8
0
 10
352.035468
 20
114.000000
 42
-0.128862
  0
VERTEX
  8
0
 10
352.525896
 20
113.871470
 42
-0.031394
  0
VERTEX
  8
0
 10
353.233527
 20
113.412500
 42
-0.030111
  0
VERTEX
  8
0
 10
354.004179
 20
112.765542
 42
-0.026039
  0
VERTEX
  8
0
 10
354.732028
 20
112.000000
 42
0.025470
  0
VERTEX
  8
0
 10
356.215291
 20
110.436371
 42
0.227099
  0
VERTEX
  8
0
 10
357.092382
 20
110.151332
 42
0.230471
  0
VERTEX
  8
0
 10
357.855978
 20
110.657572
 42
0.026206
  0
VERTEX
  8
0
 10
358.839485
 20
112.547053
 42
0.030031
  0
VERTEX
  8
0
 10
359.881274
 20
115.253205
 42
0.157032
  0
VERTEX
  8
0
 10
359.874843
 20
116.829214
 42
0.243264
  0
VERTEX
  8
0
 10
358.982155
 20
117.708678
 42
0.075312
  0
VERTEX
  8
0
 10
357.059017
 20
118.000000
 42
-0.028127
  0
VERTEX
  8
0
 10
355.892628
 20
118.065665
 42
-0.034513
  0
VERTEX
  8
0
 10
354.819687
 20
118.262544
 42
-0.036945
  0
VERTEX
  8
0
 10
353.969273
 20
118.548454
 42
-0.156007
  0
VERTEX
  8
0
 10
353.565656
 20
118.893766
 42
-0.215223
  0
VERTEX
  8
0
 10
353.412864
 20
120.066145
 42
-0.014950
  0
VERTEX
  8
0
 10
354.499460
 20
123.298667
 42
-0.013337
  0
VERTEX
  8
0
 10
355.773620
 20
126.480920
 42
-0.299305
  0
VERTEX
  8
0
 10
356.563080
 20
127.000000
 42
-0.123041
  0
VERTEX
  8
0
 10
358.346918
 20
126.554282
 42
-0.043326
  0
VERTEX
  8
0
 10
360.574726
 20
125.106446
 42
-0.042026
  0
VERTEX
  8
0
 10
362.463489
 20
123.357785
 42
-0.187112
  0
VERTEX
  8
0
 10
363.000000
 20
121.974320
 42
0.051124
  0
VERTEX
  8
0
 10
363.077445
 20
121.218878
 42
0.071065
  0
VERTEX
  8
0
 10
363.307930
 20
120.579956
 42
0.091136
  0
VERTEX
  8
0
 10
363.648146
 20
120.150416
 42
0.181751
  0
VERTEX
  8
0
 10
364.048274
 20
120.000000
 42
0.265711
  0
VERTEX
  8
0
 10
365.035483
 20
120.564480
 42
0.023959
  0
VERTEX
  8
0
 10
366.411294
 20
123.181257
 42
0.024845
  0
VERTEX
  8
0
 10
367.528038
 20
125.925632
 42
0.226339
  0
VERTEX
  8
0
 10
367.392126
 20
127.174544
 42
0.159985
  0
VERTEX
  8
0
 10
366.453872
 20
127.964728
 42
0.002012
  0
VERTEX
  8
0
 10
359.105503
 20
130.888121
 42
0.003127
  0
VERTEX
  8
0
 10
351.954849
 20
133.648062
 42
0.090773
  0
VERTEX
  8
0
 10
350.032260
 20
134.000000
 42
0.247492
  0
VERTEX
  8
0
 10
349.636008
 20
133.791064
 42
0.066027
  0
VERTEX
  8
0
 10
349.303226
 20
133.133442
 42
0.050969
  0
VERTEX
  8
0
 10
349.075200
 20
132.180007
 42
0.033238
  0
SEQEND
  0
POLYLINE
  8
0
 66
1
 70
1
  0
VERTEX
  8
0
 10
371.889309
 20
125.197652
 42
0.038742
  0
VERTEX
  8
0
 10
371.857007
 20
124.794256
 42
0.006898
  0
VERTEX
  8
0
 10
371.865593
 20
124.036966
 42
0.007422
  0
VERTEX
  8
0
 10
371.901158
 20
123.147802
 42
0.006633
  0
VERTEX
  8
0
 10
371.964011
 20
122.226062
 42
-0.077272
  0
VERTEX
  8
0
 10
371.860011
 20
120.801716
 42
-0.007302
  0
VERTEX
  8
0
 10
371.019510
 20
117.392635
 42
-0.009206
  0
VERTEX
  8
0
 10
369.876867
 20
113.338848
 42
-0.007122
  0
VERTEX
  8
0
 10
368.488348
 20
108.965030
 42
-0.008005
  0
VERTEX
  8
0
 10
366.660022
 20
103.757586
 42
-0.023287
  0
VERTEX
  8
0
 10
365.174564
 20
100.246381
 42
-0.032394
  0
VERTEX
  8
0
 10
363.872674
 20
97.927405
 42
-0.126436
  0
VERTEX
  8
0
 10
362.671621
 20
96.824257
 42
0.034003
  0
VERTEX
  8
0
 10
361.480327
 20
96.078410
 42
0.395254
  0
VERTEX
  8
0
 10
361.385058
 20
95.584702
 42
0.143114
  0
VERTEX
  8
0
 10
361.971632
 20
95.065752
 42
0.006132
  0
VERTEX
  8
0
 10
364.507975
 20
93.909452
 42
0.007030
  0
VERTEX
  8
0
 10
368.082873
 20
92.392029
 42
0.136801
  0
VERTEX
  8
0
 10
369.264201
 20
92.255044
 42
0.343061
  0
VERTEX
  8
0
 10
369.815636
 20
92.842988
 42
0.040894
  0
VERTEX
  8
0
 10
369.835976
 20
94.750000
 42
-0.080897
  0
VERTEX
  8
0
 10
370.174122
 20
98.481825
 42
-0.019555
  0
VERTEX
  8
0
 10
371.958313
 20
104.440895
 42
-0.016817
  0
VERTEX
  8
0
 10
374.013663
 20
109.841528
 42
-0.627905
  0
VERTEX
  8
0
 10
375.023575
 20
109.894236
 42
-0.049457
  0
VERTEX
  8
0
 10
375.436817
 20
108.924233
 42
-0.003186
  0
VERTEX
  8
0
 10
376.338545
 20
105.983502
 42
-0.004629
  0
VERTEX
  8
0
 10
377.360172
 20
102.455989
 42
-0.003430
  0
VERTEX
  8
0
 10
378.426493
 20
98.538963
 42
0.009390
  0
VERTEX
  8
0
 10
380.077185
 20
92.748513
 42
0.041243
  0
VERTEX
  8
0
 10
381.390916
 20
89.449042
 42
0.080255
  0
VERTEX
  8
0
 10
382.679194
 20
87.650323
 42
0.193809
  0
VERTEX
  8
0
 10
384.155427
 20
87.015313
 42
0.315305
  0
VERTEX
  8
0
 10
384.747166
 20
87.409392
 42
0.002056
  0
VERTEX
  8
0
 10
387.121059
 20
93.561036
 42
0.007191
  0
VERTEX
  8
0
 10
389.706131
 20
100.647376
 42
0.004817
  0
VERTEX
  8
0
 10
392.467416
 20
108.821314
 42
-0.019179
  0
VERTEX
  8
0
 10
393.236116
 20
110.898122
 42
-0.024710
  0
VERTEX
  8
0
 10
394.106838
 20
112.736846
 42
-0.023830
  0
VERTEX
  8
0
 10
394.960392
 20
114.162978
 42
-0.155591
  0
VERTEX
  8
0
 10
395.604053
 20
114.678303
 42
0.138891
  0
VERTEX
  8
0
 10
396.701514
 20
115.499552
 42
0.233750
  0
VERTEX
  8
0
 10
396.917575
 20
116.604499
 42
0.177913
  0
VERTEX
  8
0
 10
396.147334
 20
117.687310
 42
0.088847
  0
VERTEX
  8
0
 10
394.592901
 20
118.387327
 42
-0.007061
  0
VERTEX
  8
0
 10
393.552943
 20
118.664008
 42
-0.005321
  0
VERTEX
  8
0
 10
392.417699
 20
118.996350
 42
-0.005381
  0
VERTEX
  8
0
 10
391.357068
 20
119.331658
 42
-0.012363
  0
VERTEX
  8
0
 10
390.568140
 20
119.612226
 42
0.084447
  0
VERTEX
  8
0
 10
389.779148
 20
119.770449
 42
0.265596
  0
VERTEX
  8
0
 10
389.319976
 20
119.525659
 42
0.137797
  0
VERTEX
  8
0
 10
389.112901
 20
118.826479
 42
0.021285
  0
VERTEX
  8
0
 10
389.154517
 20
117.366490
 42
-0.073187
  0
VERTEX
  8
0
 10
388.926297
 20
114.331360
 42
-0.018233
  0
VERTEX
  8
0
 10
387.654759
 20
109.505443
 42
-0.010538
  0
VERTEX
  8
0
 10
386.086731
 20
104.695980
 42
-0.318828
  0
VERTEX
  8
0
 10
385.106213
 20
104.000000
 42
-0.317657
  0
VERTEX
  8
0
 10
384.746126
 20
104.254444
 42
-0.004701
  0
VERTEX
  8
0
 10
383.857429
 20
106.839806
 42
-0.010770
  0
VERTEX
  8
0
 10
382.891353
 20
109.961247
 42
-0.006661
  0
VERTEX
  8
0
 10
381.884427
 20
113.667425
 42
0.005352
  0
VERTEX
  8
0
 10
380.214159
 20
119.879366
 42
0.060322
  0
VERTEX
  8
0
 10
379.236636
 20
122.231525
 42
0.128194
  0
VERTEX
  8
0
 10
377.958756
 20
123.551059
 42
0.053336
  0
VERTEX
  8
0
 10
375.697847
 20
124.615078
 42
0.016746
  0
VERTEX
  8
0
 10
374.271943
 20
125.055856
 42
0.028639
  0
VERTEX
  8
0
 10
373.053727
 20
125.314302
 42
0.029403
  0
VERTEX
  8
0
 10
372.134695
 20
125.400020
 42
0.378590
  0
SEQEND
  0
POLYLINE
  8
0
 66
1
 70
1
  0
VERTEX
  8
0
 10
593.811872
 20
121.750000
 42
0.109416
  0
VERTEX
  8
0
 10
593.057979
 20
120.818768
 42
0.089241
  0
VERTEX
  8
0
 10
592.697096
 20
119.585026
 42
0.048921
  0
VERTEX
  8
0
 10
592.680607
 20
117.711097
 42
0.010687
  0
VERTEX
  8
0
 10
593.036360
 20
114.500000
 42
-0.018633
  0
VERTEX
  8
0
 10
593.698351
 20
107.511922
 42
-0.016373
  0
VERTEX
  8
0
 10
593.877491
 20
100.184996
 42
-0.014356
  0
VERTEX
  8
0
 10
593.638246
 20
93.723343
 42
-0.090699
  0
VERTEX
  8
0
 10
592.837559
 20
90.542827
 42
0.044079
  0
VERTEX
  8
0
 10
592.086061
 20
88.414483
 42
0.331120
  0
VERTEX
  8
0
 10
592.466480
 20
87.484227
 42
0.192413
  0
VERTEX
  8
0
 10
593.757880
 20
87.271962
 42
0.018459
  0
VERTEX
  8
0
 10
596.902644
 20
88.088977
 42
0.033042
  0
VERTEX
  8
0
 10
599.477852
 20
89.049942
 42
0.142787
  0
VERTEX
  8
0
 10
600.706622
 20
90.099443
 42
0.243957
  0
VERTEX
  8
0
 10
600.828552
 20
91.294238
 42
0.102489
  0
VERTEX
  8
0
 10
599.915335
 20
92.684665
 42
-0.097756
  0
VERTEX
  8
0
 10
599.523152
 20
93.269762
 42
-0.045419
  0
VERTEX
  8
0
 10
599.247598
 20
94.145527
 42
-0.042640
  0
VERTEX
  8
0
 10
599.117539
 20
95.149460
 42
-0.046072
  0
VERTEX
  8
0
 10
599.165335
 20
96.134665
 42
-0.081387
  0
VERTEX
  8
0
 10
599.536413
 20
97.321754
 42
-0.108665
  0
VERTEX
  8
0
 10
600.245966
 20
98.195849
 42
-0.080000
  0
VERTEX
  8
0
 10
601.434545
 20
98.865044
 42
-0.027755
  0
VERTEX
  8
0
 10
603.321229
 20
99.443766
 42
-0.050628
  0
VERTEX
  8
0
 10
606.037370
 20
99.829203
 42
-0.170933
  0
VERTEX
  8
0
 10
607.725495
 20
99.309229
 42
-0.177891
  0
VERTEX
  8
0
 10
608.674716
 20
97.864531
 42
-0.055658
  0
VERTEX
  8
0
 10
608.984687
 20
95.250000
 42
0.041603
  0
VERTEX
  8
0
 10
609.062395
 20
94.388573
 42
0.060893
  0
VERTEX
  8
0
 10
609.283307
 20
93.660938
 42
0.079780
  0
VERTEX
  8
0
 10
609.603864
 20
93.166955
 42
0.212085
  0
VERTEX
  8
0
 10
609.979764
 20
93.000000
 42
0.084184
  0
VERTEX
  8
0
 10
611.097889
 20
93.189601
 42
0.003442
  0
VERTEX
  8
0
 10
614.957313
 20
94.567123
 42
0.003767
  0
VERTEX
  8
0
 10
618.768566
 20
95.989732
 42
0.074118
  0
VERTEX
  8
0
 10
619.855942
 20
96.601895
 42
0.419163
  0
VERTEX
  8
0
 10
619.882381
 20
96.828302
 42
0.006682
  0
VERTEX
  8
0
 10
618.974643
 20
97.926026
 42
0.013000
  0
VERTEX
  8
0
 10
617.808999
 20
99.227732
 42
0.007708
  0
VERTEX
  8
0
 10
616.355942
 20
100.721081
 42
-0.013682
  0
VERTEX
  8
0
 10
614.528066
 20
102.645101
 42
-0.005702
  0
VERTEX
  8
0
 10
612.164110
 20
105.334900
 42
-0.005636
  0
VERTEX
  8
0
 10
609.696909
 20
108.273980
 42
-0.007264
  0
VERTEX
  8
0
 10
607.500604
 20
111.031805
 42
0.002205
  0
VERTEX
  8
0
 10
605.458198
 20
113.650310
 42
0.002423
  0
VERTEX
  8
0
 10
603.455540
 20
116.169420
 42
0.002259
  0
VERTEX
  8
0
 10
601.723651
 20
118.306548
 42
0.012235
  0
VERTEX
  8
0
 10
600.750604
 20
119.438561
 42
-0.019101
  0
VERTEX
  8
0
 10
600.080406
 20
120.240255
 42
-0.022807
  0
VERTEX
  8
0
 10
599.514240
 20
121.046031
 42
-0.022364
  0
VERTEX
  8
0
 10
599.104957
 20
121.757284
 42
-0.119931
  0
VERTEX
  8
0
 10
599.000000
 20
122.188561
 42
0.341211
  0
VERTEX
  8
0
 10
598.496854
 20
122.840017
 42
0.085163
  0
VERTEX
  8
0
 10
597.065055
 20
122.962857
 42
0.065614
  0
VERTEX
  8
0
 10
595.287049
 20
122.573893
 42
0.081649
  0
SEQEND
  0
POLYLINE
  8
0
 66
1
 70
1
  0
VERTEX
  8
0
 10
601.380095
 20
107.357995
 42
-0.018153
  0
VERTEX
  8
0
 10
602.332179
 20
105.947035
 42
-0.103736
  0
VERTEX
  8
0
 10
602.640837
 20
105.102936
 42
-0.194598
  0
VERTEX
  8
0
 10
602.487287
 20
104.477001
 42
-0.095725
  0
VERTEX
  8
0
 10
601.880095
 20
103.905676
 42
-0.088716
  0
VERTEX
  8
0
 10
600.422064
 20
103.311218
 42
-0.223453
  0
VERTEX
  8
0
 10
599.332409
 20
103.565795
 42
-0.159159
  0
VERTEX
  8
0
 10
598.584658
 20
104.692479
 42
-0.042981
  0
VERTEX
  8
0
 10
598.186642
 20
106.827012
 42
-0.033249
  0
VERTEX
  8
0
 10
598.111914
 20
109.164034
 42
-0.356981
  0
VERTEX
  8
0
 10
598.693845
 20
109.827168
 42
-0.258718
  0
VERTEX
  8
0
 10
599.679246
 20
109.476857
 42
-0.023254
  0
SEQEND
  0
POLYLINE
  8
0
 66
1
 70
1
  0
VERTEX
  8
0
 10
580.000000
 20
117.277472
 42
-0.000613
  0
VERTEX
  8
0
 10
579.263542
 20
117.001283
 42
-0.000248
  0
VERTEX
  8
0
 10
578.258873
 20
116.626483
 42
-0.000246
  0
VERTEX
  8
0
 10
577.177554
 20
116.224304
 42
-0.000312
  0
VERTEX
  8
0
 10
576.179142
 20
115.854230
 42
0.000000
  0
VERTEX
  8
0
 10
573.858284
 20
114.995621
 42
0.000000
  0
VERTEX
  8
0
 10
575.841340
 20
112.474574
 42
-0.067916
  0
VERTEX
  8
0
 10
576.747481
 20
110.931199
 42
-0.013303
  0
VERTEX
  8
0
 10
577.910398
 20
107.921009
 42
-0.013894
  0
VERTEX
  8
0
 10
579.083398
 20
104.312283
 42
-0.012482
  0
VERTEX
  8
0
 10
580.100224
 20
100.513271
 42
-0.003895
  0
VERTEX
  8
0
 10
581.508232
 20
94.466406
 42
-0.045854
  0
VERTEX
  8
0
 10
581.819465
 20
92.073496
 42
-0.116247
  0
VERTEX
  8
0
 10
581.518403
 20
90.539212
 42
-0.077743
  0
VERTEX
  8
0
 10
580.533038
 20
89.036507
 42
-0.091314
  0
VERTEX
  8
0
 10
578.789284
 20
87.702322
 42
-0.091228
  0
VERTEX
  8
0
 10
576.684060
 20
87.076310
 42
-0.101622
  0
VERTEX
  8
0
 10
574.682545
 20
87.267968
 42
-0.147107
  0
VERTEX
  8
0
 10
573.216276
 20
88.250000
 42
-0.103670
  0
VERTEX
  8
0
 10
571.746214
 20
91.060397
 42
-0.007398
  0
VERTEX
  8
0
 10
569.461905
 20
99.628640
 42
-0.006362
  0
VERTEX
  8
0
 10
567.389926
 20
108.358870
 42
-0.132678
  0
VERTEX
  8
0
 10
567.505715
 20
111.018006
 42
0.044281
  0
VERTEX
  8
0
 10
567.683681
 20
111.818259
 42
0.094102
  0
VERTEX
  8
0
 10
567.647467
 20
112.449233
 42
0.148891
  0
VERTEX
  8
0
 10
567.408968
 20
112.846575
 42
0.185741
  0
VERTEX
  8
0
 10
567.010208
 20
113.000000
 42
0.056822
  0
VERTEX
  8
0
 10
565.122016
 20
112.784722
 42
0.008152
  0
VERTEX
  8
0
 10
561.342559
 20
111.846401
 42
0.002917
  0
VERTEX
  8
0
 10
557.311083
 20
110.750225
 42
0.336802
  0
VERTEX
  8
0
 10
557.000000
 20
110.340793
 42
0.132365
  0
VERTEX
  8
0
 10
557.072759
 20
110.070764
 42
0.006110
  0
VERTEX
  8
0
 10
557.565007
 20
109.246994
 42
0.009788
  0
VERTEX
  8
0
 10
558.186522
 20
108.278229
 42
0.006834
  0
VERTEX
  8
0
 10
558.923428
 20
107.209507
 42
-0.054081
  0
VERTEX
  8
0
 10
559.799593
 20
105.640445
 42
-0.012837
  0
VERTEX
  8
0
 10
560.899613
 20
102.850286
 42
-0.013058
  0
VERTEX
  8
0
 10
562.003524
 20
99.560525
 42
-0.012555
  0
VERTEX
  8
0
 10
562.949881
 20
96.174444
 42
0.009667
  0
VERTEX
  8
0
 10
563.867983
 20
92.814736
 42
0.010686
  0
VERTEX
  8
0
 10
564.887380
 20
89.604319
 42
0.010128
  0
VERTEX
  8
0
 10
565.869554
 20
86.905980
 42
0.052723
  0
VERTEX
  8
0
 10
566.592437
 20
85.499267
 42
0.177301
  0
VERTEX
  8
0
 10
571.178249
 20
82.086347
 42
0.128997
  0
VERTEX
  8
0
 10
577.589162
 20
81.879412
 42
0.124346
  0
VERTEX
  8
0
 10
583.450907
 20
84.869768
 42
0.160209
  0
VERTEX
  8
0
 10
586.509522
 20
90.043351
 42
0.072101
  0
VERTEX
  8
0
 10
586.624764
 20
91.635613
 42
0.013589
  0
VERTEX
  8
0
 10
586.336046
 20
94.546028
 42
0.014250
  0
VERTEX
  8
0
 10
585.804276
 20
97.959330
 42
0.012533
  0
VERTEX
  8
0
 10
585.059296
 20
101.487173
 42
-0.009013
  0
VERTEX
  8
0
 10
584.270987
 20
105.094400
 42
-0.008755
  0
VERTEX
  8
0
 10
583.604918
 20
108.762690
 42
-0.008694
  0
VERTEX
  8
0
 10
583.132091
 20
112.007027
 42
-0.031844
  0
VERTEX
  8
0
 10
583.000000
 20
114.078957
 42
0.015424
  0
VERTEX
  8
0
 10
582.921220
 20
116.632205
 42
0.174668
  0
VERTEX
  8
0
 10
582.526766
 20
117.545918
 42
0.264449
  0
VERTEX
  8
0
 10
581.733376
 20
117.791647
 42
0.035842
  0
SEQEND
  0
POLYLINE
  8
0
 66
1
 70
1
  0
VERTEX
  8
0
 10
402.888053
 20
113.500358
 42
0.093704
  0
VERTEX
  8
0
 10
400.775331
 20
111.775418
 42
0.068711
  0
VERTEX
  8
0
 10
399.159208
 20
109.209270
 42
0.070146
  0
VERTEX
  8
0
 10
398.326351
 20
106.364046
 42
0.108979
  0
VERTEX
  8
0
 10
398.510585
 20
103.823719
 42
0.044973
  0
VERTEX
  8
0
 10
398.961480
 20
102.692794
 42
0.015704
  0
VERTEX
  8
0
 10
399.803213
 20
101.154467
 42
0.015450
  0
VERTEX
  8
0
 10
400.840727
 20
99.510484
 42
0.017421
  0
VERTEX
  8
0
 10
401.939057
 20
98.000000
 42
-0.014378
  0
VERTEX
  8
0
 10
404.404959
 20
94.651787
 42
-0.039827
  0
VERTEX
  8
0
 10
405.873776
 20
92.124267
 42
-0.059892
  0
VERTEX
  8
0
 10
406.539520
 20
90.162586
 42
-0.144479
  0
VERTEX
  8
0
 10
406.419095
 20
88.649761
 42
-0.217442
  0
VERTEX
  8
0
 10
404.610297
 20
86.874039
 42
-0.165373
  0
VERTEX
  8
0
 10
401.798915
 20
86.817314
 42
-0.128812
  0
VERTEX
  8
0
 10
398.999130
 20
88.587566
 42
-0.126889
  0
VERTEX
  8
0
 10
397.407469
 20
91.512650
 42
0.053514
  0
VERTEX
  8
0
 10
396.725623
 20
93.364288
 42
0.291263
  0
VERTEX
  8
0
 10
395.853079
 20
93.892306
 42
0.256349
  0
VERTEX
  8
0
 10
394.906936
 20
93.344862
 42
0.045292
  0
VERTEX
  8
0
 10
393.975249
 20
91.434900
 42
0.041054
  0
VERTEX
  8
0
 10
393.160073
 20
88.613417
 42
0.131836
  0
VERTEX
  8
0
 10
393.282081
 20
86.678199
 42
0.144212
  0
VERTEX
  8
0
 10
394.341961
 20
85.166807
 42
0.052800
  0
VERTEX
  8
0
 10
396.565704
 20
83.750000
 42
0.131021
  0
VERTEX
  8
0
 10
404.874884
 20
82.055163
 42
0.198875
  0
VERTEX
  8
0
 10
411.418901
 20
85.232232
 42
0.210638
  0
VERTEX
  8
0
 10
413.567836
 20
91.918049
 42
0.142466
  0
VERTEX
  8
0
 10
410.500000
 20
99.440233
 42
-0.004117
  0
VERTEX
  8
0
 10
407.135496
 20
103.757156
 42
-0.038511
  0
VERTEX
  8
0
 10
405.850698
 20
105.731848
 42
-0.099165
  0
VERTEX
  8
0
 10
405.428788
 20
107.085444
 42
-0.118266
  0
VERTEX
  8
0
 10
405.602963
 20
108.407722
 42
-0.215953
  0
VERTEX
  8
0
 10
406.897283
 20
109.685622
 42
-0.146053
  0
VERTEX
  8
0
 10
408.998825
 20
109.819429
 42
-0.114215
  0
VERTEX
  8
0
 10
411.240663
 20
108.725651
 42
-0.111533
  0
VERTEX
  8
0
 10
412.797178
 20
106.750000
 42
0.032609
  0
VERTEX
  8
0
 10
413.929394
 20
104.727451
 42
0.217384
  0
VERTEX
  8
0
 10
414.878837
 20
104.122684
 42
0.316125
  0
VERTEX
  8
0
 10
415.701114
 20
104.543808
 42
0.055877
  0
VERTEX
  8
0
 10
416.369714
 20
106.250000
 42
0.035314
  0
VERTEX
  8
0
 10
416.926109
 20
109.123879
 42
0.141899
  0
VERTEX
  8
0
 10
416.641726
 20
110.871881
 42
0.148161
  0
VERTEX
  8
0
 10
415.476678
 20
112.154564
 42
0.039678
  0
VERTEX
  8
0
 10
412.979764
 20
113.391420
 42
0.023361
  0
VERTEX
  8
0
 10
409.724624
 20
114.520577
 42
0.069207
  0
VERTEX
  8
0
 10
407.391545
 20
114.870774
 42
0.082914
  0
VERTEX
  8
0
 10
405.296372
 20
114.544136
 42
0.044461
  0
SEQEND
  0
POLYLINE
  8
0
 66
1
 70
1
  0
VERTEX
  8
0
 10
534.940751
 20
105.296691
 42
0.126265
  0
VERTEX
  8
0
 10
530.292559
 20
98.787020
 42
0.109625
  0
VERTEX
  8
0
 10
529.032445
 20
90.478068
 42
0.108221
  0
VERTEX
  8
0
 10
531.406229
 20
82.329567
 42
0.120257
  0
VERTEX
  8
0
 10
536.913111
 20
76.279571
 42
0.033671
  0
VERTEX
  8
0
 10
538.417401
 20
75.406894
 42
0.026959
  0
VERTEX
  8
0
 10
540.139767
 20
74.669624
 42
0.027706
  0
VERTEX
  8
0
 10
541.813966
 20
74.160613
 42
0.060010
  0
VERTEX
  8
0
 10
543.147361
 20
74.000000
 42
-0.063802
  0
VERTEX
  8
0
 10
544.573861
 20
73.817229
 42
-0.021060
  0
VERTEX
  8
0
 10
546.598294
 20
73.197697
 42
-0.020585
  0
VERTEX
  8
0
 10
548.808664
 20
72.314191
 42
-0.021951
  0
VERTEX
  8
0
 10
550.890850
 20
71.268756
 42
0.015016
  0
VERTEX
  8
0
 10
553.604237
 20
69.858969
 42
0.057401
  0
VERTEX
  8
0
 10
555.401359
 20
69.234417
 42
0.082906
  0
VERTEX
  8
0
 10
556.932129
 20
69.151118
 42
0.056836
  0
VERTEX
  8
0
 10
558.631656
 20
69.539421
 42
0.081571
  0
VERTEX
  8
0
 10
560.680022
 20
70.660984
 42
0.144017
  0
VERTEX
  8
0
 10
561.792791
 20
72.216412
 42
0.285098
  0
VERTEX
  8
0
 10
561.518510
 20
73.439905
 42
0.201358
  0
VERTEX
  8
0
 10
560.184108
 20
74.000000
 42
-0.069430
  0
VERTEX
  8
0
 10
559.273769
 20
74.127022
 42
-0.032163
  0
VERTEX
  8
0
 10
558.146108
 20
74.527922
 42
-0.031087
  0
VERTEX
  8
0
 10
556.996022
 20
75.109289
 42
-0.037635
  0
VERTEX
  8
0
 10
556.002142
 20
75.797182
 42
0.000000
  0
VERTEX
  8
0
 10
553.782715
 20
77.594365
 42
0.000000
  0
VERTEX
  8
0
 10
555.887620
 20
81.047182
 42
0.114807
  0
VERTEX
  8
0
 10
557.922483
 20
87.211310
 42
0.074582
  0
VERTEX
  8
0
 10
557.480810
 20
94.733242
 42
0.075809
  0
VERTEX
  8
0
 10
554.881085
 20
101.663789
 42
0.128963
  0
VERTEX
  8
0
 10
550.613491
 20
106.093977
 42
0.079869
  0
VERTEX
  8
0
 10
546.788177
 20
107.658265
 42
0.070017
  0
VERTEX
  8
0
 10
542.483354
 20
108.042313
 42
0.071536
  0
VERTEX
  8
0
 10
538.328792
 20
107.227547
 42
0.091005
  0
SEQEND
  0
POLYLINE
  8
0
 66
1
 70
1
  0
VERTEX
  8
0
 10
546.378494
 20
101.536607
 42
-0.090916
  0
VERTEX
  8
0
 10
549.289772
 20
96.955124
 42
-0.067939
  0
VERTEX
  8
0
 10
550.767799
 20
91.144196
 42
-0.071480
  0
VERTEX
  8
0
 10
550.602079
 20
85.492684
 42
-0.135402
  0
VERTEX
  8
0
 10
548.671378
 20
81.404343
 42
-0.030498
  0
VERTEX
  8
0
 10
547.368534
 20
80.064347
 42
-0.087781
  0
VERTEX
  8
0
 10
546.276489
 20
79.374560
 42
-0.104379
  0
VERTEX
  8
0
 10
545.129106
 20
79.165480
 42
-0.054590
  0
VERTEX
  8
0
 10
543.684028
 20
79.364456
 42
-0.111082
  0
VERTEX
  8
0
 10
541.200618
 20
80.617086
 42
-0.093902
  0
VERTEX
  8
0
 10
539.312631
 20
82.880888
 42
-0.070664
  0
VERTEX
  8
0
 10
538.012253
 20
86.265870
 42
-0.033827
  0
VERTEX
  8
0
 10
537.277615
 20
90.875038
 42
-0.022013
  0
VERTEX
  8
0
 10
537.046494
 20
95.851295
 42
-0.061455
  0
VERTEX
  8
0
 10
537.465358
 20
99.314482
 42
-0.096149
  0
VERTEX
  8
0
 10
538.534067
 20
101.615376
 42
-0.141356
  0
VERTEX
  8
0
 10
540.279917
 20
102.979905
 42
-0.023471
  0
VERTEX
  8
0
 10
542.421533
 20
103.726946
 42
-0.131011
  0
VERTEX
  8
0
 10
543.626243
 20
103.760870
 42
-0.126937
  0
VERTEX
  8
0
 10
544.707110
 20
103.191397
 42
-0.021492
  0
SEQEND
  0
POLYLINE
  8
0
 66
1
 70
1
  0
VERTEX
  8
0
 10
438.586534
 20
103.184209
 42
-0.065481
  0
VERTEX
  8
0
 10
438.739034
 20
97.697720
 42
-0.016280
  0
VERTEX
  8
0
 10
437.522635
 20
88.778534
 42
-0.011059
  0
VERTEX
  8
0
 10
435.810385
 20
79.885854
 42
-0.177814
  0
VERTEX
  8
0
 10
434.201351
 20
77.343672
 42
0.022732
  0
VERTEX
  8
0
 10
433.284404
 20
76.571310
 42
0.186714
  0
VERTEX
  8
0
 10
433.048102
 20
76.089707
 42
0.234598
  0
VERTEX
  8
0
 10
433.224697
 20
75.639610
 42
0.036601
  0
VERTEX
  8
0
 10
434.000000
 20
75.034316
 42
0.076256
  0
VERTEX
  8
0
 10
434.829787
 20
74.646214
 42
0.023705
  0
VERTEX
  8
0
 10
436.171273
 20
74.320961
 42
0.023087
  0
VERTEX
  8
0
 10
437.726017
 20
74.095040
 42
0.023527
  0
VERTEX
  8
0
 10
439.285184
 20
74.015313
 42
0.009705
  0
VERTEX
  8
0
 10
441.621185
 20
74.051205
 42
0.160948
  0
VERTEX
  8
0
 10
442.341103
 20
74.317208
 42
0.322131
  0
VERTEX
  8
0
 10
442.495536
 20
74.865738
 42
0.035656
  0
VERTEX
  8
0
 10
441.932542
 20
76.126046
 42
-0.085975
  0
VERTEX
  8
0
 10
441.452074
 20
77.576549
 42
-0.040287
  0
VERTEX
  8
0
 10
441.317664
 20
79.555712
 42
-0.026854
  0
VERTEX
  8
0
 10
441.501327
 20
82.316892
 42
-0.008687
  0
VERTEX
  8
0
 10
442.062953
 20
86.376046
 42
0.000000
  0
VERTEX
  8
0
 10
443.331188
 20
94.500000
 42
0.000000
  0
VERTEX
  8
0
 10
448.559110
 20
83.599344
 42
0.008161
  0
VERTEX
  8
0
 10
450.679071
 20
79.358005
 42
0.011340
  0
VERTEX
  8
0
 10
452.724654
 20
75.635870
 42
0.007982
  0
VERTEX
  8
0
 10
454.539156
 20
72.616748
 42
0.126537
  0
VERTEX
  8
0
 10
455.398347
 20
71.796950
 42
0.327969
  0
VERTEX
  8
0
 10
456.869271
 20
71.979725
 42
0.123174
  0
VERTEX
  8
0
 10
458.053651
 20
73.834748
 42
0.039025
  0
VERTEX
  8
0
 10
459.144299
 20
78.195006
 42
0.005714
  0
VERTEX
  8
0
 10
460.558789
 20
87.208134
 42
-0.009398
  0
VERTEX
  8
0
 10
461.289155
 20
91.648149
 42
-0.012541
  0
VERTEX
  8
0
 10
462.128538
 20
95.646769
 42
-0.009807
  0
VERTEX
  8
0
 10
462.970982
 20
98.924044
 42
-0.114100
  0
VERTEX
  8
0
 10
463.599458
 20
100.078741
 42
0.057144
  0
VERTEX
  8
0
 10
464.817116
 20
101.815413
 42
0.252388
  0
VERTEX
  8
0
 10
464.820594
 20
103.022575
 42
0.226020
  0
VERTEX
  8
0
 10
463.789501
 20
103.781741
 42
0.047557
  0
VERTEX
  8
0
 10
461.500000
 20
104.000000
 42
0.011090
  0
VERTEX
  8
0
 10
458.366775
 20
103.930497
 42
0.132443
  0
VERTEX
  8
0
 10
457.222590
 20
103.566868
 42
0.242396
  0
VERTEX
  8
0
 10
456.757402
 20
102.762097
 42
0.045017
  0
VERTEX
  8
0
 10
456.830529
 20
101.000000
 42
-0.048952
  0
VERTEX
  8
0
 10
456.945540
 20
97.580817
 42
-0.021475
  0
VERTEX
  8
0
 10
456.460380
 20
93.070095
 42
-0.013904
  0
VERTEX
  8
0
 10
455.703317
 20
88.859437
 42
-0.520187
  0
VERTEX
  8
0
 10
454.945312
 20
88.533799
 42
-0.139714
  0
VERTEX
  8
0
 10
453.966542
 20
89.606610
 42
-0.003677
  0
VERTEX
  8
0
 10
451.105003
 20
95.461410
 42
-0.004430
  0
VERTEX
  8
0
 10
448.378816
 20
101.276418
 42
-0.107798
  0
VERTEX
  8
0
 10
448.000000
 20
103.013066
 42
0.221723
  0
VERTEX
  8
0
 10
447.426692
 20
104.242354
 42
0.048620
  0
VERTEX
  8
0
 10
445.452038
 20
105.595783
 42
0.048439
  0
VERTEX
  8
0
 10
443.006217
 20
106.649800
 42
0.077679
  0
VERTEX
  8
0
 10
440.765676
 20
107.000000
 42
0.031941
  0
VERTEX
  8
0
 10
439.098586
 20
106.893394
 42
0.235248
  0
VERTEX
  8
0
 10
438.455056
 20
106.462687
 42
0.157656
  0
VERTEX
  8
0
 10
438.268373
 20
105.569980
 42
0.012995
  0
SEQEND
  0
POLYLINE
  8
0
 66
1
 70
1
  0
VERTEX
  8
0
 10
519.250000
 20
104.276604
 42
0.038366
  0
VERTEX
  8
0
 10
517.248208
 20
103.870482
 42
0.149632
  0
VERTEX
  8
0
 10
516.199560
 20
103.192521
 42
0.314292
  0
VERTEX
  8
0
 10
516.125733
 20
102.381565
 42
0.125395
  0
VERTEX
  8
0
 10
516.942222
 20
101.535709
 42
-0.200240
  0
VERTEX
  8
0
 10
517.788458
 20
100.355275
 42
-0.017840
  0
VERTEX
  8
0
 10
518.497165
 20
96.690759
 42
-0.024068
  0
VERTEX
  8
0
 10
518.924298
 20
92.722859
 42
-0.043246
  0
VERTEX
  8
0
 10
518.834872
 20
89.451654
 42
-0.117860
  0
VERTEX
  8
0
 10
518.379226
 20
88.197204
 42
-0.436994
  0
VERTEX
  8
0
 10
517.641906
 20
88.075355
 42
-0.057986
  0
VERTEX
  8
0
 10
516.215711
 20
89.475089
 42
-0.002718
  0
VERTEX
  8
0
 10
512.000000
 20
94.758332
 42
0.015304
  0
VERTEX
  8
0
 10
507.551316
 20
100.054444
 42
0.081721
  0
VERTEX
  8
0
 10
504.621834
 20
102.415931
 42
0.140590
  0
VERTEX
  8
0
 10
501.887510
 20
103.073561
 42
0.080947
  0
VERTEX
  8
0
 10
498.545902
 20
102.379241
 42
0.052320
  0
VERTEX
  8
0
 10
497.686209
 20
101.941516
 42
0.251443
  0
VERTEX
  8
0
 10
497.430396
 20
101.476162
 42
0.135361
  0
VERTEX
  8
0
 10
497.609688
 20
100.799826
 42
0.012956
  0
VERTEX
  8
0
 10
498.515608
 20
99.335834
 42
-0.119179
  0
VERTEX
  8
0
 10
499.907700
 20
95.435225
 42
-0.011178
  0
VERTEX
  8
0
 10
500.760440
 20
85.210431
 42
-0.007327
  0
VERTEX
  8
0
 10
501.248902
 20
74.644914
 42
-0.268370
  0
VERTEX
  8
0
 10
500.145186
 20
72.589730
 42
0.126952
  0
VERTEX
  8
0
 10
499.161312
 20
71.564195
 42
0.395037
  0
VERTEX
  8
0
 10
499.369190
 20
70.715934
 42
0.121421
  0
VERTEX
  8
0
 10
500.993689
 20
70.147918
 42
0.023682
  0
VERTEX
  8
0
 10
504.115010
 20
70.000000
 42
0.005011
  0
VERTEX
  8
0
 10
507.523925
 20
70.034164
 42
0.133963
  0
VERTEX
  8
0
 10
508.386741
 20
70.288245
 42
0.383090
  0
VERTEX
  8
0
 10
508.550939
 20
70.845833
 42
0.033170
  0
VERTEX
  8
0
 10
507.762516
 20
72.250000
 42
-0.105452
  0
VERTEX
  8
0
 10
506.656828
 20
75.119335
 42
-0.014356
  0
VERTEX
  8
0
 10
505.824784
 20
81.534737
 42
-0.008642
  0
VERTEX
  8
0
 10
505.275143
 20
88.143209
 42
-0.433589
  0
VERTEX
  8
0
 10
506.077416
 20
89.000000
 42
-0.212138
  0
VERTEX
  8
0
 10
506.569181
 20
88.781524
 42
-0.004583
  0
VERTEX
  8
0
 10
508.355287
 20
86.767428
 42
-0.009696
  0
VERTEX
  8
0
 10
510.410022
 20
84.312648
 42
-0.006291
  0
VERTEX
  8
0
 10
512.693896
 20
81.399755
 42
0.000313
  0
VERTEX
  8
0
 10
514.998560
 20
78.386841
 42
0.000403
  0
VERTEX
  8
0
 10
517.120591
 20
75.620904
 42
0.000306
  0
VERTEX
  8
0
 10
518.902876
 20
73.304618
 42
0.003528
  0
VERTEX
  8
0
 10
519.610243
 20
72.399755
 42
0.067166
  0
VERTEX
  8
0
 10
520.167146
 20
71.863938
 42
0.045781
  0
VERTEX
  8
0
 10
520.921652
 20
71.411178
 42
0.045747
  0
VERTEX
  8
0
 10
521.746816
 20
71.102894
 42
0.066627
  0
VERTEX
  8
0
 10
522.515550
 20
71.000000
 42
0.279766
  0
VERTEX
  8
0
 10
523.481685
 20
71.586489
 42
0.100984
  0
VERTEX
  8
0
 10
523.941541
 20
73.195723
 42
0.028296
  0
VERTEX
  8
0
 10
524.012189
 20
76.644768
 42
0.002328
  0
VERTEX
  8
0
 10
523.645586
 20
85.635823
 42
-0.004784
  0
VERTEX
  8
0
 10
523.405298
 20
92.337622
 42
-0.013316
  0
VERTEX
  8
0
 10
523.406996
 20
97.046924
 42
-0.013379
  0
VERTEX
  8
0
 10
523.586822
 20
100.389501
 42
-0.154262
  0
VERTEX
  8
0
 10
524.076369
 20
101.592018
 42
0.122849
  0
VERTEX
  8
0
 10
524.580786
 20
102.640922
 42
0.118021
  0
VERTEX
  8
0
 10
524.543991
 20
103.820692
 42
0.154922
  0
VERTEX
  8
0
 10
524.010103
 20
104.647191
 42
0.233473
  0
VERTEX
  8
0
 10
523.190983
 20
104.839963
 42
-0.019312
  0
VERTEX
  8
0
 10
522.757106
 20
104.756981
 42
-0.002092
  0
VERTEX
  8
0
 10
521.748289
 20
104.608461
 42
-0.002565
  0
VERTEX
  8
0
 10
520.545062
 20
104.442755
 42
-0.002065
  0
SEQEND
  0
POLYLINE
  8
0
 66
1
 70
1
  0
VERTEX
  8
0
 10
468.852742
 20
89.308558
 42
0.010130
  0
VERTEX
  8
0
 10
469.319136
 20
79.180040
 42
0.072804
  0
VERTEX
  8
0
 10
470.344006
 20
74.409712
 42
0.146790
  0
VERTEX
  8
0
 10
472.406169
 20
71.688462
 42
0.085137
  0
VERTEX
  8
0
 10
476.110376
 20
69.848784
 42
0.069163
  0
VERTEX
  8
0
 10
480.130196
 20
69.228950
 42
0.082898
  0
VERTEX
  8
0
 10
483.911168
 20
69.802458
 42
0.088253
  0
VERTEX
  8
0
 10
487.118035
 20
71.521225
 42
0.091889
  0
VERTEX
  8
0
 10
489.482808
 20
74.220285
 42
0.054864
  0
VERTEX
  8
0
 10
490.442543
 20
76.331861
 42
0.035241
  0
VERTEX
  8
0
 10
491.099916
 20
78.944123
 42
0.024859
  0
VERTEX
  8
0
 10
491.545213
 20
82.449071
 42
0.008912
  0
VERTEX
  8
0
 10
491.841376
 20
87.476580
 42
-0.009518
  0
VERTEX
  8
0
 10
492.110522
 20
91.952963
 42
-0.018680
  0
VERTEX
  8
0
 10
492.525097
 20
95.497131
 42
-0.022198
  0
VERTEX
  8
0
 10
493.062228
 20
98.171765
 42
-0.084567
  0
VERTEX
  8
0
 10
493.740418
 20
99.726580
 42
0.031605
  0
VERTEX
  8
0
 10
494.551856
 20
101.154196
 42
0.383373
  0
VERTEX
  8
0
 10
494.392439
 20
101.711690
 42
0.135919
  0
VERTEX
  8
0
 10
493.539225
 20
101.966218
 42
0.004933
  0
VERTEX
  8
0
 10
490.115010
 20
102.000000
 42
0.024256
  0
VERTEX
  8
0
 10
487.055964
 20
101.851515
 42
0.112708
  0
VERTEX
  8
0
 10
485.389400
 20
101.296511
 42
0.381562
  0
VERTEX
  8
0
 10
485.138207
 20
100.472328
 42
0.147055
  0
VERTEX
  8
0
 10
486.000000
 20
99.500000
 42
-0.252233
  0
VERTEX
  8
0
 10
486.868504
 20
97.993847
 42
-0.007835
  0
VERTEX
  8
0
 10
486.966147
 20
90.618153
 42
-0.015146
  0
VERTEX
  8
0
 10
486.729390
 20
83.385249
 42
-0.052016
  0
VERTEX
  8
0
 10
485.949571
 20
78.757795
 42
-0.086935
  0
VERTEX
  8
0
 10
484.534648
 20
75.785729
 42
-0.161642
  0
VERTEX
  8
0
 10
482.404648
 20
74.224459
 42
-0.185247
  0
VERTEX
  8
0
 10
479.981188
 20
74.356250
 42
-0.117191
  0
VERTEX
  8
0
 10
477.707264
 20
76.099246
 42
-0.072413
  0
VERTEX
  8
0
 10
476.671996
 20
77.830580
 42
-0.070447
  0
VERTEX
  8
0
 10
476.160982
 20
79.801575
 42
-0.035395
  0
VERTEX
  8
0
 10
476.034011
 20
82.804399
 42
-0.005457
  0
VERTEX
  8
0
 10
476.269225
 20
88.768902
 42
-0.009292
  0
VERTEX
  8
0
 10
476.547371
 20
92.798747
 42
-0.012741
  0
VERTEX
  8
0
 10
476.957102
 20
96.409977
 42
-0.009496
  0
VERTEX
  8
0
 10
477.428314
 20
99.377988
 42
-0.129792
  0
VERTEX
  8
0
 10
477.884567
 20
100.360912
 42
0.134584
  0
VERTEX
  8
0
 10
478.430362
 20
101.566338
 42
0.316397
  0
VERTEX
  8
0
 10
478.017932
 20
102.408795
 42
0.108694
  0
VERTEX
  8
0
 10
476.399717
 20
102.884893
 42
0.017372
  0
VERTEX
  8
0
 10
473.083333
 20
103.000546
 42
0.000000
  0
VERTEX
  8
0
 10
468.500000
 20
103.001092
 42
0.000000
  0
SEQEND
  0
ENDSEC
  0
EOF
